Compilación iniciada a las 02/03/2026 1:01:33.
El nivel de detalle de registro está establecido en Detailed.     0>Proceso: "C:\Program Files\dotnet\dotnet.exe"
       Ruta de acceso al ejecutable de MSBuild: "C:\Program Files\dotnet\sdk\8.0.413\MSBuild.dll"
       Argumentos de la línea de comandos: "C:\Program Files\dotnet\sdk\8.0.413\MSBuild.dll -maxcpucount -verbosity:m -nologo -restore -consoleloggerparameters:Summary --property:Platform=x64 -fl -flp:logfile=build.log -distributedlogger:Microsoft.DotNet.Tools.MSBuild.MSBuildLogger,C:\Program Files\dotnet\sdk\8.0.413\dotnet.dll*Microsoft.DotNet.Tools.MSBuild.MSBuildForwardingLogger,C:\Program Files\dotnet\sdk\8.0.413\dotnet.dll"
       Directorio actual: "C:\Users\Sergio\Desktop\Proyectos\BetterWinTab"
       Versión de MSBuild: "17.11.38+901dc04e4"
       De acuerdo con la clave del Registro de Windows LongPathsEnabled, la característica LongPaths está deshabilitada.
       Ensamblado cargado durante Evaluation: Microsoft.NET.StringTools, Version=1.0.0.0, Culture=neutral, PublicKeyToken=b03f5f7f11d50a3a(ubicación: C:\Program Files\dotnet\sdk\8.0.413\Microsoft.NET.StringTools.dll, MVID: 9846d12f-388c-4e47-9572-97431150909f, AssemblyLoadContext: Default)
       Propiedad "MSBuildExtensionsPath" con el valor "C:\Program Files\dotnet\sdk\8.0.413\" expandido desde el entorno.
       Ensamblado cargado durante Evaluation: System.Threading.Tasks.Parallel, Version=8.0.0.0, Culture=neutral, PublicKeyToken=b03f5f7f11d50a3a(ubicación: C:\Program Files\dotnet\shared\Microsoft.NETCore.App\8.0.19\System.Threading.Tasks.Parallel.dll, MVID: 3042346d-78f0-4fb3-8cbc-1a7b995d4f02, AssemblyLoadContext: Default)
       Reasignación de propiedad: $(_GenerateRestoreGraphProjectEntryInputProperties)="
             ExcludeRestorePackageImports=true;
             _RestoreSolutionFileUsed=true;
             SolutionDir=C:\Users\Sergio\Desktop\Proyectos\BetterWinTab\;
             SolutionName=BetterWinTab;
             SolutionFileName=BetterWinTab.sln;
             SolutionPath=C:\Users\Sergio\Desktop\Proyectos\BetterWinTab\BetterWinTab.sln;
             SolutionExt=.sln;
           " (valor anterior: "ExcludeRestorePackageImports=true") en C:\Program Files\dotnet\sdk\8.0.413\NuGet.targets (101,5)
       Invalidando el destino "Restore" del proyecto"C:\Users\Sergio\Desktop\Proyectos\BetterWinTab\BetterWinTab.sln.metaproj" con el destino "Restore" del proyecto "C:\Program Files\dotnet\sdk\8.0.413\NuGet.targets".
       El destino "Store" que aparece en un atributo BeforeTargets en "C:\Program Files\dotnet\sdk\8.0.413\Current\SolutionFile\ImportAfter\Microsoft.NET.Sdk.Solution.targets (33,11)" no existe en el proyecto y se omitirá.
       El destino "VSTest" que aparece en un atributo BeforeTargets en "C:\Program Files\dotnet\sdk\8.0.413\Current\SolutionFile\ImportAfter\Microsoft.NET.Sdk.Solution.targets (33,11)" no existe en el proyecto y se omitirá.
       El destino "_CheckForInvalidConfigurationAndPlatform" que aparece en un atributo BeforeTargets en "C:\Program Files\dotnet\sdk\8.0.413\NuGet.targets (667,11)" no existe en el proyecto y se omitirá.
     1>Proyecto "C:\Users\Sergio\Desktop\Proyectos\BetterWinTab\BetterWinTab.sln" en el nodo 1 (Restore destinos).
     1>Destino "ValidateSolutionConfiguration" en el archivo "C:\Users\Sergio\Desktop\Proyectos\BetterWinTab\BetterWinTab.sln.metaproj" del proyecto "C:\Users\Sergio\Desktop\Proyectos\BetterWinTab\BetterWinTab.sln" (punto de entrada):
     1>Se omitió la tarea "Error" debido a una condición falsa (False); (('$(CurrentSolutionConfigurationContents)' == '') and ('$(SkipInvalidConfigurations)' != 'true')) se evaluó como (('<SolutionConfiguration>
  <ProjectConfiguration Project="{EB9156AE-9034-71E8-A4DF-2D8E28AEFF86}" AbsolutePath="C:\Users\Sergio\Desktop\Proyectos\BetterWinTab\BetterWinTab.csproj" BuildProjectInSolution="True">Debug|x64</ProjectConfiguration>
</SolutionConfiguration>' == '') and ('' != 'true')).
       Se omitió la tarea "Warning" debido a una condición falsa (False); (('$(CurrentSolutionConfigurationContents)' == '') and ('$(SkipInvalidConfigurations)' == 'true')) se evaluó como (('<SolutionConfiguration>
         <ProjectConfiguration Project="{EB9156AE-9034-71E8-A4DF-2D8E28AEFF86}" AbsolutePath="C:\Users\Sergio\Desktop\Proyectos\BetterWinTab\BetterWinTab.csproj" BuildProjectInSolution="True">Debug|x64</ProjectConfiguration>
       </SolutionConfiguration>' == '') and ('' == 'true')).
       Usando la tarea "Message" del ensamblado "Microsoft.Build.Tasks.Core, Version=15.1.0.0, Culture=neutral, PublicKeyToken=b03f5f7f11d50a3a".
       Tarea "Message"
         Compilando la configuración de soluciones "Debug|x64".
       Ejecución de la tarea "Message" terminada.
     1>Compilación terminada del destino "ValidateSolutionConfiguration" en el proyecto "BetterWinTab.sln".
     1>Destino "ValidateToolsVersions" en el archivo "C:\Users\Sergio\Desktop\Proyectos\BetterWinTab\BetterWinTab.sln.metaproj" del proyecto "C:\Users\Sergio\Desktop\Proyectos\BetterWinTab\BetterWinTab.sln" (punto de entrada):
       Se omitió la tarea "Error" debido a una condición falsa (False); ('$(MSBuildToolsVersion)' == '2.0' and ('$(ProjectToolsVersion)' != '2.0' and '$(ProjectToolsVersion)' != '')) se evaluó como ('Current' == '2.0' and ('' != '2.0' and '' != '')).
     1>Compilación terminada del destino "ValidateToolsVersions" en el proyecto "BetterWinTab.sln".
     1>Destino "ValidateProjects" en el archivo "C:\Users\Sergio\Desktop\Proyectos\BetterWinTab\BetterWinTab.sln.metaproj" del proyecto "C:\Users\Sergio\Desktop\Proyectos\BetterWinTab\BetterWinTab.sln" (punto de entrada):
     1>Compilación terminada del destino "ValidateProjects" en el proyecto "BetterWinTab.sln".
     1>Destino "_LoadRestoreGraphEntryPoints" en el archivo "C:\Program Files\dotnet\sdk\8.0.413\NuGet.targets" del proyecto "C:\Users\Sergio\Desktop\Proyectos\BetterWinTab\BetterWinTab.sln" (el destino "_FilterRestoreGraphProjectInputItems" depende de él):
       Ensamblado cargado durante TaskRun: NuGet.Build.Tasks, Version=6.11.1.2, Culture=neutral, PublicKeyToken=31bf3856ad364e35(ubicación: C:\Program Files\dotnet\sdk\8.0.413\NuGet.Build.Tasks.dll, MVID: da6659e2-ab3c-4a1c-91d3-86fe81c4da96, AssemblyLoadContext: MSBuild plugin C:\Program Files\dotnet\sdk\8.0.413\NuGet.Build.Tasks.dll)
       Ensamblado cargado durante TaskRun: System.Reflection.Metadata, Version=8.0.0.0, Culture=neutral, PublicKeyToken=b03f5f7f11d50a3a(ubicación: C:\Program Files\dotnet\shared\Microsoft.NETCore.App\8.0.19\System.Reflection.Metadata.dll, MVID: 9d415c39-19db-49b2-bcd2-d95fdf080c0a, AssemblyLoadContext: Default)
       Ensamblado cargado durante TaskRun: NuGet.Common, Version=6.11.1.2, Culture=neutral, PublicKeyToken=31bf3856ad364e35(ubicación: C:\Program Files\dotnet\sdk\8.0.413\NuGet.Common.dll, MVID: 71662c50-4eea-46ea-82bf-b2edfd33a945, AssemblyLoadContext: MSBuild plugin C:\Program Files\dotnet\sdk\8.0.413\NuGet.Build.Tasks.dll)
       Ensamblado cargado durante TaskRun: NuGet.Commands, Version=6.11.1.2, Culture=neutral, PublicKeyToken=31bf3856ad364e35(ubicación: C:\Program Files\dotnet\sdk\8.0.413\NuGet.Commands.dll, MVID: fd182425-a30a-445b-9628-b4c5f0ab1353, AssemblyLoadContext: MSBuild plugin C:\Program Files\dotnet\sdk\8.0.413\NuGet.Build.Tasks.dll)
       Ensamblado cargado durante TaskRun: NuGet.ProjectModel, Version=6.11.1.2, Culture=neutral, PublicKeyToken=31bf3856ad364e35(ubicación: C:\Program Files\dotnet\sdk\8.0.413\NuGet.ProjectModel.dll, MVID: de1018f8-9cea-4ea5-aafd-eccdf5a6f888, AssemblyLoadContext: MSBuild plugin C:\Program Files\dotnet\sdk\8.0.413\NuGet.Build.Tasks.dll)
       Usando la tarea "GetRestoreSolutionProjectsTask" del ensamblado "C:\Program Files\dotnet\sdk\8.0.413\NuGet.Build.Tasks.dll".
       Tarea "GetRestoreSolutionProjectsTask"
       Ejecución de la tarea "GetRestoreSolutionProjectsTask" terminada.
     1>Compilación terminada del destino "_LoadRestoreGraphEntryPoints" en el proyecto "BetterWinTab.sln".
     1>Destino "_FilterRestoreGraphProjectInputItems" en el archivo "C:\Program Files\dotnet\sdk\8.0.413\NuGet.targets" del proyecto "C:\Users\Sergio\Desktop\Proyectos\BetterWinTab\BetterWinTab.sln" (el destino "_GenerateRestoreGraph" depende de él):
       Usando la tarea "RemoveDuplicates" del ensamblado "Microsoft.Build.Tasks.Core, Version=15.1.0.0, Culture=neutral, PublicKeyToken=b03f5f7f11d50a3a".
       Tarea "RemoveDuplicates"
       Ejecución de la tarea "RemoveDuplicates" terminada.
       Usando la tarea "MSBuild" del ensamblado "Microsoft.Build.Tasks.Core, Version=15.1.0.0, Culture=neutral, PublicKeyToken=b03f5f7f11d50a3a".
       Tarea "MSBuild"
         Propiedades globales:
           ExcludeRestorePackageImports=true
           _RestoreSolutionFileUsed=true
           SolutionDir=C:\Users\Sergio\Desktop\Proyectos\BetterWinTab\
           SolutionName=BetterWinTab
           SolutionFileName=BetterWinTab.sln
           SolutionPath=C:\Users\Sergio\Desktop\Proyectos\BetterWinTab\BetterWinTab.sln
           SolutionExt=.sln
         Propiedades adicionales del proyecto "C:\Users\Sergio\Desktop\Proyectos\BetterWinTab\BetterWinTab.csproj":
           Configuration=Debug
           Platform=x64
     0>El SDK "Microsoft.NET.Sdk" se resolvió correctamente mediante el resolvedor "DefaultSdkResolver" a la ubicación "C:\Program Files\dotnet\sdk\8.0.413\Sdks\Microsoft.NET.Sdk\Sdk" y la versión "".
       Propiedad "MSBuildExtensionsPath" con el valor "C:\Program Files\dotnet\sdk\8.0.413\" expandido desde el entorno.
       Reasignación de propiedad: $(MSBuildProjectExtensionsPath)="C:\Users\Sergio\Desktop\Proyectos\BetterWinTab\obj\" (valor anterior: "obj\") en C:\Program Files\dotnet\sdk\8.0.413\Current\Microsoft.Common.props (60,5)
       Propiedad "MSBuildUserExtensionsPath" con el valor "C:\Users\Sergio\AppData\Local\Microsoft\MSBuild" expandido desde el entorno.
       La propiedad "Configuration" es global y no se puede modificar.
       La propiedad "Platform" es global y no se puede modificar.
       La propiedad "Configuration" es global y no se puede modificar.
       La propiedad "Platform" es global y no se puede modificar.
       Reasignación de propiedad: $(AssemblySearchPaths)="{CandidateAssemblyFiles};{HintPathFromItem}" (valor anterior: "{CandidateAssemblyFiles}") en C:\Program Files\dotnet\sdk\8.0.413\Sdks\Microsoft.NET.Sdk\targets\Microsoft.NET.Sdk.props (91,5)
       Reasignación de propiedad: $(AssemblySearchPaths)="{CandidateAssemblyFiles};{HintPathFromItem};{TargetFrameworkDirectory}" (valor anterior: "{CandidateAssemblyFiles};{HintPathFromItem}") en C:\Program Files\dotnet\sdk\8.0.413\Sdks\Microsoft.NET.Sdk\targets\Microsoft.NET.Sdk.props (92,5)
       Reasignación de propiedad: $(AssemblySearchPaths)="{CandidateAssemblyFiles};{HintPathFromItem};{TargetFrameworkDirectory};{RawFileName}" (valor anterior: "{CandidateAssemblyFiles};{HintPathFromItem};{TargetFrameworkDirectory}") en C:\Program Files\dotnet\sdk\8.0.413\Sdks\Microsoft.NET.Sdk\targets\Microsoft.NET.Sdk.props (93,5)
       El solucionador "DefaultSdkResolver" intentó resolver el SDK "Microsoft.NET.SDK.WorkloadAutoImportPropsLocator".
       Advertencias: null
       Errores: MSB4276: La resolución predeterminada del SDK no pudo resolver el SDK "Microsoft.NET.SDK.WorkloadAutoImportPropsLocator" porque el directorio "C:\Program Files\dotnet\sdk\8.0.413\Sdks\Microsoft.NET.SDK.WorkloadAutoImportPropsLocator\Sdk" no existía.
       Ensamblado cargado durante Evaluation: Microsoft.Build.NuGetSdkResolver, Version=6.11.1.2, Culture=neutral, PublicKeyToken=31bf3856ad364e35(ubicación: C:\Program Files\dotnet\sdk\8.0.413\Microsoft.Build.NuGetSdkResolver.dll, MVID: ae254ffe-3ea7-4bba-8a74-0bd55e8cfe87, AssemblyLoadContext: MSBuild plugin C:\Program Files\dotnet\sdk\8.0.413\Microsoft.Build.NuGetSdkResolver.dll)
       Ensamblado cargado durante Evaluation: Microsoft.NET.Sdk.WorkloadMSBuildSdkResolver, Version=8.0.413.0, Culture=neutral, PublicKeyToken=31bf3856ad364e35(ubicación: C:\Program Files\dotnet\sdk\8.0.413\Microsoft.NET.Sdk.WorkloadMSBuildSdkResolver.dll, MVID: adaa7b17-7e5b-4b65-b0f3-40dfaac0400d, AssemblyLoadContext: MSBuild plugin C:\Program Files\dotnet\sdk\8.0.413\Microsoft.NET.Sdk.WorkloadMSBuildSdkResolver.dll)
       Ensamblado cargado durante Evaluation: Microsoft.DotNet.Cli.Utils, Version=8.0.413.0, Culture=neutral, PublicKeyToken=adb9793829ddae60(ubicación: C:\Program Files\dotnet\sdk\8.0.413\Microsoft.DotNet.Cli.Utils.dll, MVID: 0d621583-22b2-4bf3-9171-0531f05a11c8, AssemblyLoadContext: MSBuild plugin C:\Program Files\dotnet\sdk\8.0.413\Microsoft.NET.Sdk.WorkloadMSBuildSdkResolver.dll)
       Ensamblado cargado durante Evaluation: Microsoft.NET.Sdk.WorkloadManifestReader, Version=8.0.413.0, Culture=neutral, PublicKeyToken=adb9793829ddae60(ubicación: C:\Program Files\dotnet\sdk\8.0.413\Microsoft.NET.Sdk.WorkloadManifestReader.dll, MVID: 4e84f629-8d32-4ec6-abb3-e22d61360583, AssemblyLoadContext: MSBuild plugin C:\Program Files\dotnet\sdk\8.0.413\Microsoft.NET.Sdk.WorkloadMSBuildSdkResolver.dll)
       Ensamblado cargado durante Evaluation: Microsoft.Deployment.DotNet.Releases, Version=2.0.0.0, Culture=neutral, PublicKeyToken=31bf3856ad364e35(ubicación: C:\Program Files\dotnet\sdk\8.0.413\Microsoft.Deployment.DotNet.Releases.dll, MVID: 34f9f9be-a352-437d-b864-e54aac6740dd, AssemblyLoadContext: MSBuild plugin C:\Program Files\dotnet\sdk\8.0.413\Microsoft.NET.Sdk.WorkloadMSBuildSdkResolver.dll)
       El SDK "Microsoft.NET.SDK.WorkloadAutoImportPropsLocator" se resolvió correctamente mediante el resolvedor "Microsoft.DotNet.MSBuildWorkloadSdkResolver" a la ubicación "null" y la versión "null".
       Reasignación de propiedad: $(TargetsForTfmSpecificContentInPackage)=";PackTool;_PackProjectToolValidation" (valor anterior: ";PackTool") en C:\Program Files\dotnet\sdk\8.0.413\Sdks\Microsoft.NET.Sdk\targets\Microsoft.NET.PackProjectTool.props (15,5)
       Reasignación de propiedad: $(OutputType)="WinExe" (valor anterior: "Library") en C:\Users\Sergio\Desktop\Proyectos\BetterWinTab\BetterWinTab.csproj (6,9)
       Reasignación de propiedad: $(AllowUnsafeBlocks)="true" (valor anterior: "false") en C:\Users\Sergio\Desktop\Proyectos\BetterWinTab\BetterWinTab.csproj (18,9)
       Reasignación de propiedad: $(NoWarn)="1701;1702;CA1416" (valor anterior: "1701;1702") en C:\Users\Sergio\Desktop\Proyectos\BetterWinTab\BetterWinTab.csproj (22,9)
       Reasignación de propiedad: $(Platforms)="x86;x64;ARM64" (valor anterior: "AnyCPU") en C:\Users\Sergio\Desktop\Proyectos\BetterWinTab\BetterWinTab.csproj (26,9)
       La propiedad "Platform" es global y no se puede modificar.
       Ensamblado cargado durante Evaluation: NuGet.Frameworks, Version=6.11.1.2, Culture=neutral, PublicKeyToken=31bf3856ad364e35(ubicación: C:\Program Files\dotnet\sdk\8.0.413\NuGet.Frameworks.dll, MVID: 36fa17a1-abb6-4cce-b85c-dd32a6dcc45f, AssemblyLoadContext: Assembly.LoadFile(C:\Program Files\dotnet\sdk\8.0.413\NuGet.Frameworks.dll))
       La propiedad "Configuration" es global y no se puede modificar.
       La propiedad "Platform" es global y no se puede modificar.
       La propiedad "Platform" es global y no se puede modificar.
       Reasignación de propiedad: $(TargetPlatformIdentifier)="Windows" (valor anterior: "windows") en C:\Program Files\dotnet\sdk\8.0.413\Sdks\Microsoft.NET.Sdk\targets\Microsoft.NET.TargetFrameworkInference.targets (71,5)
       Reasignación de propiedad: $(DefaultItemExcludes)=";bin\x64\Debug\/**;obj\x64\Debug\/**" (valor anterior: ";bin\x64\Debug\/**") en C:\Program Files\dotnet\sdk\8.0.413\Sdks\Microsoft.NET.Sdk\targets\Microsoft.NET.DefaultOutputPaths.targets (122,5)
       Reasignación de propiedad: $(OutputPath)="bin\x64\Debug\net8.0-windows10.0.19041.0\" (valor anterior: "bin\x64\Debug\") en C:\Program Files\dotnet\sdk\8.0.413\Sdks\Microsoft.NET.Sdk\targets\Microsoft.NET.DefaultOutputPaths.targets (137,5)
       Reasignación de propiedad: $(IntermediateOutputPath)="obj\x64\Debug\net8.0-windows10.0.19041.0\" (valor anterior: "obj\x64\Debug\") en C:\Program Files\dotnet\sdk\8.0.413\Sdks\Microsoft.NET.Sdk\targets\Microsoft.NET.DefaultOutputPaths.targets (142,5)
       El solucionador "DefaultSdkResolver" intentó resolver el SDK "Microsoft.NET.SDK.WorkloadManifestTargetsLocator".
       Advertencias: null
       Errores: MSB4276: La resolución predeterminada del SDK no pudo resolver el SDK "Microsoft.NET.SDK.WorkloadManifestTargetsLocator" porque el directorio "C:\Program Files\dotnet\sdk\8.0.413\Sdks\Microsoft.NET.SDK.WorkloadManifestTargetsLocator\Sdk" no existía.
       El SDK "Microsoft.NET.SDK.WorkloadManifestTargetsLocator" se resolvió correctamente mediante el resolvedor "Microsoft.DotNet.MSBuildWorkloadSdkResolver" a la ubicación "C:\Program Files\dotnet\sdk-manifests\8.0.100\microsoft.net.sdk.android\34.0.43" y la versión "null".
       Reasignación de propiedad: $(IntermediateOutputPath)="obj\x64\Debug\net8.0-windows10.0.19041.0\win-x64\" (valor anterior: "obj\x64\Debug\net8.0-windows10.0.19041.0\") en C:\Program Files\dotnet\sdk\8.0.413\Sdks\Microsoft.NET.Sdk\targets\Microsoft.NET.RuntimeIdentifierInference.targets (329,5)
       Reasignación de propiedad: $(OutputPath)="bin\x64\Debug\net8.0-windows10.0.19041.0\win-x64\" (valor anterior: "bin\x64\Debug\net8.0-windows10.0.19041.0\") en C:\Program Files\dotnet\sdk\8.0.413\Sdks\Microsoft.NET.Sdk\targets\Microsoft.NET.RuntimeIdentifierInference.targets (330,5)
       Reasignación de propiedad: $(_FrameworkIdentifierForImplicitDefine)="NET" (valor anterior: "NETCOREAPP") en C:\Program Files\dotnet\sdk\8.0.413\Sdks\Microsoft.NET.Sdk\targets\Microsoft.NET.Sdk.BeforeCommon.targets (187,5)
       Reasignación de propiedad: $(_FrameworkVersionForImplicitDefine)="8_0" (valor anterior: "8.0") en C:\Program Files\dotnet\sdk\8.0.413\Sdks\Microsoft.NET.Sdk\targets\Microsoft.NET.Sdk.BeforeCommon.targets (192,5)
       Reasignación de propiedad: $(CommandLineArgsForDesignTimeEvaluation)="-langversion:latest -define:TRACE" (valor anterior: "-langversion:latest") en C:\Program Files\dotnet\sdk\8.0.413\Roslyn\Microsoft.CSharp.Core.targets (200,5)
       La propiedad "Platform" es global y no se puede modificar.
       La propiedad "Configuration" es global y no se puede modificar.
       Reasignación de propiedad: $(_DebugSymbolsProduced)="true" (valor anterior: "false") en C:\Program Files\dotnet\sdk\8.0.413\Microsoft.Common.CurrentVersion.targets (175,5)
       Reasignación de propiedad: $(_DocumentationFileProduced)="false" (valor anterior: "true") en C:\Program Files\dotnet\sdk\8.0.413\Microsoft.Common.CurrentVersion.targets (185,5)
       La propiedad "SolutionName" es global y no se puede modificar.
       La propiedad "SolutionFileName" es global y no se puede modificar.
       La propiedad "SolutionPath" es global y no se puede modificar.
       La propiedad "SolutionDir" es global y no se puede modificar.
       La propiedad "SolutionExt" es global y no se puede modificar.
       Reasignación de propiedad: $(MSBuildCopyMarkerName)="BetterWi.6D8C9405" (valor anterior: "BetterWinTab.csproj") en C:\Program Files\dotnet\sdk\8.0.413\Microsoft.Common.CurrentVersion.targets (392,5)
       Reasignación de propiedad: $(MSBuildCopyMarkerName)="BetterWi.6D8C9405.Up2Date" (valor anterior: "BetterWi.6D8C9405") en C:\Program Files\dotnet\sdk\8.0.413\Microsoft.Common.CurrentVersion.targets (393,5)
       Reasignación de propiedad: $(ProcessorArchitecture)="amd64" (valor anterior: "x64") en C:\Program Files\dotnet\sdk\8.0.413\Microsoft.Common.CurrentVersion.targets (528,5)
       Reasignación de propiedad: $(DelaySign)="" (valor anterior: "false") en C:\Program Files\dotnet\sdk\8.0.413\Microsoft.Common.CurrentVersion.targets (580,5)
       Propiedad "LOCALAPPDATA" con el valor "C:\Users\Sergio\AppData\Local" expandido desde el entorno.
       Reasignación de propiedad: $(_SGenGenerateSerializationAssembliesConfig)="Auto" (valor anterior: "") en C:\Program Files\dotnet\sdk\8.0.413\Microsoft.Common.CurrentVersion.targets (3896,5)
       Reasignación de propiedad: $(_SGenGenerateSerializationAssembliesConfig)="Off" (valor anterior: "Auto") en C:\Program Files\dotnet\sdk\8.0.413\Microsoft.Common.CurrentVersion.targets (3897,5)
       Reasignación de propiedad: $(_TargetsThatPrepareProjectReferences)="
             AssignProjectConfiguration;
             _SplitProjectReferencesByFileExistence
           " (valor anterior: "_SplitProjectReferencesByFileExistence") en C:\Program Files\dotnet\sdk\8.0.413\Microsoft.Common.CurrentVersion.targets (5099,5)
       Propiedad "MSBuildExtensionsPath32" con el valor "C:\Program Files\dotnet\sdk\8.0.413" expandido desde el entorno.
       La propiedad "_RestoreSolutionFileUsed" es global y no se puede modificar.
       Reasignación de propiedad: $(_GenerateRestoreGraphProjectEntryInputProperties)="
             ExcludeRestorePackageImports=true;
             _RestoreSolutionFileUsed=true;
             SolutionDir=C:\Users\Sergio\Desktop\Proyectos\BetterWinTab\;
             SolutionName=BetterWinTab;
             SolutionFileName=BetterWinTab.sln;
             SolutionPath=C:\Users\Sergio\Desktop\Proyectos\BetterWinTab\BetterWinTab.sln;
             SolutionExt=.sln;
           " (valor anterior: "ExcludeRestorePackageImports=true") en C:\Program Files\dotnet\sdk\8.0.413\NuGet.targets (101,5)
       Reasignación de propiedad: $(ProjectAssetsFile)="C:\Users\Sergio\Desktop\Proyectos\BetterWinTab\obj\project.assets.json" (valor anterior: "C:\Users\Sergio\Desktop\Proyectos\BetterWinTab\obj\/project.assets.json") en C:\Program Files\dotnet\sdk\8.0.413\Sdks\Microsoft.NET.Sdk\targets\Microsoft.PackageDependencyResolution.targets (24,5)
       Reasignación de propiedad: $(ProjectAssetsCacheFile)="C:\Users\Sergio\Desktop\Proyectos\BetterWinTab\obj\x64\Debug\net8.0-windows10.0.19041.0\win-x64\BetterWinTab.assets.cache" (valor anterior: "obj\x64\Debug\net8.0-windows10.0.19041.0\win-x64\BetterWinTab.assets.cache") en C:\Program Files\dotnet\sdk\8.0.413\Sdks\Microsoft.NET.Sdk\targets\Microsoft.PackageDependencyResolution.targets (29,5)
       Reasignación de propiedad: $(ResolveAssemblyReferencesDependsOn)="
             
             ResolveProjectReferences;
             FindInvalidProjectReferences;
             GetFrameworkPaths;
             GetReferenceAssemblyPaths;
             PrepareForBuild;
             ResolveSDKReferences;
             ExpandSDKReferences;
           ;
             ResolvePackageDependenciesForBuild;
             _HandlePackageFileConflicts;
           " (valor anterior: "
             ResolveProjectReferences;
             FindInvalidProjectReferences;
             GetFrameworkPaths;
             GetReferenceAssemblyPaths;
             PrepareForBuild;
             ResolveSDKReferences;
             ExpandSDKReferences;
           ") en C:\Program Files\dotnet\sdk\8.0.413\Sdks\Microsoft.NET.Sdk\targets\Microsoft.PackageDependencyResolution.targets (80,5)
       Reasignación de propiedad: $(PrepareResourcesDependsOn)="
             ResolvePackageDependenciesForBuild;
             _HandlePackageFileConflicts;
             
             ;
             PrepareResourceNames;
             ResGen;
             CompileLicxFiles
           
           " (valor anterior: "
             ;
             PrepareResourceNames;
             ResGen;
             CompileLicxFiles
           ") en C:\Program Files\dotnet\sdk\8.0.413\Sdks\Microsoft.NET.Sdk\targets\Microsoft.PackageDependencyResolution.targets (86,5)
       Reasignación de propiedad: $(DefaultItemExcludes)=";bin\x64\Debug\/**;obj\x64\Debug\/**;bin\/**" (valor anterior: ";bin\x64\Debug\/**;obj\x64\Debug\/**") en C:\Program Files\dotnet\sdk\8.0.413\Sdks\Microsoft.NET.Sdk\targets\Microsoft.NET.Sdk.DefaultItems.targets (27,5)
       Reasignación de propiedad: $(DefaultItemExcludes)=";bin\x64\Debug\/**;obj\x64\Debug\/**;bin\/**;obj\/**" (valor anterior: ";bin\x64\Debug\/**;obj\x64\Debug\/**;bin\/**") en C:\Program Files\dotnet\sdk\8.0.413\Sdks\Microsoft.NET.Sdk\targets\Microsoft.NET.Sdk.DefaultItems.targets (29,5)
       Reasignación de propiedad: $(DefaultItemExcludes)=";bin\x64\Debug\/**;obj\x64\Debug\/**;bin\/**;obj\/**;**/*.user" (valor anterior: ";bin\x64\Debug\/**;obj\x64\Debug\/**;bin\/**;obj\/**") en C:\Program Files\dotnet\sdk\8.0.413\Sdks\Microsoft.NET.Sdk\targets\Microsoft.NET.Sdk.DefaultItems.targets (32,5)
       Reasignación de propiedad: $(DefaultItemExcludes)=";bin\x64\Debug\/**;obj\x64\Debug\/**;bin\/**;obj\/**;**/*.user;**/*.*proj" (valor anterior: ";bin\x64\Debug\/**;obj\x64\Debug\/**;bin\/**;obj\/**;**/*.user") en C:\Program Files\dotnet\sdk\8.0.413\Sdks\Microsoft.NET.Sdk\targets\Microsoft.NET.Sdk.DefaultItems.targets (33,5)
       Reasignación de propiedad: $(DefaultItemExcludes)=";bin\x64\Debug\/**;obj\x64\Debug\/**;bin\/**;obj\/**;**/*.user;**/*.*proj;**/*.sln" (valor anterior: ";bin\x64\Debug\/**;obj\x64\Debug\/**;bin\/**;obj\/**;**/*.user;**/*.*proj") en C:\Program Files\dotnet\sdk\8.0.413\Sdks\Microsoft.NET.Sdk\targets\Microsoft.NET.Sdk.DefaultItems.targets (34,5)
       Reasignación de propiedad: $(DefaultItemExcludes)=";bin\x64\Debug\/**;obj\x64\Debug\/**;bin\/**;obj\/**;**/*.user;**/*.*proj;**/*.sln;**/*.vssscc" (valor anterior: ";bin\x64\Debug\/**;obj\x64\Debug\/**;bin\/**;obj\/**;**/*.user;**/*.*proj;**/*.sln") en C:\Program Files\dotnet\sdk\8.0.413\Sdks\Microsoft.NET.Sdk\targets\Microsoft.NET.Sdk.DefaultItems.targets (35,5)
       Reasignación de propiedad: $(DefaultItemExcludes)=";bin\x64\Debug\/**;obj\x64\Debug\/**;bin\/**;obj\/**;**/*.user;**/*.*proj;**/*.sln;**/*.vssscc;**/.DS_Store" (valor anterior: ";bin\x64\Debug\/**;obj\x64\Debug\/**;bin\/**;obj\/**;**/*.user;**/*.*proj;**/*.sln;**/*.vssscc") en C:\Program Files\dotnet\sdk\8.0.413\Sdks\Microsoft.NET.Sdk\targets\Microsoft.NET.Sdk.DefaultItems.targets (36,5)
       Reasignación de propiedad: $(ResolveAssemblyReferencesDependsOn)="
             
             
             ResolveProjectReferences;
             FindInvalidProjectReferences;
             GetFrameworkPaths;
             GetReferenceAssemblyPaths;
             PrepareForBuild;
             ResolveSDKReferences;
             ExpandSDKReferences;
           ;
             ResolvePackageDependenciesForBuild;
             _HandlePackageFileConflicts;
           ;
             ResolveTargetingPackAssets;
           " (valor anterior: "
             
             ResolveProjectReferences;
             FindInvalidProjectReferences;
             GetFrameworkPaths;
             GetReferenceAssemblyPaths;
             PrepareForBuild;
             ResolveSDKReferences;
             ExpandSDKReferences;
           ;
             ResolvePackageDependenciesForBuild;
             _HandlePackageFileConflicts;
           ") en C:\Program Files\dotnet\sdk\8.0.413\Sdks\Microsoft.NET.Sdk\targets\Microsoft.NET.Sdk.FrameworkReferenceResolution.targets (14,5)
       Reasignación de propiedad: $(_GenerateRuntimeConfigurationPropertyInputsCache)="C:\Users\Sergio\Desktop\Proyectos\BetterWinTab\obj\x64\Debug\net8.0-windows10.0.19041.0\win-x64\BetterWinTab.genruntimeconfig.cache" (valor anterior: "obj\x64\Debug\net8.0-windows10.0.19041.0\win-x64\BetterWinTab.genruntimeconfig.cache") en C:\Program Files\dotnet\sdk\8.0.413\Sdks\Microsoft.NET.Sdk\targets\Microsoft.NET.Sdk.targets (44,5)
       Reasignación de propiedad: $(_GeneratePublishDependencyFilePropertyInputsCache)="C:\Users\Sergio\Desktop\Proyectos\BetterWinTab\obj\x64\Debug\net8.0-windows10.0.19041.0\win-x64\BetterWinTab.genpublishdeps.cache" (valor anterior: "obj\x64\Debug\net8.0-windows10.0.19041.0\win-x64\BetterWinTab.genpublishdeps.cache") en C:\Program Files\dotnet\sdk\8.0.413\Sdks\Microsoft.NET.Sdk\targets\Microsoft.NET.Sdk.targets (46,5)
       Reasignación de propiedad: $(_GenerateSingleFileBundlePropertyInputsCache)="C:\Users\Sergio\Desktop\Proyectos\BetterWinTab\obj\x64\Debug\net8.0-windows10.0.19041.0\win-x64\BetterWinTab.genbundle.cache" (valor anterior: "obj\x64\Debug\net8.0-windows10.0.19041.0\win-x64\BetterWinTab.genbundle.cache") en C:\Program Files\dotnet\sdk\8.0.413\Sdks\Microsoft.NET.Sdk\targets\Microsoft.NET.Sdk.targets (48,5)
       Reasignación de propiedad: $(GenerateRuntimeConfigDevFile)="false" (valor anterior: "true") en C:\Program Files\dotnet\sdk\8.0.413\Sdks\Microsoft.NET.Sdk\targets\Microsoft.NET.Sdk.targets (81,5)
       Propiedad "USERPROFILE" con el valor "C:\Users\Sergio" expandido desde el entorno.
       Reasignación de propiedad: $(_DefaultUserProfileRuntimeStorePath)="C:\Users\Sergio" (valor anterior: "") en C:\Program Files\dotnet\sdk\8.0.413\Sdks\Microsoft.NET.Sdk\targets\Microsoft.NET.Sdk.targets (97,5)
       Reasignación de propiedad: $(_DefaultUserProfileRuntimeStorePath)="C:\Users\Sergio\.dotnet\store" (valor anterior: "C:\Users\Sergio") en C:\Program Files\dotnet\sdk\8.0.413\Sdks\Microsoft.NET.Sdk\targets\Microsoft.NET.Sdk.targets (98,5)
       Reasignación de propiedad: $(AvailablePlatforms)="Any CPU,x86,x64,ARM32" (valor anterior: "Any CPU,x86,x64") en C:\Program Files\dotnet\sdk\8.0.413\Sdks\Microsoft.NET.Sdk\targets\Microsoft.NET.Sdk.targets (136,5)
       Reasignación de propiedad: $(AvailablePlatforms)="Any CPU,x86,x64,ARM32,ARM64" (valor anterior: "Any CPU,x86,x64,ARM32") en C:\Program Files\dotnet\sdk\8.0.413\Sdks\Microsoft.NET.Sdk\targets\Microsoft.NET.Sdk.targets (140,5)
       Reasignación de propiedad: $(CoreBuildDependsOn)="
             _CheckForBuildWithNoBuild;
             
             BuildOnlySettings;
             PrepareForBuild;
             PreBuildEvent;
             ResolveReferences;
             PrepareResources;
             ResolveKeySource;
             Compile;
             ExportWindowsMDFile;
             UnmanagedUnregistration;
             GenerateSerializationAssemblies;
             CreateSatelliteAssemblies;
             GenerateManifests;
             GetTargetPath;
             PrepareForRun;
             UnmanagedRegistration;
             IncrementalClean;
             PostBuildEvent
           ;
             GenerateBuildDependencyFile;
             GenerateBuildRuntimeConfigurationFiles
           " (valor anterior: "
             BuildOnlySettings;
             PrepareForBuild;
             PreBuildEvent;
             ResolveReferences;
             PrepareResources;
             ResolveKeySource;
             Compile;
             ExportWindowsMDFile;
             UnmanagedUnregistration;
             GenerateSerializationAssemblies;
             CreateSatelliteAssemblies;
             GenerateManifests;
             GetTargetPath;
             PrepareForRun;
             UnmanagedRegistration;
             IncrementalClean;
             PostBuildEvent
           ") en C:\Program Files\dotnet\sdk\8.0.413\Sdks\Microsoft.NET.Sdk\targets\Microsoft.NET.Sdk.targets (197,5)
       Reasignación de propiedad: $(CoreCleanDependsOn)="
             _SdkBeforeClean;
             
           " (valor anterior: "") en C:\Program Files\dotnet\sdk\8.0.413\Sdks\Microsoft.NET.Sdk\targets\Microsoft.NET.Sdk.targets (206,5)
       Reasignación de propiedad: $(RebuildDependsOn)="
             _SdkBeforeRebuild;
             
             BeforeRebuild;
             Clean;
             Build;
             AfterRebuild;
           
           " (valor anterior: "
             BeforeRebuild;
             Clean;
             Build;
             AfterRebuild;
           ") en C:\Program Files\dotnet\sdk\8.0.413\Sdks\Microsoft.NET.Sdk\targets\Microsoft.NET.Sdk.targets (213,5)
       Reasignación de propiedad: $(CompileDependsOn)="
             
             ResolveReferences;
             ResolveKeySource;
             SetWin32ManifestProperties;
             _SetPreferNativeArm64Win32ManifestProperties;
             FindReferenceAssembliesForReferences;
             _GenerateCompileInputs;
             BeforeCompile;
             _TimeStampBeforeCompile;
             _GenerateCompileDependencyCache;
             CoreCompile;
             _TimeStampAfterCompile;
             AfterCompile;
           ;
             _CreateAppHost;
             _CreateComHost;
             _GetIjwHostPaths;
           " (valor anterior: "
             ResolveReferences;
             ResolveKeySource;
             SetWin32ManifestProperties;
             _SetPreferNativeArm64Win32ManifestProperties;
             FindReferenceAssembliesForReferences;
             _GenerateCompileInputs;
             BeforeCompile;
             _TimeStampBeforeCompile;
             _GenerateCompileDependencyCache;
             CoreCompile;
             _TimeStampAfterCompile;
             AfterCompile;
           ") en C:\Program Files\dotnet\sdk\8.0.413\Sdks\Microsoft.NET.Sdk\targets\Microsoft.NET.Sdk.targets (679,5)
       Reasignación de propiedad: $(CreateSatelliteAssembliesDependsOn)="
             
             ;
             _GenerateSatelliteAssemblyInputs;
             ComputeIntermediateSatelliteAssemblies;
             GenerateSatelliteAssemblies
           ;
             CoreGenerateSatelliteAssemblies
           " (valor anterior: "
             ;
             _GenerateSatelliteAssemblyInputs;
             ComputeIntermediateSatelliteAssemblies;
             GenerateSatelliteAssemblies
           ") en C:\Program Files\dotnet\sdk\8.0.413\Sdks\Microsoft.NET.Sdk\targets\Microsoft.NET.Sdk.targets (1065,5)
       Reasignación de propiedad: $(SourceLinkUrlInitializerTargets)=";_InitializeGitHubSourceLinkUrl;_InitializeGitLabSourceLinkUrl" (valor anterior: ";_InitializeGitHubSourceLinkUrl") en C:\Program Files\dotnet\sdk\8.0.413\Sdks\Microsoft.SourceLink.GitLab\build\Microsoft.SourceLink.GitLab.targets (12,5)
       Reasignación de propiedad: $(SourceControlManagerUrlTranslationTargets)=";TranslateGitHubUrlsInSourceControlInformation;TranslateGitLabUrlsInSourceControlInformation" (valor anterior: ";TranslateGitHubUrlsInSourceControlInformation") en C:\Program Files\dotnet\sdk\8.0.413\Sdks\Microsoft.SourceLink.GitLab\build\Microsoft.SourceLink.GitLab.targets (13,5)
       Reasignación de propiedad: $(SourceLinkUrlInitializerTargets)=";_InitializeGitHubSourceLinkUrl;_InitializeGitLabSourceLinkUrl;_InitializeAzureReposGitSourceLinkUrl" (valor anterior: ";_InitializeGitHubSourceLinkUrl;_InitializeGitLabSourceLinkUrl") en C:\Program Files\dotnet\sdk\8.0.413\Sdks\Microsoft.SourceLink.AzureRepos.Git\build\Microsoft.SourceLink.AzureRepos.Git.targets (12,5)
       Reasignación de propiedad: $(SourceControlManagerUrlTranslationTargets)=";TranslateGitHubUrlsInSourceControlInformation;TranslateGitLabUrlsInSourceControlInformation;TranslateAzureReposGitUrlsInSourceControlInformation" (valor anterior: ";TranslateGitHubUrlsInSourceControlInformation;TranslateGitLabUrlsInSourceControlInformation") en C:\Program Files\dotnet\sdk\8.0.413\Sdks\Microsoft.SourceLink.AzureRepos.Git\build\Microsoft.SourceLink.AzureRepos.Git.targets (13,5)
       Reasignación de propiedad: $(SourceLinkUrlInitializerTargets)=";_InitializeGitHubSourceLinkUrl;_InitializeGitLabSourceLinkUrl;_InitializeAzureReposGitSourceLinkUrl;_InitializeBitbucketGitSourceLinkUrl" (valor anterior: ";_InitializeGitHubSourceLinkUrl;_InitializeGitLabSourceLinkUrl;_InitializeAzureReposGitSourceLinkUrl") en C:\Program Files\dotnet\sdk\8.0.413\Sdks\Microsoft.SourceLink.Bitbucket.Git\build\Microsoft.SourceLink.Bitbucket.Git.targets (12,5)
       Reasignación de propiedad: $(SourceControlManagerUrlTranslationTargets)=";TranslateGitHubUrlsInSourceControlInformation;TranslateGitLabUrlsInSourceControlInformation;TranslateAzureReposGitUrlsInSourceControlInformation;TranslateBitbucketGitUrlsInSourceControlInformation" (valor anterior: ";TranslateGitHubUrlsInSourceControlInformation;TranslateGitLabUrlsInSourceControlInformation;TranslateAzureReposGitUrlsInSourceControlInformation") en C:\Program Files\dotnet\sdk\8.0.413\Sdks\Microsoft.SourceLink.Bitbucket.Git\build\Microsoft.SourceLink.Bitbucket.Git.targets (13,5)
       Reasignación de propiedad: $(DesignerRuntimeImplementationProjectOutputGroupDependsOn)="
             
             ;
             
             ;
             BuildOnlySettings;
             PrepareForBuild;
             AssignTargetPaths;
             ResolveReferences
           
           ;
             _GenerateDesignerDepsFile;
             _GenerateDesignerRuntimeConfigFile;
             GetCopyToOutputDirectoryItems;
             _GatherDesignerShadowCopyFiles;
           " (valor anterior: "
             ;
             
             ;
             BuildOnlySettings;
             PrepareForBuild;
             AssignTargetPaths;
             ResolveReferences
           
           ") en C:\Program Files\dotnet\sdk\8.0.413\Sdks\Microsoft.NET.Sdk\targets\Microsoft.NET.DesignerSupport.targets (21,5)
       Reasignación de propiedad: $(_GenerateToolsSettingsFileCacheFile)="C:\Users\Sergio\Desktop\Proyectos\BetterWinTab\obj\x64\Debug\net8.0-windows10.0.19041.0\win-x64\BetterWinTab.toolssettingsinput.cache" (valor anterior: "obj\x64\Debug\net8.0-windows10.0.19041.0\win-x64\BetterWinTab.toolssettingsinput.cache") en C:\Program Files\dotnet\sdk\8.0.413\Sdks\Microsoft.NET.Sdk\targets\Microsoft.NET.PackTool.targets (68,5)
       Reasignación de propiedad: $(_ShimInputCacheFile)="C:\Users\Sergio\Desktop\Proyectos\BetterWinTab\obj\x64\Debug\net8.0-windows10.0.19041.0\win-x64\BetterWinTab.shiminput.cache" (valor anterior: "obj\x64\Debug\net8.0-windows10.0.19041.0\win-x64\BetterWinTab.shiminput.cache") en C:\Program Files\dotnet\sdk\8.0.413\Sdks\Microsoft.NET.Sdk\targets\Microsoft.NET.PackTool.targets (137,5)
       Reasignación de propiedad: $(_ShimCreatedSentinelFile)="C:\Users\Sergio\Desktop\Proyectos\BetterWinTab\obj\x64\Debug\net8.0-windows10.0.19041.0\win-x64\BetterWinTab.shimcreated.sentinel" (valor anterior: "obj\x64\Debug\net8.0-windows10.0.19041.0\win-x64\BetterWinTab.shimcreated.sentinel") en C:\Program Files\dotnet\sdk\8.0.413\Sdks\Microsoft.NET.Sdk\targets\Microsoft.NET.PackTool.targets (139,5)
       Reasignación de propiedad: $(DefineConstants)="TRACE;DEBUG" (valor anterior: "TRACE") en C:\Program Files\dotnet\sdk\8.0.413\Sdks\Microsoft.NET.Sdk\targets\Microsoft.NET.Sdk.CSharp.targets (31,5)
       Reasignación de propiedad: $(DefineConstants)="TRACE;DEBUG;NET;NET8_0;NETCOREAPP" (valor anterior: "TRACE;DEBUG") en C:\Program Files\dotnet\sdk\8.0.413\Sdks\Microsoft.NET.Sdk\targets\Microsoft.NET.Sdk.CSharp.targets (34,5)
       Reasignación de propiedad: $(WarningsAsErrors)=";NU1605;SYSLIB0011" (valor anterior: ";NU1605") en C:\Program Files\dotnet\sdk\8.0.413\Sdks\Microsoft.NET.Sdk\targets\Microsoft.NET.Sdk.CSharp.targets (48,5)
       Reasignación de propiedad: $(PackageDescription)="Package Description" (valor anterior: "") en C:\Program Files\dotnet\sdk\8.0.413\Sdks\NuGet.Build.Tasks.Pack\build\NuGet.Build.Tasks.Pack.targets (34,5)
       Reasignación de propiedad: $(GenerateNuspecDependsOn)="Build;_LoadPackInputItems; _GetTargetFrameworksOutput; _WalkEachTargetPerFramework; _GetPackageFiles; " (valor anterior: "_LoadPackInputItems; _GetTargetFrameworksOutput; _WalkEachTargetPerFramework; _GetPackageFiles; ") en C:\Program Files\dotnet\sdk\8.0.413\Sdks\NuGet.Build.Tasks.Pack\build\NuGet.Build.Tasks.Pack.targets (59,5)
       Reasignación de propiedad: $(_IsNotSetContainersTargetsDir)="true" (valor anterior: "false") en C:\Program Files\dotnet\sdk\8.0.413\Sdks\Microsoft.NET.Sdk\Sdk\Sdk.targets (59,5)
       Reasignación de propiedad: $(_IsSDKContainerAllowedVersion)="true" (valor anterior: "false") en C:\Program Files\dotnet\sdk\8.0.413\Containers\build\Microsoft.NET.Build.Containers.targets (5,5)
       Reasignación de propiedad: $(_ContainerIsTargetingNet8TFM)="true" (valor anterior: "false") en C:\Program Files\dotnet\sdk\8.0.413\Containers\build\Microsoft.NET.Build.Containers.targets (15,5)
       Reasignación de propiedad: $(_ContainerIsSelfContained)="true" (valor anterior: "false") en C:\Program Files\dotnet\sdk\8.0.413\Containers\build\Microsoft.NET.Build.Containers.targets (17,5)
       Invalidando el destino "ResolveFrameworkReferences" del proyecto"C:\Program Files\dotnet\sdk\8.0.413\Microsoft.Common.CurrentVersion.targets" con el destino "ResolveFrameworkReferences" del proyecto "C:\Program Files\dotnet\sdk\8.0.413\Sdks\Microsoft.NET.Sdk\targets\Microsoft.NET.Sdk.FrameworkReferenceResolution.targets".
       Invalidando el destino "Run" del proyecto"C:\Program Files\dotnet\sdk\8.0.413\Microsoft.Common.CurrentVersion.targets" con el destino "Run" del proyecto "C:\Program Files\dotnet\sdk\8.0.413\Sdks\Microsoft.NET.Sdk\targets\Microsoft.NET.Sdk.targets".
       Invalidando el destino "GenerateSupportedTargetFrameworkAlias" del proyecto"C:\Program Files\dotnet\sdk\8.0.413\Microsoft.Common.CurrentVersion.targets" con el destino "GenerateSupportedTargetFrameworkAlias" del proyecto "C:\Program Files\dotnet\sdk\8.0.413\Sdks\Microsoft.NET.Sdk\targets\Microsoft.NET.Sdk.targets".
       Invalidando el destino "GetReferenceAssemblyPaths" del proyecto"C:\Program Files\dotnet\sdk\8.0.413\Microsoft.Common.CurrentVersion.targets" con el destino "GetReferenceAssemblyPaths" del proyecto "C:\Program Files\dotnet\sdk\8.0.413\Sdks\Microsoft.NET.Sdk\targets\Microsoft.NET.DisableStandardFrameworkResolution.targets".
       Invalidando el destino "GetFrameworkPaths" del proyecto"C:\Program Files\dotnet\sdk\8.0.413\Microsoft.Common.CurrentVersion.targets" con el destino "GetFrameworkPaths" del proyecto "C:\Program Files\dotnet\sdk\8.0.413\Sdks\Microsoft.NET.Sdk\targets\Microsoft.NET.DisableStandardFrameworkResolution.targets".
       Invalidando el destino "DesignerRuntimeImplementationProjectOutputGroup" del proyecto"C:\Program Files\dotnet\sdk\8.0.413\Microsoft.Common.CurrentVersion.targets" con el destino "DesignerRuntimeImplementationProjectOutputGroup" del proyecto "C:\Program Files\dotnet\sdk\8.0.413\Sdks\Microsoft.NET.Sdk\targets\Microsoft.NET.DesignerSupport.targets".
       Invalidando el destino "Publish" del proyecto"C:\Program Files\dotnet\sdk\8.0.413\Microsoft.Common.CurrentVersion.targets" con el destino "Publish" del proyecto "C:\Program Files\dotnet\sdk\8.0.413\Sdks\Microsoft.NET.Sdk\targets\Microsoft.NET.Publish.targets".
       Invalidando el destino "ResolveReadyToRunCompilers" del proyecto"C:\Program Files\dotnet\sdk\8.0.413\Sdks\Microsoft.NET.Sdk\targets\Microsoft.NET.CrossGen.targets" con el destino "ResolveReadyToRunCompilers" del proyecto "C:\Program Files\dotnet\sdk\8.0.413\Sdks\Microsoft.NET.Sdk\targets\Microsoft.NET.Publish.targets".
       Invalidando el destino "GetCopyToPublishDirectoryItems" del proyecto"C:\Program Files\dotnet\sdk\8.0.413\Microsoft.Common.CurrentVersion.targets" con el destino "GetCopyToPublishDirectoryItems" del proyecto "C:\Program Files\dotnet\sdk\8.0.413\Sdks\Microsoft.NET.Sdk\targets\Microsoft.NET.Publish.targets".
     1>El proyecto "C:\Users\Sergio\Desktop\Proyectos\BetterWinTab\BetterWinTab.sln" (1) está compilando "C:\Users\Sergio\Desktop\Proyectos\BetterWinTab\BetterWinTab.csproj" (2) en el nodo 1 (_IsProjectRestoreSupported destinos).
     2>Destino "_IsProjectRestoreSupported" en el archivo "C:\Program Files\dotnet\sdk\8.0.413\NuGet.targets" del proyecto "C:\Users\Sergio\Desktop\Proyectos\BetterWinTab\BetterWinTab.csproj" (punto de entrada):
     2>Compilación terminada del destino "_IsProjectRestoreSupported" en el proyecto "BetterWinTab.csproj".
     2>Compilación del proyecto terminada "C:\Users\Sergio\Desktop\Proyectos\BetterWinTab\BetterWinTab.csproj" (_IsProjectRestoreSupported destinos).
     1>Ejecución de la tarea "MSBuild" terminada.
       Se omitió la tarea "MSBuild" debido a una condición falsa (False); ( '$(RestoreUseSkipNonexistentTargets)' != 'true' ) se evaluó como ( 'true' != 'true' ).
       Usando la tarea "WarnForInvalidProjectsTask" del ensamblado "C:\Program Files\dotnet\sdk\8.0.413\NuGet.Build.Tasks.dll".
       Tarea "WarnForInvalidProjectsTask"
       Ejecución de la tarea "WarnForInvalidProjectsTask" terminada.
     1>Compilación terminada del destino "_FilterRestoreGraphProjectInputItems" en el proyecto "BetterWinTab.sln".
       Se omitió el destino "_FilterRestoreGraphProjectInputItems". Compilado previamente de forma correcta.
     1>Destino "_GetAllRestoreProjectPathItems" en el archivo "C:\Program Files\dotnet\sdk\8.0.413\NuGet.targets" del proyecto "C:\Users\Sergio\Desktop\Proyectos\BetterWinTab\BetterWinTab.sln" (el destino "_GenerateRestoreGraph" depende de él):
       Usando la tarea "NuGetMessageTask" del ensamblado "C:\Program Files\dotnet\sdk\8.0.413\NuGet.Build.Tasks.dll".
       Tarea "NuGetMessageTask"
         Ensamblado cargado durante TaskRun (NuGet.Build.Tasks.NuGetMessageTask): NuGet.Build.Tasks.resources, Version=6.11.1.2, Culture=es, PublicKeyToken=31bf3856ad364e35, processorArchitecture=MSIL(ubicación: C:\Program Files\dotnet\sdk\8.0.413\es\NuGet.Build.Tasks.resources.dll, MVID: c12102c3-ae63-4d0e-a295-5566fd06269f, AssemblyLoadContext: MSBuild plugin C:\Program Files\dotnet\sdk\8.0.413\NuGet.Build.Tasks.dll)
         Determinando los proyectos que se van a restaurar...
       Ejecución de la tarea "NuGetMessageTask" terminada.
       Tarea "MSBuild"
         Propiedades globales:
           ExcludeRestorePackageImports=true
           _RestoreSolutionFileUsed=true
           SolutionDir=C:\Users\Sergio\Desktop\Proyectos\BetterWinTab\
           SolutionName=BetterWinTab
           SolutionFileName=BetterWinTab.sln
           SolutionPath=C:\Users\Sergio\Desktop\Proyectos\BetterWinTab\BetterWinTab.sln
           SolutionExt=.sln
         Propiedades adicionales del proyecto "C:\Users\Sergio\Desktop\Proyectos\BetterWinTab\BetterWinTab.csproj":
           Configuration=Debug
           Platform=x64
     1>El proyecto "C:\Users\Sergio\Desktop\Proyectos\BetterWinTab\BetterWinTab.sln" (1) está compilando "C:\Users\Sergio\Desktop\Proyectos\BetterWinTab\BetterWinTab.csproj" (2:2) en el nodo 1 (_GenerateRestoreProjectPathWalk destinos).
   2:2>Se omitió el destino "_GenerateRestoreProjectPathItemsAllFrameworks" debido a una condición falsa (False); ( '$(TargetFrameworks)' != '' ) se evaluó como ( '' != '' ).
   2:2>Destino "_GenerateRestoreProjectPathItemsPerFramework" en el archivo "C:\Program Files\dotnet\sdk\8.0.413\NuGet.targets" del proyecto "C:\Users\Sergio\Desktop\Proyectos\BetterWinTab\BetterWinTab.csproj" (el destino "_GenerateRestoreProjectPathItemsCurrentProject" depende de él):
       Usando la tarea "ConvertToAbsolutePath" del ensamblado "Microsoft.Build.Tasks.Core, Version=15.1.0.0, Culture=neutral, PublicKeyToken=b03f5f7f11d50a3a".
       Tarea "ConvertToAbsolutePath"
       Ejecución de la tarea "ConvertToAbsolutePath" terminada.
   2:2>Compilación terminada del destino "_GenerateRestoreProjectPathItemsPerFramework" en el proyecto "BetterWinTab.csproj".
   2:2>Destino "_GenerateRestoreProjectPathItemsCurrentProject" en el archivo "C:\Program Files\dotnet\sdk\8.0.413\NuGet.targets" del proyecto "C:\Users\Sergio\Desktop\Proyectos\BetterWinTab\BetterWinTab.csproj" (el destino "_GenerateRestoreProjectPathItems" depende de él):
   2:2>Compilación terminada del destino "_GenerateRestoreProjectPathItemsCurrentProject" en el proyecto "BetterWinTab.csproj".
   2:2>Destino "_GenerateRestoreProjectPathItems" en el archivo "C:\Program Files\dotnet\sdk\8.0.413\NuGet.targets" del proyecto "C:\Users\Sergio\Desktop\Proyectos\BetterWinTab\BetterWinTab.csproj" (el destino "_GenerateRestoreProjectPathWalk" depende de él):
       Usando la tarea "RemoveDuplicates" del ensamblado "Microsoft.Build.Tasks.Core, Version=15.1.0.0, Culture=neutral, PublicKeyToken=b03f5f7f11d50a3a".
       Tarea "RemoveDuplicates"
       Ejecución de la tarea "RemoveDuplicates" terminada.
   2:2>Compilación terminada del destino "_GenerateRestoreProjectPathItems" en el proyecto "BetterWinTab.csproj".
   2:2>Destino "_GenerateRestoreProjectPathWalk" en el archivo "C:\Program Files\dotnet\sdk\8.0.413\NuGet.targets" del proyecto "C:\Users\Sergio\Desktop\Proyectos\BetterWinTab\BetterWinTab.csproj" (punto de entrada):
       Usando la tarea "MSBuild" del ensamblado "Microsoft.Build.Tasks.Core, Version=15.1.0.0, Culture=neutral, PublicKeyToken=b03f5f7f11d50a3a".
       Tarea "MSBuild"
       Ejecución de la tarea "MSBuild" terminada.
       Se omitió la tarea "MSBuild" debido a una condición falsa (False); ( '$(RestoreUseSkipNonexistentTargets)' != 'true' ) se evaluó como ( 'true' != 'true' ).
       Tarea "RemoveDuplicates"
       Ejecución de la tarea "RemoveDuplicates" terminada.
   2:2>Compilación terminada del destino "_GenerateRestoreProjectPathWalk" en el proyecto "BetterWinTab.csproj".
   2:2>Compilación del proyecto terminada "C:\Users\Sergio\Desktop\Proyectos\BetterWinTab\BetterWinTab.csproj" (_GenerateRestoreProjectPathWalk destinos).
     1>Ejecución de la tarea "MSBuild" terminada.
       Se omitió la tarea "MSBuild" debido a una condición falsa (False); ( '$(RestoreUseSkipNonexistentTargets)' != 'true' ) se evaluó como ( 'true' != 'true' ).
       Tarea "RemoveDuplicates"
       Ejecución de la tarea "RemoveDuplicates" terminada.
       Tarea "MSBuild"
         Propiedades globales:
           ExcludeRestorePackageImports=true
           _RestoreSolutionFileUsed=true
           SolutionDir=C:\Users\Sergio\Desktop\Proyectos\BetterWinTab\
           SolutionName=BetterWinTab
           SolutionFileName=BetterWinTab.sln
           SolutionPath=C:\Users\Sergio\Desktop\Proyectos\BetterWinTab\BetterWinTab.sln
           SolutionExt=.sln
         Propiedades adicionales del proyecto "C:\Users\Sergio\Desktop\Proyectos\BetterWinTab\BetterWinTab.csproj":
           Configuration=Debug
           Platform=x64
     1>El proyecto "C:\Users\Sergio\Desktop\Proyectos\BetterWinTab\BetterWinTab.sln" (1) está compilando "C:\Users\Sergio\Desktop\Proyectos\BetterWinTab\BetterWinTab.csproj" (2:3) en el nodo 1 (_IsProjectRestoreSupported destinos).
   2:3>Se omitió el destino "_IsProjectRestoreSupported". Compilado previamente de forma correcta.
   2:3>Compilación del proyecto terminada "C:\Users\Sergio\Desktop\Proyectos\BetterWinTab\BetterWinTab.csproj" (_IsProjectRestoreSupported destinos).
     1>Ejecución de la tarea "MSBuild" terminada.
       Se omitió la tarea "MSBuild" debido a una condición falsa (False); ( '$(RestoreUseSkipNonexistentTargets)' != 'true' ) se evaluó como ( 'true' != 'true' ).
     1>Compilación terminada del destino "_GetAllRestoreProjectPathItems" en el proyecto "BetterWinTab.sln".
     1>Destino "_GenerateRestoreGraph" en el archivo "C:\Program Files\dotnet\sdk\8.0.413\NuGet.targets" del proyecto "C:\Users\Sergio\Desktop\Proyectos\BetterWinTab\BetterWinTab.sln" (el destino "Restore" depende de él):
       Tarea "Message"
         Generating dg file
       Ejecución de la tarea "Message" terminada.
       Tarea "Message"
         C:\Users\Sergio\Desktop\Proyectos\BetterWinTab\BetterWinTab.csproj
       Ejecución de la tarea "Message" terminada.
       Tarea "MSBuild"
         Propiedades globales:
           ExcludeRestorePackageImports=true
           _RestoreSolutionFileUsed=true
           SolutionDir=C:\Users\Sergio\Desktop\Proyectos\BetterWinTab\
           SolutionName=BetterWinTab
           SolutionFileName=BetterWinTab.sln
           SolutionPath=C:\Users\Sergio\Desktop\Proyectos\BetterWinTab\BetterWinTab.sln
           SolutionExt=.sln
         Propiedades adicionales del proyecto "C:\Users\Sergio\Desktop\Proyectos\BetterWinTab\BetterWinTab.csproj":
           Configuration=Debug
           Platform=x64
     1>El proyecto "C:\Users\Sergio\Desktop\Proyectos\BetterWinTab\BetterWinTab.sln" (1) está compilando "C:\Users\Sergio\Desktop\Proyectos\BetterWinTab\BetterWinTab.csproj" (2:4) en el nodo 1 (_GenerateRestoreGraphProjectEntry destinos).
   2:4>Destino "_GetProjectJsonPath" en el archivo "C:\Program Files\dotnet\sdk\8.0.413\NuGet.targets" del proyecto "C:\Users\Sergio\Desktop\Proyectos\BetterWinTab\BetterWinTab.csproj" (el destino "_GetRestoreProjectStyle" depende de él):
   2:4>Se omitió la tarea "GetRestoreProjectJsonPathTask" debido a una condición falsa (False); ( '$(RestoreProjectStyle)' == 'ProjectJson' OR '$(RestoreProjectStyle)' == '' ) se evaluó como ( 'PackageReference' == 'ProjectJson' OR 'PackageReference' == '' ).
   2:4>Compilación terminada del destino "_GetProjectJsonPath" en el proyecto "BetterWinTab.csproj".
       Se omitió el destino "_CheckForMissingWorkload" debido a una condición falsa (False); ('@(MissingWorkloadPack)' != '' And '$(DesignTimeBuild)' != 'true') se evaluó como ('' != '' And '' != 'true').
   2:4>Destino "_CheckForUnsupportedTargetPlatformIdentifier" en el archivo "C:\Program Files\dotnet\sdk\8.0.413\Sdks\Microsoft.NET.Sdk\targets\Microsoft.NET.TargetFrameworkInference.targets" del proyecto "C:\Users\Sergio\Desktop\Proyectos\BetterWinTab\BetterWinTab.csproj" (el destino "CollectPackageReferences" depende de él):
       Se omitió la tarea "NETSdkError" debido a una condición falsa (False); ('$(TargetPlatformSupported)' != 'true' and '$(UseWorkloadsSpecificError)' != 'true') se evaluó como ('true' != 'true' and '' != 'true').
       Se omitió la tarea "NETSdkError" debido a una condición falsa (False); ('$(TargetPlatformSupported)' != 'true' and '$(UseWorkloadsSpecificError)' == 'true') se evaluó como ('true' != 'true' and '' == 'true').
   2:4>Compilación terminada del destino "_CheckForUnsupportedTargetPlatformIdentifier" en el proyecto "BetterWinTab.csproj".
   2:4>Destino "_CheckForUnsupportedNETCoreVersion" en el archivo "C:\Program Files\dotnet\sdk\8.0.413\Sdks\Microsoft.NET.Sdk\targets\Microsoft.NET.TargetFrameworkInference.targets" del proyecto "C:\Users\Sergio\Desktop\Proyectos\BetterWinTab\BetterWinTab.csproj" (el destino "CollectPackageReferences" depende de él):
       Se omitió la tarea "NETSdkError" debido a una condición falsa (False); ('$(_TargetFrameworkVersionWithoutV)' > '$(NETCoreAppMaximumVersion)' and '$(DisplayVSMessage)' != 'true') se evaluó como ('8.0' > '8.0' and '' != 'true').
       Se omitió la tarea "NETSdkError" debido a una condición falsa (False); ('$(DisplayVSMessage)' == 'true') se evaluó como ('' == 'true').
   2:4>Compilación terminada del destino "_CheckForUnsupportedNETCoreVersion" en el proyecto "BetterWinTab.csproj".
       Se omitió el destino "_CheckForEolTargetFrameworks" debido a una condición falsa (False); ('@(_EolNetCoreTargetFrameworkVersions->AnyHaveMetadataValue('Identity', '$(_TargetFrameworkVersionWithoutV)'))' and '$(TargetFrameworkIdentifier)' == '.NETCoreApp' and '$(CheckEolTargetFramework)' == 'true') se evaluó como ('false' and '.NETCoreApp' == '.NETCoreApp' and 'true' == 'true').
       Se omitió el destino "_CheckForEolWorkloads" debido a una condición falsa (False); ('@(EolWorkload)' != '' and '$(CheckEolWorkloads)' == 'true') se evaluó como ('' != '' and 'true' == 'true').
   2:4>Destino "_CheckForUnsupportedCppNETCoreVersion" en el archivo "C:\Program Files\dotnet\sdk\8.0.413\Sdks\Microsoft.NET.Sdk\targets\Microsoft.NET.TargetFrameworkInference.targets" del proyecto "C:\Users\Sergio\Desktop\Proyectos\BetterWinTab\BetterWinTab.csproj" (el destino "CollectPackageReferences" depende de él):
       Se omitió la tarea "NETSdkError" debido a una condición falsa (False); ('$(TargetFrameworkIdentifier)' == '.NETCoreApp' and '$(_TargetFrameworkVersionWithoutV)' < '3.1' and ('$(Language)' == 'C++' and '$(_EnablePackageReferencesInVCProjects)' != 'true')) se evaluó como ('.NETCoreApp' == '.NETCoreApp' and '8.0' < '3.1' and ('C#' == 'C++' and '' != 'true')).
   2:4>Compilación terminada del destino "_CheckForUnsupportedCppNETCoreVersion" en el proyecto "BetterWinTab.csproj".
       Se omitió el destino "_CheckForUnsupportedNETStandardVersion" debido a una condición falsa (False); ('$(TargetFrameworkIdentifier)' == '.NETStandard' And '$(NETStandardMaximumVersion)' != '') se evaluó como ('.NETCoreApp' == '.NETStandard' And '' != '').
       Se omitió el destino "_CheckForUnsupportedTargetFrameworkAndFeatureCombination" debido a una condición falsa (False); ('$(TargetFrameworkIdentifier)' == '.NETFramework') se evaluó como ('.NETCoreApp' == '.NETFramework').
   2:4>Destino "UpdateAspNetToFrameworkReference" en el archivo "C:\Program Files\dotnet\sdk\8.0.413\Sdks\Microsoft.NET.Sdk\targets\Microsoft.NET.Sdk.DefaultItems.Shared.targets" del proyecto "C:\Users\Sergio\Desktop\Proyectos\BetterWinTab\BetterWinTab.csproj" (el destino "ApplyImplicitVersions" depende de él):
       Usando la tarea "CheckIfPackageReferenceShouldBeFrameworkReference" del ensamblado "C:\Program Files\dotnet\sdk\8.0.413\Sdks\Microsoft.NET.Sdk\targets\..\tools\net8.0\Microsoft.NET.Build.Tasks.dll".
       Tarea "CheckIfPackageReferenceShouldBeFrameworkReference"
       Ejecución de la tarea "CheckIfPackageReferenceShouldBeFrameworkReference" terminada.
       Se omitió la tarea "NETSdkError" debido a una condición falsa (False); ('$(_ShouldRemoveAspNetCoreAll)' == 'true') se evaluó como ('False' == 'true').
       Tarea "CheckIfPackageReferenceShouldBeFrameworkReference"
       Ejecución de la tarea "CheckIfPackageReferenceShouldBeFrameworkReference" terminada.
       Se omitió la tarea "NETSdkWarning" debido a una condición falsa (False); ('$(_ShouldRemoveAspNetCoreApp)' == 'true') se evaluó como ('False' == 'true').
   2:4>Compilación terminada del destino "UpdateAspNetToFrameworkReference" en el proyecto "BetterWinTab.csproj".
       Se omitió el destino "IncludeTargetingPackReference" debido a una condición falsa (False); ('$(TargetFrameworkMoniker)' != '' and '$(TargetFrameworkIdentifier)' == '.NETFramework' and '$(AutomaticallyUseReferenceAssemblyPackages)' == 'true') se evaluó como ('.NETCoreApp,Version=v8.0' != '' and '.NETCoreApp' == '.NETFramework' and 'true' == 'true').
   2:4>Destino "CheckForImplicitPackageReferenceOverrides" en el archivo "C:\Program Files\dotnet\sdk\8.0.413\Sdks\Microsoft.NET.Sdk\targets\Microsoft.NET.Sdk.DefaultItems.Shared.targets" del proyecto "C:\Users\Sergio\Desktop\Proyectos\BetterWinTab\BetterWinTab.csproj" (el destino "ApplyImplicitVersions" depende de él):
       Usando la tarea "CheckForImplicitPackageReferenceOverrides" del ensamblado "C:\Program Files\dotnet\sdk\8.0.413\Sdks\Microsoft.NET.Sdk\targets\..\tools\net8.0\Microsoft.NET.Build.Tasks.dll".
       Tarea "CheckForImplicitPackageReferenceOverrides"
       Ejecución de la tarea "CheckForImplicitPackageReferenceOverrides" terminada.
   2:4>Compilación terminada del destino "CheckForImplicitPackageReferenceOverrides" en el proyecto "BetterWinTab.csproj".
   2:4>Destino "ApplyImplicitVersions" en el archivo "C:\Program Files\dotnet\sdk\8.0.413\Sdks\Microsoft.NET.Sdk\targets\Microsoft.NET.Sdk.DefaultItems.Shared.targets" del proyecto "C:\Users\Sergio\Desktop\Proyectos\BetterWinTab\BetterWinTab.csproj" (el destino "CollectPackageReferences" depende de él):
       Usando la tarea "ApplyImplicitVersions" del ensamblado "C:\Program Files\dotnet\sdk\8.0.413\Sdks\Microsoft.NET.Sdk\targets\..\tools\net8.0\Microsoft.NET.Build.Tasks.dll".
       Tarea "ApplyImplicitVersions"
       Ejecución de la tarea "ApplyImplicitVersions" terminada.
   2:4>Compilación terminada del destino "ApplyImplicitVersions" en el proyecto "BetterWinTab.csproj".
       Se omitió el destino "CheckForImplicitPackageReferenceOverrides". Compilado previamente de forma correcta.
   2:4>Destino "AddWindowsSdkKnownFrameworkReferences" en el archivo "C:\Program Files\dotnet\sdk\8.0.413\Sdks\Microsoft.NET.Sdk\targets\Microsoft.NET.Sdk.FrameworkReferenceResolution.targets" del proyecto "C:\Users\Sergio\Desktop\Proyectos\BetterWinTab\BetterWinTab.csproj" (el destino "ProcessFrameworkReferences" depende de él):
       Usando la tarea "CreateWindowsSdkKnownFrameworkReferences" del ensamblado "C:\Program Files\dotnet\sdk\8.0.413\Sdks\Microsoft.NET.Sdk\targets\..\tools\net8.0\Microsoft.NET.Build.Tasks.dll".
       Tarea "CreateWindowsSdkKnownFrameworkReferences"
       Ejecución de la tarea "CreateWindowsSdkKnownFrameworkReferences" terminada.
   2:4>Compilación terminada del destino "AddWindowsSdkKnownFrameworkReferences" en el proyecto "BetterWinTab.csproj".
   2:4>Destino "_NormalizeTargetPlatformVersion" en el archivo "C:\Program Files\dotnet\sdk\8.0.413\Sdks\Microsoft.NET.Sdk\targets\Microsoft.NET.TargetFrameworkInference.targets" del proyecto "C:\Users\Sergio\Desktop\Proyectos\BetterWinTab\BetterWinTab.csproj" (el destino "ProcessFrameworkReferences" depende de él):
   2:4>Compilación terminada del destino "_NormalizeTargetPlatformVersion" en el proyecto "BetterWinTab.csproj".
   2:4>Destino "_CheckForLanguageAndFeatureCombinationSupport" en el archivo "C:\Program Files\dotnet\sdk\8.0.413\Sdks\Microsoft.NET.Sdk\targets\Microsoft.NET.RuntimeIdentifierInference.targets" del proyecto "C:\Users\Sergio\Desktop\Proyectos\BetterWinTab\BetterWinTab.csproj" (el destino "ProcessFrameworkReferences" depende de él):
       Se omitió la tarea "NETSdkError" debido a una condición falsa (False); (('$(Language)' == 'C++' and '$(_EnablePackageReferencesInVCProjects)' != 'true') and $(OutputType) != 'library' and '$(TargetFrameworkIdentifier)' == '.NETCoreApp') se evaluó como (('C#' == 'C++' and '' != 'true') and WinExe != 'library' and '.NETCoreApp' == '.NETCoreApp').
       Se omitió la tarea "NETSdkError" debido a una condición falsa (False); (('$(Language)' == 'C++' and '$(_EnablePackageReferencesInVCProjects)' != 'true') and $(EnableComHosting) == 'true') se evaluó como (('C#' == 'C++' and '' != 'true') and  == 'true').
       Se omitió la tarea "NETSdkError" debido a una condición falsa (False); (('$(Language)' == 'C++' and '$(_EnablePackageReferencesInVCProjects)' != 'true') and $(SelfContained) == 'true') se evaluó como (('C#' == 'C++' and '' != 'true') and true == 'true').
   2:4>Compilación terminada del destino "_CheckForLanguageAndFeatureCombinationSupport" en el proyecto "BetterWinTab.csproj".
   2:4>Destino "_ComputeToolPackInputsToProcessFrameworkReferences" en el archivo "C:\Program Files\dotnet\sdk\8.0.413\Sdks\Microsoft.NET.Sdk\targets\Microsoft.NET.Publish.targets" del proyecto "C:\Users\Sergio\Desktop\Proyectos\BetterWinTab\BetterWinTab.csproj" (el destino "ProcessFrameworkReferences" depende de él):
   2:4>Compilación terminada del destino "_ComputeToolPackInputsToProcessFrameworkReferences" en el proyecto "BetterWinTab.csproj".
   2:4>Destino "ProcessFrameworkReferences" en el archivo "C:\Program Files\dotnet\sdk\8.0.413\Sdks\Microsoft.NET.Sdk\targets\Microsoft.NET.Sdk.FrameworkReferenceResolution.targets" del proyecto "C:\Users\Sergio\Desktop\Proyectos\BetterWinTab\BetterWinTab.csproj" (el destino "CollectPackageReferences" depende de él):
       Usando la tarea "CheckForDuplicateFrameworkReferences" del ensamblado "C:\Program Files\dotnet\sdk\8.0.413\Sdks\Microsoft.NET.Sdk\targets\..\tools\net8.0\Microsoft.NET.Build.Tasks.dll".
       Tarea "CheckForDuplicateFrameworkReferences"
       Ejecución de la tarea "CheckForDuplicateFrameworkReferences" terminada.
       Usando la tarea "ProcessFrameworkReferences" del ensamblado "C:\Program Files\dotnet\sdk\8.0.413\Sdks\Microsoft.NET.Sdk\targets\..\tools\net8.0\Microsoft.NET.Build.Tasks.dll".
       Tarea "ProcessFrameworkReferences"
       Ejecución de la tarea "ProcessFrameworkReferences" terminada.
       Usando la tarea "ResolveAppHosts" del ensamblado "C:\Program Files\dotnet\sdk\8.0.413\Sdks\Microsoft.NET.Sdk\targets\..\tools\net8.0\Microsoft.NET.Build.Tasks.dll".
       Tarea "ResolveAppHosts"
       Ejecución de la tarea "ResolveAppHosts" terminada.
   2:4>Compilación terminada del destino "ProcessFrameworkReferences" en el proyecto "BetterWinTab.csproj".
       Se omitió el destino "IncludeTargetingPackReference" debido a una condición falsa (False); ('$(TargetFrameworkMoniker)' != '' and '$(TargetFrameworkIdentifier)' == '.NETFramework' and '$(AutomaticallyUseReferenceAssemblyPackages)' == 'true') se evaluó como ('.NETCoreApp,Version=v8.0' != '' and '.NETCoreApp' == '.NETFramework' and 'true' == 'true').
   2:4>Destino "_AddMicrosoftNetCompilerToolsetFrameworkPackage" en el archivo "C:\Program Files\dotnet\sdk\8.0.413\Sdks\Microsoft.NET.Sdk\targets\Microsoft.NET.Sdk.targets" del proyecto "C:\Users\Sergio\Desktop\Proyectos\BetterWinTab\BetterWinTab.csproj" (el destino "CollectPackageReferences" depende de él):
       Se omitió la tarea "NETSdkWarning" debido a una condición falsa (False); ('@(PackageReference->AnyHaveMetadataValue('Identity', 'Microsoft.Net.Compilers.Toolset.Framework'))' == 'true') se evaluó como ('false' == 'true').
   2:4>Compilación terminada del destino "_AddMicrosoftNetCompilerToolsetFrameworkPackage" en el proyecto "BetterWinTab.csproj".
   2:4>Destino "_CheckForObsoleteDotNetCliToolReferences" en el archivo "C:\Program Files\dotnet\sdk\8.0.413\Sdks\Microsoft.NET.Sdk\targets\Microsoft.NET.ObsoleteReferences.targets" del proyecto "C:\Users\Sergio\Desktop\Proyectos\BetterWinTab\BetterWinTab.csproj" (el destino "CollectPackageReferences" depende de él):
       Se omitió la tarea "NETSdkWarning" debido a una condición falsa (False); ( '%(_ReferenceToObsoleteDotNetCliTool.Identity)' != '' ) se evaluó como ( '' != '' ).
   2:4>Compilación terminada del destino "_CheckForObsoleteDotNetCliToolReferences" en el proyecto "BetterWinTab.csproj".
   2:4>Destino "CollectPackageReferences" en el archivo "C:\Program Files\dotnet\sdk\8.0.413\NuGet.targets" del proyecto "C:\Users\Sergio\Desktop\Proyectos\BetterWinTab\BetterWinTab.csproj" (el destino "_GetRestoreProjectStyle" depende de él):
       Usando la tarea "CheckForDuplicateNuGetItemsTask" del ensamblado "C:\Program Files\dotnet\sdk\8.0.413\NuGet.Build.Tasks.dll".
       Tarea "CheckForDuplicateNuGetItemsTask"
       Ejecución de la tarea "CheckForDuplicateNuGetItemsTask" terminada.
   2:4>Compilación terminada del destino "CollectPackageReferences" en el proyecto "BetterWinTab.csproj".
   2:4>Destino "_GetRestoreProjectStyle" en el archivo "C:\Program Files\dotnet\sdk\8.0.413\NuGet.targets" del proyecto "C:\Users\Sergio\Desktop\Proyectos\BetterWinTab\BetterWinTab.csproj" (el destino "_GenerateRestoreSpecs" depende de él):
       Usando la tarea "GetRestoreProjectStyleTask" del ensamblado "C:\Program Files\dotnet\sdk\8.0.413\NuGet.Build.Tasks.dll".
       Tarea "GetRestoreProjectStyleTask"
       Ejecución de la tarea "GetRestoreProjectStyleTask" terminada.
   2:4>Compilación terminada del destino "_GetRestoreProjectStyle" en el proyecto "BetterWinTab.csproj".
   2:4>Destino "_GenerateRestoreSpecs" en el archivo "C:\Program Files\dotnet\sdk\8.0.413\NuGet.targets" del proyecto "C:\Users\Sergio\Desktop\Proyectos\BetterWinTab\BetterWinTab.csproj" (el destino "_GenerateRestoreGraphProjectEntry" depende de él):
       Usando la tarea "Message" del ensamblado "Microsoft.Build.Tasks.Core, Version=15.1.0.0, Culture=neutral, PublicKeyToken=b03f5f7f11d50a3a".
       Tarea "Message"
         Restore entry point C:\Users\Sergio\Desktop\Proyectos\BetterWinTab\BetterWinTab.csproj
       Ejecución de la tarea "Message" terminada.
   2:4>Compilación terminada del destino "_GenerateRestoreSpecs" en el proyecto "BetterWinTab.csproj".
   2:4>Destino "_GetRestoreSettingsOverrides" en el archivo "C:\Program Files\dotnet\sdk\8.0.413\NuGet.targets" del proyecto "C:\Users\Sergio\Desktop\Proyectos\BetterWinTab\BetterWinTab.csproj" (el destino "_GetRestoreSettings" depende de él):
       Se omitió la tarea "MSBuild" debido a una condición falsa (False); ( '$(RestorePackagesPath)' != '' ) se evaluó como ( '' != '' ).
       Se omitió la tarea "MSBuild" debido a una condición falsa (False); ( '$(RestoreRepositoryPathOverride)' != '' ) se evaluó como ( '' != '' ).
       Se omitió la tarea "MSBuild" debido a una condición falsa (False); ( '$(RestoreSources)' != '' ) se evaluó como ( '' != '' ).
       Se omitió la tarea "MSBuild" debido a una condición falsa (False); ( '$(RestoreFallbackFolders)' != '' ) se evaluó como ( '' != '' ).
   2:4>Compilación terminada del destino "_GetRestoreSettingsOverrides" en el proyecto "BetterWinTab.csproj".
   2:4>Destino "_GetRestoreSettingsPerFramework" en el archivo "C:\Program Files\dotnet\sdk\8.0.413\NuGet.targets" del proyecto "C:\Users\Sergio\Desktop\Proyectos\BetterWinTab\BetterWinTab.csproj" (el destino "_GetRestoreSettingsCurrentProject" depende de él):
   2:4>Compilación terminada del destino "_GetRestoreSettingsPerFramework" en el proyecto "BetterWinTab.csproj".
   2:4>Destino "_GetRestoreSettingsCurrentProject" en el archivo "C:\Program Files\dotnet\sdk\8.0.413\NuGet.targets" del proyecto "C:\Users\Sergio\Desktop\Proyectos\BetterWinTab\BetterWinTab.csproj" (el destino "_GetRestoreSettings" depende de él):
   2:4>Compilación terminada del destino "_GetRestoreSettingsCurrentProject" en el proyecto "BetterWinTab.csproj".
       Se omitió el destino "_GetRestoreSettingsAllFrameworks" debido a una condición falsa (False); ( '$(TargetFrameworks)' != '' AND '$(PackageReferenceCompatibleProjectStyle)' == 'true' ) se evaluó como ( '' != '' AND 'True' == 'true' ).
   2:4>Destino "_GetRestoreSettings" en el archivo "C:\Program Files\dotnet\sdk\8.0.413\NuGet.targets" del proyecto "C:\Users\Sergio\Desktop\Proyectos\BetterWinTab\BetterWinTab.csproj" (el destino "_GenerateDotnetCliToolReferenceSpecs" depende de él):
       Usando la tarea "GetRestoreSettingsTask" del ensamblado "C:\Program Files\dotnet\sdk\8.0.413\NuGet.Build.Tasks.dll".
       Tarea "GetRestoreSettingsTask"
         Ensamblado cargado durante TaskRun (NuGet.Build.Tasks.GetRestoreSettingsTask): NuGet.Configuration, Version=6.11.1.2, Culture=neutral, PublicKeyToken=31bf3856ad364e35(ubicación: C:\Program Files\dotnet\sdk\8.0.413\NuGet.Configuration.dll, MVID: be7e3e57-42a2-4a9c-87cf-47833efa7f94, AssemblyLoadContext: MSBuild plugin C:\Program Files\dotnet\sdk\8.0.413\NuGet.Build.Tasks.dll)
       Ejecución de la tarea "GetRestoreSettingsTask" terminada.
   2:4>Compilación terminada del destino "_GetRestoreSettings" en el proyecto "BetterWinTab.csproj".
   2:4>Destino "_GenerateDotnetCliToolReferenceSpecs" en el archivo "C:\Program Files\dotnet\sdk\8.0.413\NuGet.targets" del proyecto "C:\Users\Sergio\Desktop\Proyectos\BetterWinTab\BetterWinTab.csproj" (el destino "_GenerateRestoreGraphProjectEntry" depende de él):
       Usando la tarea "GetRestoreDotnetCliToolsTask" del ensamblado "C:\Program Files\dotnet\sdk\8.0.413\NuGet.Build.Tasks.dll".
       Tarea "GetRestoreDotnetCliToolsTask"
       Ejecución de la tarea "GetRestoreDotnetCliToolsTask" terminada.
   2:4>Compilación terminada del destino "_GenerateDotnetCliToolReferenceSpecs" en el proyecto "BetterWinTab.csproj".
   2:4>Destino "_GenerateRestoreGraphProjectEntry" en el archivo "C:\Program Files\dotnet\sdk\8.0.413\NuGet.targets" del proyecto "C:\Users\Sergio\Desktop\Proyectos\BetterWinTab\BetterWinTab.csproj" (punto de entrada):
   2:4>Compilación terminada del destino "_GenerateRestoreGraphProjectEntry" en el proyecto "BetterWinTab.csproj".
   2:4>Compilación del proyecto terminada "C:\Users\Sergio\Desktop\Proyectos\BetterWinTab\BetterWinTab.csproj" (_GenerateRestoreGraphProjectEntry destinos).
     1>Ejecución de la tarea "MSBuild" terminada.
       Tarea "MSBuild"
         Propiedades globales:
           ExcludeRestorePackageImports=true
           _RestoreSolutionFileUsed=true
           SolutionDir=C:\Users\Sergio\Desktop\Proyectos\BetterWinTab\
           SolutionName=BetterWinTab
           SolutionFileName=BetterWinTab.sln
           SolutionPath=C:\Users\Sergio\Desktop\Proyectos\BetterWinTab\BetterWinTab.sln
           SolutionExt=.sln
         Propiedades adicionales del proyecto "C:\Users\Sergio\Desktop\Proyectos\BetterWinTab\BetterWinTab.csproj":
           Configuration=Debug
           Platform=x64
     1>El proyecto "C:\Users\Sergio\Desktop\Proyectos\BetterWinTab\BetterWinTab.sln" (1) está compilando "C:\Users\Sergio\Desktop\Proyectos\BetterWinTab\BetterWinTab.csproj" (2:5) en el nodo 1 (_GenerateProjectRestoreGraph destinos).
   2:5>Se omitió el destino "_GetRestoreProjectStyle". Compilado previamente de forma correcta.
       Se omitió el destino "_GetRestoreProjectStyle". Compilado previamente de forma correcta.
       Se omitió el destino "_GetRestoreProjectStyle". Compilado previamente de forma correcta.
   2:5>Destino "_GetRestoreTargetFrameworkOverride" en el archivo "C:\Program Files\dotnet\sdk\8.0.413\NuGet.targets" del proyecto "C:\Users\Sergio\Desktop\Proyectos\BetterWinTab\BetterWinTab.csproj" (el destino "_GetRestoreTargetFrameworksOutput" depende de él):
       Se omitió la tarea "GetGlobalPropertyValueTask" debido a una condición falsa (False); ( '$(TargetFrameworks)' != '' ) se evaluó como ( '' != '' ).
   2:5>Compilación terminada del destino "_GetRestoreTargetFrameworkOverride" en el proyecto "BetterWinTab.csproj".
   2:5>Destino "_GetRestoreTargetFrameworksOutput" en el archivo "C:\Program Files\dotnet\sdk\8.0.413\NuGet.targets" del proyecto "C:\Users\Sergio\Desktop\Proyectos\BetterWinTab\BetterWinTab.csproj" (el destino "_GenerateRestoreProjectSpec" depende de él):
       Usando la tarea "GetProjectTargetFrameworksTask" del ensamblado "C:\Program Files\dotnet\sdk\8.0.413\NuGet.Build.Tasks.dll".
       Tarea "GetProjectTargetFrameworksTask"
       Ejecución de la tarea "GetProjectTargetFrameworksTask" terminada.
   2:5>Compilación terminada del destino "_GetRestoreTargetFrameworksOutput" en el proyecto "BetterWinTab.csproj".
       Se omitió el destino "_GetRestoreSettings". Compilado previamente de forma correcta.
   2:5>Destino "_GenerateRestoreProjectSpec" en el archivo "C:\Program Files\dotnet\sdk\8.0.413\NuGet.targets" del proyecto "C:\Users\Sergio\Desktop\Proyectos\BetterWinTab\BetterWinTab.csproj" (el destino "_GenerateProjectRestoreGraph" depende de él):
       Tarea "ConvertToAbsolutePath"
       Ejecución de la tarea "ConvertToAbsolutePath" terminada.
   2:5>Compilación terminada del destino "_GenerateRestoreProjectSpec" en el proyecto "BetterWinTab.csproj".
       Se omitió el destino "_GenerateProjectRestoreGraphAllFrameworks" debido a una condición falsa (False); ( '$(TargetFrameworks)' != '' ) se evaluó como ( '' != '' ).
       Se omitió el destino "_GetRestoreProjectStyle". Compilado previamente de forma correcta.
       Se omitió el destino "CollectPackageReferences". Compilado previamente de forma correcta.
   2:5>Destino "CollectPackageDownloads" en el archivo "C:\Program Files\dotnet\sdk\8.0.413\NuGet.targets" del proyecto "C:\Users\Sergio\Desktop\Proyectos\BetterWinTab\BetterWinTab.csproj" (el destino "_CollectRestoreInputs" depende de él):
       Tarea "CheckForDuplicateNuGetItemsTask"
       Ejecución de la tarea "CheckForDuplicateNuGetItemsTask" terminada.
   2:5>Compilación terminada del destino "CollectPackageDownloads" en el proyecto "BetterWinTab.csproj".
   2:5>Destino "CollectFrameworkReferences" en el archivo "C:\Program Files\dotnet\sdk\8.0.413\NuGet.targets" del proyecto "C:\Users\Sergio\Desktop\Proyectos\BetterWinTab\BetterWinTab.csproj" (el destino "_CollectRestoreInputs" depende de él):
   2:5>Compilación terminada del destino "CollectFrameworkReferences" en el proyecto "BetterWinTab.csproj".
   2:5>Destino "CollectCentralPackageVersions" en el archivo "C:\Program Files\dotnet\sdk\8.0.413\NuGet.targets" del proyecto "C:\Users\Sergio\Desktop\Proyectos\BetterWinTab\BetterWinTab.csproj" (el destino "_CollectRestoreInputs" depende de él):
       Tarea "CheckForDuplicateNuGetItemsTask"
       Ejecución de la tarea "CheckForDuplicateNuGetItemsTask" terminada.
   2:5>Compilación terminada del destino "CollectCentralPackageVersions" en el proyecto "BetterWinTab.csproj".
   2:5>Destino "CollectNuGetAuditSuppressions" en el archivo "C:\Program Files\dotnet\sdk\8.0.413\NuGet.targets" del proyecto "C:\Users\Sergio\Desktop\Proyectos\BetterWinTab\BetterWinTab.csproj" (el destino "_CollectRestoreInputs" depende de él):
       Tarea "CheckForDuplicateNuGetItemsTask"
       Ejecución de la tarea "CheckForDuplicateNuGetItemsTask" terminada.
   2:5>Compilación terminada del destino "CollectNuGetAuditSuppressions" en el proyecto "BetterWinTab.csproj".
   2:5>Destino "_CollectRestoreInputs" en el archivo "C:\Program Files\dotnet\sdk\8.0.413\NuGet.targets" del proyecto "C:\Users\Sergio\Desktop\Proyectos\BetterWinTab\BetterWinTab.csproj" (el destino "_GenerateProjectRestoreGraphPerFramework" depende de él):
   2:5>Compilación terminada del destino "_CollectRestoreInputs" en el proyecto "BetterWinTab.csproj".
       Se omitió el destino "PrepRestoreForStoreProjects" debido a una condición falsa (False); ('$(StorePackageName)' != '') se evaluó como ('' != '').
   2:5>Destino "_GenerateProjectRestoreGraphPerFramework" en el archivo "C:\Program Files\dotnet\sdk\8.0.413\NuGet.targets" del proyecto "C:\Users\Sergio\Desktop\Proyectos\BetterWinTab\BetterWinTab.csproj" (el destino "_GenerateProjectRestoreGraphCurrentProject" depende de él):
       Usando la tarea "GetRestoreProjectReferencesTask" del ensamblado "C:\Program Files\dotnet\sdk\8.0.413\NuGet.Build.Tasks.dll".
       Tarea "GetRestoreProjectReferencesTask"
       Ejecución de la tarea "GetRestoreProjectReferencesTask" terminada.
       Usando la tarea "GetRestorePackageReferencesTask" del ensamblado "C:\Program Files\dotnet\sdk\8.0.413\NuGet.Build.Tasks.dll".
       Tarea "GetRestorePackageReferencesTask"
       Ejecución de la tarea "GetRestorePackageReferencesTask" terminada.
       Se omitió la tarea "GetCentralPackageVersionsTask" debido a una condición falsa (False); ( '$(PackageReferenceCompatibleProjectStyle)' == 'true' AND '$(_CentralPackageVersionsEnabled)' == 'true' ) se evaluó como ( 'True' == 'true' AND '' == 'true' ).
       Usando la tarea "GetRestorePackageDownloadsTask" del ensamblado "C:\Program Files\dotnet\sdk\8.0.413\NuGet.Build.Tasks.dll".
       Tarea "GetRestorePackageDownloadsTask"
       Ejecución de la tarea "GetRestorePackageDownloadsTask" terminada.
       Usando la tarea "GetRestoreFrameworkReferencesTask" del ensamblado "C:\Program Files\dotnet\sdk\8.0.413\NuGet.Build.Tasks.dll".
       Tarea "GetRestoreFrameworkReferencesTask"
       Ejecución de la tarea "GetRestoreFrameworkReferencesTask" terminada.
       Usando la tarea "GetRestoreNuGetAuditSuppressionsTask" del ensamblado "C:\Program Files\dotnet\sdk\8.0.413\NuGet.Build.Tasks.dll".
       Tarea "GetRestoreNuGetAuditSuppressionsTask"
       Ejecución de la tarea "GetRestoreNuGetAuditSuppressionsTask" terminada.
   2:5>Compilación terminada del destino "_GenerateProjectRestoreGraphPerFramework" en el proyecto "BetterWinTab.csproj".
   2:5>Destino "_GenerateProjectRestoreGraphCurrentProject" en el archivo "C:\Program Files\dotnet\sdk\8.0.413\NuGet.targets" del proyecto "C:\Users\Sergio\Desktop\Proyectos\BetterWinTab\BetterWinTab.csproj" (el destino "_GenerateRestoreDependencies" depende de él):
   2:5>Compilación terminada del destino "_GenerateProjectRestoreGraphCurrentProject" en el proyecto "BetterWinTab.csproj".
   2:5>Destino "_GenerateRestoreDependencies" en el archivo "C:\Program Files\dotnet\sdk\8.0.413\NuGet.targets" del proyecto "C:\Users\Sergio\Desktop\Proyectos\BetterWinTab\BetterWinTab.csproj" (el destino "_GenerateProjectRestoreGraph" depende de él):
   2:5>Compilación terminada del destino "_GenerateRestoreDependencies" en el proyecto "BetterWinTab.csproj".
   2:5>Destino "_GenerateProjectRestoreGraph" en el archivo "C:\Program Files\dotnet\sdk\8.0.413\NuGet.targets" del proyecto "C:\Users\Sergio\Desktop\Proyectos\BetterWinTab\BetterWinTab.csproj" (punto de entrada):
   2:5>Compilación terminada del destino "_GenerateProjectRestoreGraph" en el proyecto "BetterWinTab.csproj".
   2:5>Compilación del proyecto terminada "C:\Users\Sergio\Desktop\Proyectos\BetterWinTab\BetterWinTab.csproj" (_GenerateProjectRestoreGraph destinos).
     1>Ejecución de la tarea "MSBuild" terminada.
     1>Compilación terminada del destino "_GenerateRestoreGraph" en el proyecto "BetterWinTab.sln".
     1>Destino "Restore" en el archivo "C:\Program Files\dotnet\sdk\8.0.413\NuGet.targets" del proyecto "C:\Users\Sergio\Desktop\Proyectos\BetterWinTab\BetterWinTab.sln" (punto de entrada):
       Tarea "RemoveDuplicates"
       Ejecución de la tarea "RemoveDuplicates" terminada.
       Usando la tarea "RestoreTask" del ensamblado "C:\Program Files\dotnet\sdk\8.0.413\NuGet.Build.Tasks.dll".
       Tarea "RestoreTask"
         Ensamblado cargado durante TaskRun (NuGet.Build.Tasks.RestoreTask): NuGet.Packaging, Version=6.11.1.2, Culture=neutral, PublicKeyToken=31bf3856ad364e35(ubicación: C:\Program Files\dotnet\sdk\8.0.413\NuGet.Packaging.dll, MVID: c3569465-2284-4cdc-80fa-53f23ad5a901, AssemblyLoadContext: MSBuild plugin C:\Program Files\dotnet\sdk\8.0.413\NuGet.Build.Tasks.dll)
         Ensamblado cargado durante TaskRun (NuGet.Build.Tasks.RestoreTask): NuGet.LibraryModel, Version=6.11.1.2, Culture=neutral, PublicKeyToken=31bf3856ad364e35(ubicación: C:\Program Files\dotnet\sdk\8.0.413\NuGet.LibraryModel.dll, MVID: 9c74e240-a36b-4261-ae2d-466984d97095, AssemblyLoadContext: MSBuild plugin C:\Program Files\dotnet\sdk\8.0.413\NuGet.Build.Tasks.dll)
         Ensamblado cargado durante TaskRun (NuGet.Build.Tasks.RestoreTask): NuGet.Versioning, Version=6.11.1.2, Culture=neutral, PublicKeyToken=31bf3856ad364e35(ubicación: C:\Program Files\dotnet\sdk\8.0.413\NuGet.Versioning.dll, MVID: 0ff30a8a-7983-4ede-bc2f-f9d2f526b309, AssemblyLoadContext: MSBuild plugin C:\Program Files\dotnet\sdk\8.0.413\NuGet.Build.Tasks.dll)
         Ensamblado cargado durante TaskRun (NuGet.Build.Tasks.RestoreTask): NuGet.Frameworks, Version=6.11.1.2, Culture=neutral, PublicKeyToken=31bf3856ad364e35(ubicación: C:\Program Files\dotnet\sdk\8.0.413\NuGet.Frameworks.dll, MVID: 36fa17a1-abb6-4cce-b85c-dd32a6dcc45f, AssemblyLoadContext: MSBuild plugin C:\Program Files\dotnet\sdk\8.0.413\NuGet.Build.Tasks.dll)
         Ensamblado cargado durante TaskRun (NuGet.Build.Tasks.RestoreTask): NuGet.Protocol, Version=6.11.1.2, Culture=neutral, PublicKeyToken=31bf3856ad364e35(ubicación: C:\Program Files\dotnet\sdk\8.0.413\NuGet.Protocol.dll, MVID: 65288774-e726-408e-8bb6-d22100f75eed, AssemblyLoadContext: MSBuild plugin C:\Program Files\dotnet\sdk\8.0.413\NuGet.Build.Tasks.dll)
         Ensamblado cargado durante TaskRun (NuGet.Build.Tasks.RestoreTask): NuGet.Credentials, Version=6.11.1.2, Culture=neutral, PublicKeyToken=31bf3856ad364e35(ubicación: C:\Program Files\dotnet\sdk\8.0.413\NuGet.Credentials.dll, MVID: 07a91a3f-265a-4226-985e-876d1036d338, AssemblyLoadContext: MSBuild plugin C:\Program Files\dotnet\sdk\8.0.413\NuGet.Build.Tasks.dll)
         Ensamblado cargado durante TaskRun (NuGet.Build.Tasks.RestoreTask): NuGet.Packaging.resources, Version=6.11.1.2, Culture=es, PublicKeyToken=31bf3856ad364e35, processorArchitecture=MSIL(ubicación: C:\Program Files\dotnet\sdk\8.0.413\es\NuGet.Packaging.resources.dll, MVID: ad7422e9-cce6-4ac4-a9d6-f11da85ea106, AssemblyLoadContext: MSBuild plugin C:\Program Files\dotnet\sdk\8.0.413\NuGet.Build.Tasks.dll)
         La validación de la cadena de certificados X.509 utilizará el almacén de confianza predeterminado seleccionado por .NET para la firma de código.
         La validación de la cadena de certificados X.509 utilizará el almacén de confianza predeterminado seleccionado por .NET para la marca de tiempo.
         Ensamblado cargado durante TaskRun (NuGet.Build.Tasks.RestoreTask): NuGet.DependencyResolver.Core, Version=6.11.1.2, Culture=neutral, PublicKeyToken=31bf3856ad364e35(ubicación: C:\Program Files\dotnet\sdk\8.0.413\NuGet.DependencyResolver.Core.dll, MVID: 70f2641a-4895-4758-a37b-70be48187b22, AssemblyLoadContext: MSBuild plugin C:\Program Files\dotnet\sdk\8.0.413\NuGet.Build.Tasks.dll)
         Ensamblado cargado durante TaskRun (NuGet.Build.Tasks.RestoreTask): NuGet.Commands.resources, Version=6.11.1.2, Culture=es, PublicKeyToken=31bf3856ad364e35, processorArchitecture=MSIL(ubicación: C:\Program Files\dotnet\sdk\8.0.413\es\NuGet.Commands.resources.dll, MVID: 32727dde-f7be-4c66-875b-2d9139f4bdc9, AssemblyLoadContext: MSBuild plugin C:\Program Files\dotnet\sdk\8.0.413\NuGet.Build.Tasks.dll)
         Ejecutando restauración con 12 trabajos simultáneos.
         Leyendo el archivo del proyecto C:\Users\Sergio\Desktop\Proyectos\BetterWinTab\BetterWinTab.csproj.
         Ensamblado cargado durante TaskRun (NuGet.Build.Tasks.RestoreTask): Newtonsoft.Json, Version=13.0.0.0, Culture=neutral, PublicKeyToken=30ad4fe6b2a6aeed(ubicación: C:\Program Files\dotnet\sdk\8.0.413\Newtonsoft.Json.dll, MVID: 7e62198b-eab2-4380-bbac-29171862d1d8, AssemblyLoadContext: MSBuild plugin C:\Program Files\dotnet\sdk\8.0.413\NuGet.Build.Tasks.dll)
         Ensamblado cargado durante TaskRun (NuGet.Build.Tasks.RestoreTask): System.Runtime.Serialization.Primitives, Version=8.0.0.0, Culture=neutral, PublicKeyToken=b03f5f7f11d50a3a(ubicación: C:\Program Files\dotnet\shared\Microsoft.NETCore.App\8.0.19\System.Runtime.Serialization.Primitives.dll, MVID: b29c6340-9742-487b-a928-f4642566a4db, AssemblyLoadContext: Default)
         Ensamblado cargado durante TaskRun (NuGet.Build.Tasks.RestoreTask): System.Runtime.Numerics, Version=8.0.0.0, Culture=neutral, PublicKeyToken=b03f5f7f11d50a3a(ubicación: C:\Program Files\dotnet\shared\Microsoft.NETCore.App\8.0.19\System.Runtime.Numerics.dll, MVID: 982887ba-b174-431f-b2a2-b34bade84d09, AssemblyLoadContext: Default)
         Las entradas de restauración de "BetterWinTab" no han cambiado. No se necesitan más acciones para finalizar la restauración.
         Ejecutando restauración...
         El archivo de recursos no ha cambiado, así que se omitirá su escritura. Ruta de acceso: C:\Users\Sergio\Desktop\Proyectos\BetterWinTab\obj\project.assets.json
         No hay ninguna operación de restauración. La caché no se actualizará. Ruta de acceso: C:\Users\Sergio\Desktop\Proyectos\BetterWinTab\obj\project.nuget.cache
         Ensamblado cargado durante TaskRun (NuGet.Build.Tasks.RestoreTask): NuGet.Common.resources, Version=6.11.1.2, Culture=es, PublicKeyToken=31bf3856ad364e35, processorArchitecture=MSIL(ubicación: C:\Program Files\dotnet\sdk\8.0.413\es\NuGet.Common.resources.dll, MVID: e5421053-83f9-455a-974e-dd8e813070b5, AssemblyLoadContext: MSBuild plugin C:\Program Files\dotnet\sdk\8.0.413\NuGet.Build.Tasks.dll)
         Se ha restaurado C:\Users\Sergio\Desktop\Proyectos\BetterWinTab\BetterWinTab.csproj (en 54 ms).
         
         Archivos de NuGet Config usados:
             C:\Users\Sergio\AppData\Roaming\NuGet\NuGet.Config
         
         Fuentes usadas:
             https://api.nuget.org/v3/index.json
             https://gitlab.tchlabs.eu/api/v4/groups/43/-/packages/nuget/index.json
             https://gitlab.tchlabs.eu/api/v4/groups/3/-/packages/nuget/index.json
         Todos los proyectos están actualizados para la restauración.
       Ejecución de la tarea "RestoreTask" terminada.
     1>Compilación terminada del destino "Restore" en el proyecto "BetterWinTab.sln".
     1>Compilación del proyecto terminada "C:\Users\Sergio\Desktop\Proyectos\BetterWinTab\BetterWinTab.sln" (Restore destinos).
     0>Propiedad "MSBuildExtensionsPath" con el valor "C:\Program Files\dotnet\sdk\8.0.413\" expandido desde el entorno.
       Reasignación de propiedad: $(_GenerateRestoreGraphProjectEntryInputProperties)="
             ExcludeRestorePackageImports=true;
             _RestoreSolutionFileUsed=true;
             SolutionDir=C:\Users\Sergio\Desktop\Proyectos\BetterWinTab\;
             SolutionName=BetterWinTab;
             SolutionFileName=BetterWinTab.sln;
             SolutionPath=C:\Users\Sergio\Desktop\Proyectos\BetterWinTab\BetterWinTab.sln;
             SolutionExt=.sln;
           " (valor anterior: "ExcludeRestorePackageImports=true") en C:\Program Files\dotnet\sdk\8.0.413\NuGet.targets (101,5)
       El destino "Store" que aparece en un atributo BeforeTargets en "C:\Program Files\dotnet\sdk\8.0.413\Current\SolutionFile\ImportAfter\Microsoft.NET.Sdk.Solution.targets (33,11)" no existe en el proyecto y se omitirá.
       El destino "VSTest" que aparece en un atributo BeforeTargets en "C:\Program Files\dotnet\sdk\8.0.413\Current\SolutionFile\ImportAfter\Microsoft.NET.Sdk.Solution.targets (33,11)" no existe en el proyecto y se omitirá.
       El destino "_CheckForInvalidConfigurationAndPlatform" que aparece en un atributo BeforeTargets en "C:\Program Files\dotnet\sdk\8.0.413\NuGet.targets (667,11)" no existe en el proyecto y se omitirá.
   1:2>Proyecto "C:\Users\Sergio\Desktop\Proyectos\BetterWinTab\BetterWinTab.sln" en nodo 1 (destinos predeterminados).
   1:2>Destino "ValidateSolutionConfiguration" en el archivo "C:\Users\Sergio\Desktop\Proyectos\BetterWinTab\BetterWinTab.sln.metaproj" del proyecto "C:\Users\Sergio\Desktop\Proyectos\BetterWinTab\BetterWinTab.sln" (punto de entrada):
   1:2>Se omitió la tarea "Error" debido a una condición falsa (False); (('$(CurrentSolutionConfigurationContents)' == '') and ('$(SkipInvalidConfigurations)' != 'true')) se evaluó como (('<SolutionConfiguration>
  <ProjectConfiguration Project="{EB9156AE-9034-71E8-A4DF-2D8E28AEFF86}" AbsolutePath="C:\Users\Sergio\Desktop\Proyectos\BetterWinTab\BetterWinTab.csproj" BuildProjectInSolution="True">Debug|x64</ProjectConfiguration>
</SolutionConfiguration>' == '') and ('' != 'true')).
       Se omitió la tarea "Warning" debido a una condición falsa (False); (('$(CurrentSolutionConfigurationContents)' == '') and ('$(SkipInvalidConfigurations)' == 'true')) se evaluó como (('<SolutionConfiguration>
         <ProjectConfiguration Project="{EB9156AE-9034-71E8-A4DF-2D8E28AEFF86}" AbsolutePath="C:\Users\Sergio\Desktop\Proyectos\BetterWinTab\BetterWinTab.csproj" BuildProjectInSolution="True">Debug|x64</ProjectConfiguration>
       </SolutionConfiguration>' == '') and ('' == 'true')).
       Usando la tarea "Message" del ensamblado "Microsoft.Build.Tasks.Core, Version=15.1.0.0, Culture=neutral, PublicKeyToken=b03f5f7f11d50a3a".
       Tarea "Message"
         Compilando la configuración de soluciones "Debug|x64".
       Ejecución de la tarea "Message" terminada.
   1:2>Compilación terminada del destino "ValidateSolutionConfiguration" en el proyecto "BetterWinTab.sln".
   1:2>Destino "ValidateToolsVersions" en el archivo "C:\Users\Sergio\Desktop\Proyectos\BetterWinTab\BetterWinTab.sln.metaproj" del proyecto "C:\Users\Sergio\Desktop\Proyectos\BetterWinTab\BetterWinTab.sln" (punto de entrada):
       Se omitió la tarea "Error" debido a una condición falsa (False); ('$(MSBuildToolsVersion)' == '2.0' and ('$(ProjectToolsVersion)' != '2.0' and '$(ProjectToolsVersion)' != '')) se evaluó como ('Current' == '2.0' and ('' != '2.0' and '' != '')).
   1:2>Compilación terminada del destino "ValidateToolsVersions" en el proyecto "BetterWinTab.sln".
   1:2>Destino "ValidateProjects" en el archivo "C:\Users\Sergio\Desktop\Proyectos\BetterWinTab\BetterWinTab.sln.metaproj" del proyecto "C:\Users\Sergio\Desktop\Proyectos\BetterWinTab\BetterWinTab.sln" (punto de entrada):
   1:2>Compilación terminada del destino "ValidateProjects" en el proyecto "BetterWinTab.sln".
       Se omitió el destino "_CheckForSolutionLevelRuntimeIdentifier" debido a una condición falsa (False); ('$(RuntimeIdentifier)' != '') se evaluó como ('' != '').
       Se omitió el destino "_CheckForSolutionLevelOutputPath" debido a una condición falsa (False); ('$(_CommandLineDefinedOutputPath)' == 'true') se evaluó como ('' == 'true').
   1:2>Destino "Build" en el archivo "C:\Users\Sergio\Desktop\Proyectos\BetterWinTab\BetterWinTab.sln.metaproj" del proyecto "C:\Users\Sergio\Desktop\Proyectos\BetterWinTab\BetterWinTab.sln" (punto de entrada):
       Usando la tarea "MSBuild" del ensamblado "Microsoft.Build.Tasks.Core, Version=15.1.0.0, Culture=neutral, PublicKeyToken=b03f5f7f11d50a3a".
       Tarea "MSBuild"
         Propiedades globales:
           BuildingSolutionFile=true
           CurrentSolutionConfigurationContents=<SolutionConfiguration>
           <ProjectConfiguration Project="{EB9156AE-9034-71E8-A4DF-2D8E28AEFF86}" AbsolutePath="C:\Users\Sergio\Desktop\Proyectos\BetterWinTab\BetterWinTab.csproj" BuildProjectInSolution="True">Debug|x64</ProjectConfiguration>
         </SolutionConfiguration>
           SolutionDir=C:\Users\Sergio\Desktop\Proyectos\BetterWinTab\
           SolutionExt=.sln
           SolutionFileName=BetterWinTab.sln
           SolutionName=BetterWinTab
           SolutionPath=C:\Users\Sergio\Desktop\Proyectos\BetterWinTab\BetterWinTab.sln
         Propiedades adicionales del proyecto "C:\Users\Sergio\Desktop\Proyectos\BetterWinTab\BetterWinTab.csproj":
           Configuration=Debug
           Platform=x64
     0>El SDK "Microsoft.NET.Sdk" se resolvió correctamente mediante el resolvedor "DefaultSdkResolver" a la ubicación "C:\Program Files\dotnet\sdk\8.0.413\Sdks\Microsoft.NET.Sdk\Sdk" y la versión "".
       Propiedad "MSBuildExtensionsPath" con el valor "C:\Program Files\dotnet\sdk\8.0.413\" expandido desde el entorno.
       Reasignación de propiedad: $(MSBuildProjectExtensionsPath)="C:\Users\Sergio\Desktop\Proyectos\BetterWinTab\obj\" (valor anterior: "obj\") en C:\Program Files\dotnet\sdk\8.0.413\Current\Microsoft.Common.props (60,5)
       Propiedad "USERPROFILE" con el valor "C:\Users\Sergio" expandido desde el entorno.
       Propiedad "PROCESSOR_ARCHITECTURE" con el valor "AMD64" expandido desde el entorno.
       Reasignación de propiedad: $(CustomBeforeMicrosoftCommonTargets)="C:\Users\Sergio\.nuget\packages\microsoft.windowsappsdk.winui\1.8.260204000\buildTransitive\Microsoft.UI.Xaml.Markup.Compiler.BeforeCommon.targets" (valor anterior: "C:\Users\Sergio\.nuget\packages\microsoft.windows.sdk.buildtools.msix\1.7.20250829.1\build\Microsoft.Windows.SDK.BuildTools.MSIX.BeforeCommon.props") en C:\Users\Sergio\.nuget\packages\microsoft.windowsappsdk.winui\1.8.260204000\buildTransitive\Microsoft.UI.Xaml.Markup.Compiler.props (15,5)
       Propiedad "MSBuildUserExtensionsPath" con el valor "C:\Users\Sergio\AppData\Local\Microsoft\MSBuild" expandido desde el entorno.
       La propiedad "Configuration" es global y no se puede modificar.
       La propiedad "Platform" es global y no se puede modificar.
       La propiedad "Configuration" es global y no se puede modificar.
       La propiedad "Platform" es global y no se puede modificar.
       Reasignación de propiedad: $(AssemblySearchPaths)="{CandidateAssemblyFiles};{HintPathFromItem}" (valor anterior: "{CandidateAssemblyFiles}") en C:\Program Files\dotnet\sdk\8.0.413\Sdks\Microsoft.NET.Sdk\targets\Microsoft.NET.Sdk.props (91,5)
       Reasignación de propiedad: $(AssemblySearchPaths)="{CandidateAssemblyFiles};{HintPathFromItem};{TargetFrameworkDirectory}" (valor anterior: "{CandidateAssemblyFiles};{HintPathFromItem}") en C:\Program Files\dotnet\sdk\8.0.413\Sdks\Microsoft.NET.Sdk\targets\Microsoft.NET.Sdk.props (92,5)
       Reasignación de propiedad: $(AssemblySearchPaths)="{CandidateAssemblyFiles};{HintPathFromItem};{TargetFrameworkDirectory};{RawFileName}" (valor anterior: "{CandidateAssemblyFiles};{HintPathFromItem};{TargetFrameworkDirectory}") en C:\Program Files\dotnet\sdk\8.0.413\Sdks\Microsoft.NET.Sdk\targets\Microsoft.NET.Sdk.props (93,5)
       El solucionador "DefaultSdkResolver" intentó resolver el SDK "Microsoft.NET.SDK.WorkloadAutoImportPropsLocator".
       Advertencias: null
       Errores: MSB4276: La resolución predeterminada del SDK no pudo resolver el SDK "Microsoft.NET.SDK.WorkloadAutoImportPropsLocator" porque el directorio "C:\Program Files\dotnet\sdk\8.0.413\Sdks\Microsoft.NET.SDK.WorkloadAutoImportPropsLocator\Sdk" no existía.
       El SDK "Microsoft.NET.SDK.WorkloadAutoImportPropsLocator" se resolvió correctamente mediante el resolvedor "Microsoft.DotNet.MSBuildWorkloadSdkResolver" a la ubicación "null" y la versión "null".
       Reasignación de propiedad: $(TargetsForTfmSpecificContentInPackage)=";PackTool;_PackProjectToolValidation" (valor anterior: ";PackTool") en C:\Program Files\dotnet\sdk\8.0.413\Sdks\Microsoft.NET.Sdk\targets\Microsoft.NET.PackProjectTool.props (15,5)
       Reasignación de propiedad: $(OutputType)="WinExe" (valor anterior: "Library") en C:\Users\Sergio\Desktop\Proyectos\BetterWinTab\BetterWinTab.csproj (6,9)
       Reasignación de propiedad: $(AllowUnsafeBlocks)="true" (valor anterior: "false") en C:\Users\Sergio\Desktop\Proyectos\BetterWinTab\BetterWinTab.csproj (18,9)
       Reasignación de propiedad: $(NoWarn)="1701;1702;CA1416" (valor anterior: "1701;1702") en C:\Users\Sergio\Desktop\Proyectos\BetterWinTab\BetterWinTab.csproj (22,9)
       Reasignación de propiedad: $(Platforms)="x86;x64;ARM64" (valor anterior: "AnyCPU") en C:\Users\Sergio\Desktop\Proyectos\BetterWinTab\BetterWinTab.csproj (26,9)
       La propiedad "Platform" es global y no se puede modificar.
       La propiedad "Configuration" es global y no se puede modificar.
       La propiedad "Platform" es global y no se puede modificar.
       La propiedad "Platform" es global y no se puede modificar.
       Reasignación de propiedad: $(TargetPlatformIdentifier)="Windows" (valor anterior: "windows") en C:\Program Files\dotnet\sdk\8.0.413\Sdks\Microsoft.NET.Sdk\targets\Microsoft.NET.TargetFrameworkInference.targets (71,5)
       Reasignación de propiedad: $(DefaultItemExcludes)=";bin\x64\Debug\/**;obj\x64\Debug\/**" (valor anterior: ";bin\x64\Debug\/**") en C:\Program Files\dotnet\sdk\8.0.413\Sdks\Microsoft.NET.Sdk\targets\Microsoft.NET.DefaultOutputPaths.targets (122,5)
       Reasignación de propiedad: $(OutputPath)="bin\x64\Debug\net8.0-windows10.0.19041.0\" (valor anterior: "bin\x64\Debug\") en C:\Program Files\dotnet\sdk\8.0.413\Sdks\Microsoft.NET.Sdk\targets\Microsoft.NET.DefaultOutputPaths.targets (137,5)
       Reasignación de propiedad: $(IntermediateOutputPath)="obj\x64\Debug\net8.0-windows10.0.19041.0\" (valor anterior: "obj\x64\Debug\") en C:\Program Files\dotnet\sdk\8.0.413\Sdks\Microsoft.NET.Sdk\targets\Microsoft.NET.DefaultOutputPaths.targets (142,5)
       El solucionador "DefaultSdkResolver" intentó resolver el SDK "Microsoft.NET.SDK.WorkloadManifestTargetsLocator".
       Advertencias: null
       Errores: MSB4276: La resolución predeterminada del SDK no pudo resolver el SDK "Microsoft.NET.SDK.WorkloadManifestTargetsLocator" porque el directorio "C:\Program Files\dotnet\sdk\8.0.413\Sdks\Microsoft.NET.SDK.WorkloadManifestTargetsLocator\Sdk" no existía.
       El SDK "Microsoft.NET.SDK.WorkloadManifestTargetsLocator" se resolvió correctamente mediante el resolvedor "Microsoft.DotNet.MSBuildWorkloadSdkResolver" a la ubicación "C:\Program Files\dotnet\sdk-manifests\8.0.100\microsoft.net.sdk.android\34.0.43" y la versión "null".
       Reasignación de propiedad: $(IntermediateOutputPath)="obj\x64\Debug\net8.0-windows10.0.19041.0\win-x64\" (valor anterior: "obj\x64\Debug\net8.0-windows10.0.19041.0\") en C:\Program Files\dotnet\sdk\8.0.413\Sdks\Microsoft.NET.Sdk\targets\Microsoft.NET.RuntimeIdentifierInference.targets (329,5)
       Reasignación de propiedad: $(OutputPath)="bin\x64\Debug\net8.0-windows10.0.19041.0\win-x64\" (valor anterior: "bin\x64\Debug\net8.0-windows10.0.19041.0\") en C:\Program Files\dotnet\sdk\8.0.413\Sdks\Microsoft.NET.Sdk\targets\Microsoft.NET.RuntimeIdentifierInference.targets (330,5)
       Reasignación de propiedad: $(_FrameworkIdentifierForImplicitDefine)="NET" (valor anterior: "NETCOREAPP") en C:\Program Files\dotnet\sdk\8.0.413\Sdks\Microsoft.NET.Sdk\targets\Microsoft.NET.Sdk.BeforeCommon.targets (187,5)
       Reasignación de propiedad: $(_FrameworkVersionForImplicitDefine)="8_0" (valor anterior: "8.0") en C:\Program Files\dotnet\sdk\8.0.413\Sdks\Microsoft.NET.Sdk\targets\Microsoft.NET.Sdk.BeforeCommon.targets (192,5)
       Reasignación de propiedad: $(CommandLineArgsForDesignTimeEvaluation)="-langversion:latest -define:TRACE" (valor anterior: "-langversion:latest") en C:\Program Files\dotnet\sdk\8.0.413\Roslyn\Microsoft.CSharp.Core.targets (200,5)
       Reasignación de propiedad: $(MsAppxPackageTargets)="Dont-Use-MsAppxPackageTargets" (valor anterior: "WinUI3-NET5-Projects-Dont-Use-MsAppxPackageTargets") en C:\Users\Sergio\.nuget\packages\microsoft.windows.sdk.buildtools.msix\1.7.20250829.1\build\Microsoft.Windows.SDK.BuildTools.MSIX.Common.props (16,5)
       La propiedad "Platform" es global y no se puede modificar.
       La propiedad "Configuration" es global y no se puede modificar.
       Reasignación de propiedad: $(_DebugSymbolsProduced)="true" (valor anterior: "false") en C:\Program Files\dotnet\sdk\8.0.413\Microsoft.Common.CurrentVersion.targets (175,5)
       Reasignación de propiedad: $(_DocumentationFileProduced)="false" (valor anterior: "true") en C:\Program Files\dotnet\sdk\8.0.413\Microsoft.Common.CurrentVersion.targets (185,5)
       La propiedad "SolutionName" es global y no se puede modificar.
       La propiedad "SolutionFileName" es global y no se puede modificar.
       La propiedad "SolutionPath" es global y no se puede modificar.
       La propiedad "SolutionDir" es global y no se puede modificar.
       La propiedad "SolutionExt" es global y no se puede modificar.
       Reasignación de propiedad: $(MSBuildCopyMarkerName)="BetterWi.6D8C9405" (valor anterior: "BetterWinTab.csproj") en C:\Program Files\dotnet\sdk\8.0.413\Microsoft.Common.CurrentVersion.targets (392,5)
       Reasignación de propiedad: $(MSBuildCopyMarkerName)="BetterWi.6D8C9405.Up2Date" (valor anterior: "BetterWi.6D8C9405") en C:\Program Files\dotnet\sdk\8.0.413\Microsoft.Common.CurrentVersion.targets (393,5)
       Reasignación de propiedad: $(ProcessorArchitecture)="amd64" (valor anterior: "x64") en C:\Program Files\dotnet\sdk\8.0.413\Microsoft.Common.CurrentVersion.targets (528,5)
       Reasignación de propiedad: $(DelaySign)="" (valor anterior: "false") en C:\Program Files\dotnet\sdk\8.0.413\Microsoft.Common.CurrentVersion.targets (580,5)
       Reasignación de propiedad: $(PrepareForBuildDependsOn)=";WindowsAppSDKVerifyKitVersion;GetFrameworkPaths;GetReferenceAssemblyPaths;AssignLinkMetadata" (valor anterior: ";WindowsAppSDKVerifyKitVersion") en C:\Program Files\dotnet\sdk\8.0.413\Microsoft.Common.CurrentVersion.targets (1188,5)
       Propiedad "LOCALAPPDATA" con el valor "C:\Users\Sergio\AppData\Local" expandido desde el entorno.
       Reasignación de propiedad: $(_SGenGenerateSerializationAssembliesConfig)="Auto" (valor anterior: "") en C:\Program Files\dotnet\sdk\8.0.413\Microsoft.Common.CurrentVersion.targets (3896,5)
       Reasignación de propiedad: $(_SGenGenerateSerializationAssembliesConfig)="Off" (valor anterior: "Auto") en C:\Program Files\dotnet\sdk\8.0.413\Microsoft.Common.CurrentVersion.targets (3897,5)
       Reasignación de propiedad: $(_TargetsThatPrepareProjectReferences)="
             AssignProjectConfiguration;
             _SplitProjectReferencesByFileExistence
           " (valor anterior: "_SplitProjectReferencesByFileExistence") en C:\Program Files\dotnet\sdk\8.0.413\Microsoft.Common.CurrentVersion.targets (5099,5)
       Propiedad "MSBuildExtensionsPath32" con el valor "C:\Program Files\dotnet\sdk\8.0.413" expandido desde el entorno.
       Reasignación de propiedad: $(AppxHashAlgorithmId)="sha256" (valor anterior: "") en C:\Users\Sergio\.nuget\packages\microsoft.windows.sdk.buildtools.msix\1.7.20250829.1\build\Microsoft.Windows.SDK.BuildTools.MSIX.Packaging.targets (136,5)
       Reasignación de propiedad: $(PrepareForBuildDependsOn)="
             ;WindowsAppSDKVerifyKitVersion;GetFrameworkPaths;GetReferenceAssemblyPaths;AssignLinkMetadata;
             _ValidateWindowsPackageType;
           " (valor anterior: ";WindowsAppSDKVerifyKitVersion;GetFrameworkPaths;GetReferenceAssemblyPaths;AssignLinkMetadata") en C:\Users\Sergio\.nuget\packages\microsoft.windows.sdk.buildtools.msix\1.7.20250829.1\build\Microsoft.Windows.SDK.BuildTools.MSIX.Packaging.targets (417,5)
       Reasignación de propiedad: $(PrepareForRunDependsOn)="
             PrepareMsixPackage;
             _ValidateConfiguration;
             _ValidateSigningCertificate;
             _ValidateAzureCodeSigningVersion;
             _ValidateAzureKeyVaultVersion;
             _ValidatePaths;
             _GetAppxManifestSchemaItems;
             _FindAndValidateBundleMappingFile;
             _GetPriConfigXmlSnippets;
             _ReadAppxLayout;
             _ValidatePresenceOfAppxManifestItems;
             _BuildOptionalProjects;
             _GenerateBundleMappingFile;
             _GenerateBundleManifest;
             _ConvertAppxContentGroupMap;
             
             CopyFilesToOutputDirectory
           ;
           " (valor anterior: "
             CopyFilesToOutputDirectory
           ") en C:\Users\Sergio\.nuget\packages\microsoft.windows.sdk.buildtools.msix\1.7.20250829.1\build\Microsoft.Windows.SDK.BuildTools.MSIX.Packaging.targets (659,5)
       Reasignación de propiedad: $(GenerateProjectPriFileDependsOn)="
             
             ;
             CopyFilesToOutputDirectory;
             BeforeGenerateProjectPriFile;
           ;
             GetPriOutputs;
             _GetPriFilesFromPayload;
             _ComputeInputPriFiles;
             _GenerateProjectPriConfigurationFiles;
             _GenerateProjectPriFileCore;
             _AddFileReadsAndFileWritesForProjectPri;
             _CalculateUseResourceIndexerApi;
             _ExpandProjectPriFile;
             AfterGenerateProjectPriFile
           " (valor anterior: "
             ;
             CopyFilesToOutputDirectory;
             BeforeGenerateProjectPriFile;
           ") en C:\Users\Sergio\.nuget\packages\microsoft.windows.sdk.buildtools.msix\1.7.20250829.1\build\Microsoft.Windows.SDK.BuildTools.MSIX.Pri.targets (102,5)
       Reasignación de propiedad: $(PrepareMsixPackageDependsOn)="
             GenerateProjectPriFile;
             
             ;
             _ValidatePresenceOfAppxManifestItems;
             GetPackagingOutputs;
             _GetPackageProperties;
             _ComputeAppxPackagePayload;
             _GenerateAppxManifest;
             _GenerateAppxPackageRecipe;
             _GenerateAppxUploadPackageRecipe
           ;
           " (valor anterior: "
             ;
             _ValidatePresenceOfAppxManifestItems;
             GetPackagingOutputs;
             _GetPackageProperties;
             _ComputeAppxPackagePayload;
             _GenerateAppxManifest;
             _GenerateAppxPackageRecipe;
             _GenerateAppxUploadPackageRecipe
           ") en C:\Users\Sergio\.nuget\packages\microsoft.windows.sdk.buildtools.msix\1.7.20250829.1\build\Microsoft.Windows.SDK.BuildTools.MSIX.Pri.targets (117,5)
       Reasignación de propiedad: $(PrepareForRunDependsOn)="
             GenerateProjectPriFile;
             
             PrepareMsixPackage;
             _ValidateConfiguration;
             _ValidateSigningCertificate;
             _ValidateAzureCodeSigningVersion;
             _ValidateAzureKeyVaultVersion;
             _ValidatePaths;
             _GetAppxManifestSchemaItems;
             _FindAndValidateBundleMappingFile;
             _GetPriConfigXmlSnippets;
             _ReadAppxLayout;
             _ValidatePresenceOfAppxManifestItems;
             _BuildOptionalProjects;
             _GenerateBundleMappingFile;
             _GenerateBundleManifest;
             _ConvertAppxContentGroupMap;
             
             CopyFilesToOutputDirectory
           ;
           ;
           " (valor anterior: "
             PrepareMsixPackage;
             _ValidateConfiguration;
             _ValidateSigningCertificate;
             _ValidateAzureCodeSigningVersion;
             _ValidateAzureKeyVaultVersion;
             _ValidatePaths;
             _GetAppxManifestSchemaItems;
             _FindAndValidateBundleMappingFile;
             _GetPriConfigXmlSnippets;
             _ReadAppxLayout;
             _ValidatePresenceOfAppxManifestItems;
             _BuildOptionalProjects;
             _GenerateBundleMappingFile;
             _GenerateBundleManifest;
             _ConvertAppxContentGroupMap;
             
             CopyFilesToOutputDirectory
           ;
           ") en C:\Users\Sergio\.nuget\packages\microsoft.windows.sdk.buildtools.msix\1.7.20250829.1\build\Microsoft.Windows.SDK.BuildTools.MSIX.Pri.targets (167,5)
       Reasignación de propiedad: $(GetCopyToOutputDirectoryItemsDependsOn)="
             GetPriOutputs;
             
             AssignTargetPaths;
             
             AssignProjectConfiguration;
             _SplitProjectReferencesByFileExistence
           ;
             _GetProjectReferenceTargetFrameworkProperties;
             _PopulateCommonStateForGetCopyToOutputDirectoryItems
           ;
           " (valor anterior: "
             AssignTargetPaths;
             
             AssignProjectConfiguration;
             _SplitProjectReferencesByFileExistence
           ;
             _GetProjectReferenceTargetFrameworkProperties;
             _PopulateCommonStateForGetCopyToOutputDirectoryItems
           ") en C:\Users\Sergio\.nuget\packages\microsoft.windows.sdk.buildtools.msix\1.7.20250829.1\build\Microsoft.Windows.SDK.BuildTools.MSIX.Pri.targets (458,5)
       Reasignación de propiedad: $(GetCopyToOutputDirectoryItemsDependsOn)="
             ResolveProjectReferences;
             
             GetPriOutputs;
             
             AssignTargetPaths;
             
             AssignProjectConfiguration;
             _SplitProjectReferencesByFileExistence
           ;
             _GetProjectReferenceTargetFrameworkProperties;
             _PopulateCommonStateForGetCopyToOutputDirectoryItems
           ;
           ;
             _SetPortablePriProperties;
             AddPriPayloadFilesToCopyToOutputDirectoryItems
           " (valor anterior: "
             GetPriOutputs;
             
             AssignTargetPaths;
             
             AssignProjectConfiguration;
             _SplitProjectReferencesByFileExistence
           ;
             _GetProjectReferenceTargetFrameworkProperties;
             _PopulateCommonStateForGetCopyToOutputDirectoryItems
           ;
           ") en C:\Users\Sergio\.nuget\packages\microsoft.windows.sdk.buildtools.msix\1.7.20250829.1\build\Microsoft.Windows.SDK.BuildTools.MSIX.MrtCore.PriExpansion.targets (16,5)
       Reasignación de propiedad: $(ResolveReferencesDependsOn)="
                   
             BeforeResolveReferences;
             AssignProjectConfiguration;
             ResolveProjectReferences;
             FindInvalidProjectReferences;
             ResolveNativeReferences;
             ResolveAssemblyReferences;
             GenerateBindingRedirects;
             GenerateBindingRedirectsUpdateAppConfig;
             ResolveComReferences;
             AfterResolveReferences
           ;WindowsAppSDKVerifyCsWinRtVersions
               " (valor anterior: "
             BeforeResolveReferences;
             AssignProjectConfiguration;
             ResolveProjectReferences;
             FindInvalidProjectReferences;
             ResolveNativeReferences;
             ResolveAssemblyReferences;
             GenerateBindingRedirects;
             GenerateBindingRedirectsUpdateAppConfig;
             ResolveComReferences;
             AfterResolveReferences
           ") en C:\Users\Sergio\.nuget\packages\microsoft.windowsappsdk.base\1.8.251216001\buildTransitive\Microsoft.WindowsAppSDK.Base.targets (29,9)
       Reasignación de propiedad: $(DefineConstants)="TRACE;MICROSOFT_WINDOWSAPPSDK_BOOTSTRAP_AUTO_INITIALIZE" (valor anterior: "TRACE") en C:\Users\Sergio\.nuget\packages\microsoft.windowsappsdk.foundation\1.8.260203002\buildTransitive\Microsoft.WindowsAppSDK.Bootstrap.CS.targets (11,9)
       Reasignación de propiedad: $(DefineConstants)="TRACE;MICROSOFT_WINDOWSAPPSDK_BOOTSTRAP_AUTO_INITIALIZE;MICROSOFT_WINDOWSAPPSDK_AUTOINITIALIZE_BOOTSTRAP" (valor anterior: "TRACE;MICROSOFT_WINDOWSAPPSDK_BOOTSTRAP_AUTO_INITIALIZE") en C:\Users\Sergio\.nuget\packages\microsoft.windowsappsdk.foundation\1.8.260203002\buildTransitive\Microsoft.WindowsAppSDK.AutoInitializer.CS.targets (6,7)
       Reasignación de propiedad: $(MSBuildWarningsAsMessages)="
              1701;1702;CA1416;
       
              
              APPX1707;
           " (valor anterior: "1701;1702;CA1416") en C:\Users\Sergio\.nuget\packages\microsoft.windowsappsdk.winui\1.8.260204000\buildTransitive\Microsoft.WinUI.AppX.targets (7,5)
       Reasignación de propiedad: $(MSBuildWarningsAsMessages)="
             
              1701;1702;CA1416;
       
              
              APPX1707;
           ;
             MSB3842;
             MSB3843;
           " (valor anterior: "
              1701;1702;CA1416;
       
              
              APPX1707;
           ") en C:\Users\Sergio\.nuget\packages\microsoft.windowsappsdk.winui\1.8.260204000\buildTransitive\Microsoft.WinUI.AppX.targets (29,5)
       Reasignación de propiedad: $(SDKIdentifier)="Windows" (valor anterior: "UAP") en C:\Users\Sergio\.nuget\packages\microsoft.windowsappsdk.winui\1.8.260204000\buildTransitive\Microsoft.WinUI.AppX.targets (44,5)
       Reasignación de propiedad: $(PrepareResourcesDependsOn)="
                   ResolveKeySource;
                   AddImplicitDefineConstants;
                   MarkupCompilePass1;
                   XamlPreCompile;
                   MarkupCompilePass2;
                   
             ;
             PrepareResourceNames;
             ResGen;
             CompileLicxFiles
           
               " (valor anterior: "
             ;
             PrepareResourceNames;
             ResGen;
             CompileLicxFiles
           ") en C:\Users\Sergio\.nuget\packages\microsoft.windowsappsdk.winui\1.8.260204000\buildTransitive\Microsoft.UI.Xaml.Markup.Compiler.interop.targets (152,9)
       Reasignación de propiedad: $(ResolveReferencesDependsOn)="
                   
                   
             BeforeResolveReferences;
             AssignProjectConfiguration;
             ResolveProjectReferences;
             FindInvalidProjectReferences;
             ResolveNativeReferences;
             ResolveAssemblyReferences;
             GenerateBindingRedirects;
             GenerateBindingRedirectsUpdateAppConfig;
             ResolveComReferences;
             AfterResolveReferences
           ;WindowsAppSDKVerifyCsWinRtVersions
               ;
                   ImplicitlyExpandTargetFramework;
                   ImplicitlyExpandTargetPlatform
               " (valor anterior: "
                   
             BeforeResolveReferences;
             AssignProjectConfiguration;
             ResolveProjectReferences;
             FindInvalidProjectReferences;
             ResolveNativeReferences;
             ResolveAssemblyReferences;
             GenerateBindingRedirects;
             GenerateBindingRedirectsUpdateAppConfig;
             ResolveComReferences;
             AfterResolveReferences
           ;WindowsAppSDKVerifyCsWinRtVersions
               ") en C:\Users\Sergio\.nuget\packages\microsoft.windowsappsdk.winui\1.8.260204000\buildTransitive\Microsoft.UI.Xaml.Markup.Compiler.interop.targets (1031,9)
       Reasignación de propiedad: $(_MvvmToolkitIsUsingWindowsRuntimePack)="true" (valor anterior: "false") en C:\Users\Sergio\.nuget\packages\communitytoolkit.mvvm\8.4.0\buildTransitive\CommunityToolkit.Mvvm.Windows.targets (6,5)
       Reasignación de propiedad: $(ResolveReferencesDependsOn)="
             
                   
                   
             BeforeResolveReferences;
             AssignProjectConfiguration;
             ResolveProjectReferences;
             FindInvalidProjectReferences;
             ResolveNativeReferences;
             ResolveAssemblyReferences;
             GenerateBindingRedirects;
             GenerateBindingRedirectsUpdateAppConfig;
             ResolveComReferences;
             AfterResolveReferences
           ;WindowsAppSDKVerifyCsWinRtVersions
               ;
                   ImplicitlyExpandTargetFramework;
                   ImplicitlyExpandTargetPlatform
               ;MvvmToolkitVerifyWindowsSdkPackageVersion
           " (valor anterior: "
                   
                   
             BeforeResolveReferences;
             AssignProjectConfiguration;
             ResolveProjectReferences;
             FindInvalidProjectReferences;
             ResolveNativeReferences;
             ResolveAssemblyReferences;
             GenerateBindingRedirects;
             GenerateBindingRedirectsUpdateAppConfig;
             ResolveComReferences;
             AfterResolveReferences
           ;WindowsAppSDKVerifyCsWinRtVersions
               ;
                   ImplicitlyExpandTargetFramework;
                   ImplicitlyExpandTargetPlatform
               ") en C:\Users\Sergio\.nuget\packages\communitytoolkit.mvvm\8.4.0\buildTransitive\CommunityToolkit.Mvvm.WindowsSdk.targets (12,5)
       Reasignación de propiedad: $(ProjectAssetsCacheFile)="C:\Users\Sergio\Desktop\Proyectos\BetterWinTab\obj\x64\Debug\net8.0-windows10.0.19041.0\win-x64\BetterWinTab.assets.cache" (valor anterior: "obj\x64\Debug\net8.0-windows10.0.19041.0\win-x64\BetterWinTab.assets.cache") en C:\Program Files\dotnet\sdk\8.0.413\Sdks\Microsoft.NET.Sdk\targets\Microsoft.PackageDependencyResolution.targets (29,5)
       Reasignación de propiedad: $(ResolveAssemblyReferencesDependsOn)="
             
             ResolveProjectReferences;
             FindInvalidProjectReferences;
             GetFrameworkPaths;
             GetReferenceAssemblyPaths;
             PrepareForBuild;
             ResolveSDKReferences;
             ExpandSDKReferences;
           ;
             ResolvePackageDependenciesForBuild;
             _HandlePackageFileConflicts;
           " (valor anterior: "
             ResolveProjectReferences;
             FindInvalidProjectReferences;
             GetFrameworkPaths;
             GetReferenceAssemblyPaths;
             PrepareForBuild;
             ResolveSDKReferences;
             ExpandSDKReferences;
           ") en C:\Program Files\dotnet\sdk\8.0.413\Sdks\Microsoft.NET.Sdk\targets\Microsoft.PackageDependencyResolution.targets (80,5)
       Reasignación de propiedad: $(PrepareResourcesDependsOn)="
             ResolvePackageDependenciesForBuild;
             _HandlePackageFileConflicts;
             
                   ResolveKeySource;
                   AddImplicitDefineConstants;
                   MarkupCompilePass1;
                   XamlPreCompile;
                   MarkupCompilePass2;
                   
             ;
             PrepareResourceNames;
             ResGen;
             CompileLicxFiles
           
               
           " (valor anterior: "
                   ResolveKeySource;
                   AddImplicitDefineConstants;
                   MarkupCompilePass1;
                   XamlPreCompile;
                   MarkupCompilePass2;
                   
             ;
             PrepareResourceNames;
             ResGen;
             CompileLicxFiles
           
               ") en C:\Program Files\dotnet\sdk\8.0.413\Sdks\Microsoft.NET.Sdk\targets\Microsoft.PackageDependencyResolution.targets (86,5)
       Reasignación de propiedad: $(DefaultItemExcludes)=";bin\x64\Debug\/**;obj\x64\Debug\/**;bin\/**" (valor anterior: ";bin\x64\Debug\/**;obj\x64\Debug\/**") en C:\Program Files\dotnet\sdk\8.0.413\Sdks\Microsoft.NET.Sdk\targets\Microsoft.NET.Sdk.DefaultItems.targets (27,5)
       Reasignación de propiedad: $(DefaultItemExcludes)=";bin\x64\Debug\/**;obj\x64\Debug\/**;bin\/**;obj\/**" (valor anterior: ";bin\x64\Debug\/**;obj\x64\Debug\/**;bin\/**") en C:\Program Files\dotnet\sdk\8.0.413\Sdks\Microsoft.NET.Sdk\targets\Microsoft.NET.Sdk.DefaultItems.targets (29,5)
       Reasignación de propiedad: $(DefaultItemExcludes)=";bin\x64\Debug\/**;obj\x64\Debug\/**;bin\/**;obj\/**;**/*.user" (valor anterior: ";bin\x64\Debug\/**;obj\x64\Debug\/**;bin\/**;obj\/**") en C:\Program Files\dotnet\sdk\8.0.413\Sdks\Microsoft.NET.Sdk\targets\Microsoft.NET.Sdk.DefaultItems.targets (32,5)
       Reasignación de propiedad: $(DefaultItemExcludes)=";bin\x64\Debug\/**;obj\x64\Debug\/**;bin\/**;obj\/**;**/*.user;**/*.*proj" (valor anterior: ";bin\x64\Debug\/**;obj\x64\Debug\/**;bin\/**;obj\/**;**/*.user") en C:\Program Files\dotnet\sdk\8.0.413\Sdks\Microsoft.NET.Sdk\targets\Microsoft.NET.Sdk.DefaultItems.targets (33,5)
       Reasignación de propiedad: $(DefaultItemExcludes)=";bin\x64\Debug\/**;obj\x64\Debug\/**;bin\/**;obj\/**;**/*.user;**/*.*proj;**/*.sln" (valor anterior: ";bin\x64\Debug\/**;obj\x64\Debug\/**;bin\/**;obj\/**;**/*.user;**/*.*proj") en C:\Program Files\dotnet\sdk\8.0.413\Sdks\Microsoft.NET.Sdk\targets\Microsoft.NET.Sdk.DefaultItems.targets (34,5)
       Reasignación de propiedad: $(DefaultItemExcludes)=";bin\x64\Debug\/**;obj\x64\Debug\/**;bin\/**;obj\/**;**/*.user;**/*.*proj;**/*.sln;**/*.vssscc" (valor anterior: ";bin\x64\Debug\/**;obj\x64\Debug\/**;bin\/**;obj\/**;**/*.user;**/*.*proj;**/*.sln") en C:\Program Files\dotnet\sdk\8.0.413\Sdks\Microsoft.NET.Sdk\targets\Microsoft.NET.Sdk.DefaultItems.targets (35,5)
       Reasignación de propiedad: $(DefaultItemExcludes)=";bin\x64\Debug\/**;obj\x64\Debug\/**;bin\/**;obj\/**;**/*.user;**/*.*proj;**/*.sln;**/*.vssscc;**/.DS_Store" (valor anterior: ";bin\x64\Debug\/**;obj\x64\Debug\/**;bin\/**;obj\/**;**/*.user;**/*.*proj;**/*.sln;**/*.vssscc") en C:\Program Files\dotnet\sdk\8.0.413\Sdks\Microsoft.NET.Sdk\targets\Microsoft.NET.Sdk.DefaultItems.targets (36,5)
       Reasignación de propiedad: $(ResolveAssemblyReferencesDependsOn)="
             
             
             ResolveProjectReferences;
             FindInvalidProjectReferences;
             GetFrameworkPaths;
             GetReferenceAssemblyPaths;
             PrepareForBuild;
             ResolveSDKReferences;
             ExpandSDKReferences;
           ;
             ResolvePackageDependenciesForBuild;
             _HandlePackageFileConflicts;
           ;
             ResolveTargetingPackAssets;
           " (valor anterior: "
             
             ResolveProjectReferences;
             FindInvalidProjectReferences;
             GetFrameworkPaths;
             GetReferenceAssemblyPaths;
             PrepareForBuild;
             ResolveSDKReferences;
             ExpandSDKReferences;
           ;
             ResolvePackageDependenciesForBuild;
             _HandlePackageFileConflicts;
           ") en C:\Program Files\dotnet\sdk\8.0.413\Sdks\Microsoft.NET.Sdk\targets\Microsoft.NET.Sdk.FrameworkReferenceResolution.targets (14,5)
       Reasignación de propiedad: $(_GenerateRuntimeConfigurationPropertyInputsCache)="C:\Users\Sergio\Desktop\Proyectos\BetterWinTab\obj\x64\Debug\net8.0-windows10.0.19041.0\win-x64\BetterWinTab.genruntimeconfig.cache" (valor anterior: "obj\x64\Debug\net8.0-windows10.0.19041.0\win-x64\BetterWinTab.genruntimeconfig.cache") en C:\Program Files\dotnet\sdk\8.0.413\Sdks\Microsoft.NET.Sdk\targets\Microsoft.NET.Sdk.targets (44,5)
       Reasignación de propiedad: $(_GeneratePublishDependencyFilePropertyInputsCache)="C:\Users\Sergio\Desktop\Proyectos\BetterWinTab\obj\x64\Debug\net8.0-windows10.0.19041.0\win-x64\BetterWinTab.genpublishdeps.cache" (valor anterior: "obj\x64\Debug\net8.0-windows10.0.19041.0\win-x64\BetterWinTab.genpublishdeps.cache") en C:\Program Files\dotnet\sdk\8.0.413\Sdks\Microsoft.NET.Sdk\targets\Microsoft.NET.Sdk.targets (46,5)
       Reasignación de propiedad: $(_GenerateSingleFileBundlePropertyInputsCache)="C:\Users\Sergio\Desktop\Proyectos\BetterWinTab\obj\x64\Debug\net8.0-windows10.0.19041.0\win-x64\BetterWinTab.genbundle.cache" (valor anterior: "obj\x64\Debug\net8.0-windows10.0.19041.0\win-x64\BetterWinTab.genbundle.cache") en C:\Program Files\dotnet\sdk\8.0.413\Sdks\Microsoft.NET.Sdk\targets\Microsoft.NET.Sdk.targets (48,5)
       Reasignación de propiedad: $(GenerateRuntimeConfigDevFile)="false" (valor anterior: "true") en C:\Program Files\dotnet\sdk\8.0.413\Sdks\Microsoft.NET.Sdk\targets\Microsoft.NET.Sdk.targets (81,5)
       Reasignación de propiedad: $(_DefaultUserProfileRuntimeStorePath)="C:\Users\Sergio" (valor anterior: "") en C:\Program Files\dotnet\sdk\8.0.413\Sdks\Microsoft.NET.Sdk\targets\Microsoft.NET.Sdk.targets (97,5)
       Reasignación de propiedad: $(_DefaultUserProfileRuntimeStorePath)="C:\Users\Sergio\.dotnet\store" (valor anterior: "C:\Users\Sergio") en C:\Program Files\dotnet\sdk\8.0.413\Sdks\Microsoft.NET.Sdk\targets\Microsoft.NET.Sdk.targets (98,5)
       Reasignación de propiedad: $(AvailablePlatforms)="Any CPU,x86,x64,ARM32" (valor anterior: "Any CPU,x86,x64") en C:\Program Files\dotnet\sdk\8.0.413\Sdks\Microsoft.NET.Sdk\targets\Microsoft.NET.Sdk.targets (136,5)
       Reasignación de propiedad: $(AvailablePlatforms)="Any CPU,x86,x64,ARM32,ARM64" (valor anterior: "Any CPU,x86,x64,ARM32") en C:\Program Files\dotnet\sdk\8.0.413\Sdks\Microsoft.NET.Sdk\targets\Microsoft.NET.Sdk.targets (140,5)
       Reasignación de propiedad: $(CoreBuildDependsOn)="
             _CheckForBuildWithNoBuild;
             
             BuildOnlySettings;
             PrepareForBuild;
             PreBuildEvent;
             ResolveReferences;
             PrepareResources;
             ResolveKeySource;
             Compile;
             ExportWindowsMDFile;
             UnmanagedUnregistration;
             GenerateSerializationAssemblies;
             CreateSatelliteAssemblies;
             GenerateManifests;
             GetTargetPath;
             PrepareForRun;
             UnmanagedRegistration;
             IncrementalClean;
             PostBuildEvent
           ;
             GenerateBuildDependencyFile;
             GenerateBuildRuntimeConfigurationFiles
           " (valor anterior: "
             BuildOnlySettings;
             PrepareForBuild;
             PreBuildEvent;
             ResolveReferences;
             PrepareResources;
             ResolveKeySource;
             Compile;
             ExportWindowsMDFile;
             UnmanagedUnregistration;
             GenerateSerializationAssemblies;
             CreateSatelliteAssemblies;
             GenerateManifests;
             GetTargetPath;
             PrepareForRun;
             UnmanagedRegistration;
             IncrementalClean;
             PostBuildEvent
           ") en C:\Program Files\dotnet\sdk\8.0.413\Sdks\Microsoft.NET.Sdk\targets\Microsoft.NET.Sdk.targets (197,5)
       Reasignación de propiedad: $(CoreCleanDependsOn)="
             _SdkBeforeClean;
             
           " (valor anterior: "") en C:\Program Files\dotnet\sdk\8.0.413\Sdks\Microsoft.NET.Sdk\targets\Microsoft.NET.Sdk.targets (206,5)
       Reasignación de propiedad: $(RebuildDependsOn)="
             _SdkBeforeRebuild;
             
             BeforeRebuild;
             Clean;
             Build;
             AfterRebuild;
           
           " (valor anterior: "
             BeforeRebuild;
             Clean;
             Build;
             AfterRebuild;
           ") en C:\Program Files\dotnet\sdk\8.0.413\Sdks\Microsoft.NET.Sdk\targets\Microsoft.NET.Sdk.targets (213,5)
       Reasignación de propiedad: $(CompileDependsOn)="
             
             ResolveReferences;
             ResolveKeySource;
             SetWin32ManifestProperties;
             _SetPreferNativeArm64Win32ManifestProperties;
             FindReferenceAssembliesForReferences;
             _GenerateCompileInputs;
             BeforeCompile;
             _TimeStampBeforeCompile;
             _GenerateCompileDependencyCache;
             CoreCompile;
             _TimeStampAfterCompile;
             AfterCompile;
           ;
             _CreateAppHost;
             _CreateComHost;
             _GetIjwHostPaths;
           " (valor anterior: "
             ResolveReferences;
             ResolveKeySource;
             SetWin32ManifestProperties;
             _SetPreferNativeArm64Win32ManifestProperties;
             FindReferenceAssembliesForReferences;
             _GenerateCompileInputs;
             BeforeCompile;
             _TimeStampBeforeCompile;
             _GenerateCompileDependencyCache;
             CoreCompile;
             _TimeStampAfterCompile;
             AfterCompile;
           ") en C:\Program Files\dotnet\sdk\8.0.413\Sdks\Microsoft.NET.Sdk\targets\Microsoft.NET.Sdk.targets (679,5)
       Reasignación de propiedad: $(CreateSatelliteAssembliesDependsOn)="
             
             ;
             _GenerateSatelliteAssemblyInputs;
             ComputeIntermediateSatelliteAssemblies;
             GenerateSatelliteAssemblies
           ;
             CoreGenerateSatelliteAssemblies
           " (valor anterior: "
             ;
             _GenerateSatelliteAssemblyInputs;
             ComputeIntermediateSatelliteAssemblies;
             GenerateSatelliteAssemblies
           ") en C:\Program Files\dotnet\sdk\8.0.413\Sdks\Microsoft.NET.Sdk\targets\Microsoft.NET.Sdk.targets (1065,5)
       Reasignación de propiedad: $(SourceLinkUrlInitializerTargets)=";_InitializeGitHubSourceLinkUrl;_InitializeGitLabSourceLinkUrl" (valor anterior: ";_InitializeGitHubSourceLinkUrl") en C:\Program Files\dotnet\sdk\8.0.413\Sdks\Microsoft.SourceLink.GitLab\build\Microsoft.SourceLink.GitLab.targets (12,5)
       Reasignación de propiedad: $(SourceControlManagerUrlTranslationTargets)=";TranslateGitHubUrlsInSourceControlInformation;TranslateGitLabUrlsInSourceControlInformation" (valor anterior: ";TranslateGitHubUrlsInSourceControlInformation") en C:\Program Files\dotnet\sdk\8.0.413\Sdks\Microsoft.SourceLink.GitLab\build\Microsoft.SourceLink.GitLab.targets (13,5)
       Reasignación de propiedad: $(SourceLinkUrlInitializerTargets)=";_InitializeGitHubSourceLinkUrl;_InitializeGitLabSourceLinkUrl;_InitializeAzureReposGitSourceLinkUrl" (valor anterior: ";_InitializeGitHubSourceLinkUrl;_InitializeGitLabSourceLinkUrl") en C:\Program Files\dotnet\sdk\8.0.413\Sdks\Microsoft.SourceLink.AzureRepos.Git\build\Microsoft.SourceLink.AzureRepos.Git.targets (12,5)
       Reasignación de propiedad: $(SourceControlManagerUrlTranslationTargets)=";TranslateGitHubUrlsInSourceControlInformation;TranslateGitLabUrlsInSourceControlInformation;TranslateAzureReposGitUrlsInSourceControlInformation" (valor anterior: ";TranslateGitHubUrlsInSourceControlInformation;TranslateGitLabUrlsInSourceControlInformation") en C:\Program Files\dotnet\sdk\8.0.413\Sdks\Microsoft.SourceLink.AzureRepos.Git\build\Microsoft.SourceLink.AzureRepos.Git.targets (13,5)
       Reasignación de propiedad: $(SourceLinkUrlInitializerTargets)=";_InitializeGitHubSourceLinkUrl;_InitializeGitLabSourceLinkUrl;_InitializeAzureReposGitSourceLinkUrl;_InitializeBitbucketGitSourceLinkUrl" (valor anterior: ";_InitializeGitHubSourceLinkUrl;_InitializeGitLabSourceLinkUrl;_InitializeAzureReposGitSourceLinkUrl") en C:\Program Files\dotnet\sdk\8.0.413\Sdks\Microsoft.SourceLink.Bitbucket.Git\build\Microsoft.SourceLink.Bitbucket.Git.targets (12,5)
       Reasignación de propiedad: $(SourceControlManagerUrlTranslationTargets)=";TranslateGitHubUrlsInSourceControlInformation;TranslateGitLabUrlsInSourceControlInformation;TranslateAzureReposGitUrlsInSourceControlInformation;TranslateBitbucketGitUrlsInSourceControlInformation" (valor anterior: ";TranslateGitHubUrlsInSourceControlInformation;TranslateGitLabUrlsInSourceControlInformation;TranslateAzureReposGitUrlsInSourceControlInformation") en C:\Program Files\dotnet\sdk\8.0.413\Sdks\Microsoft.SourceLink.Bitbucket.Git\build\Microsoft.SourceLink.Bitbucket.Git.targets (13,5)
       Reasignación de propiedad: $(DesignerRuntimeImplementationProjectOutputGroupDependsOn)="
             
             ;
             
             ;
             BuildOnlySettings;
             PrepareForBuild;
             AssignTargetPaths;
             ResolveReferences
           
           ;
             _GenerateDesignerDepsFile;
             _GenerateDesignerRuntimeConfigFile;
             GetCopyToOutputDirectoryItems;
             _GatherDesignerShadowCopyFiles;
           " (valor anterior: "
             ;
             
             ;
             BuildOnlySettings;
             PrepareForBuild;
             AssignTargetPaths;
             ResolveReferences
           
           ") en C:\Program Files\dotnet\sdk\8.0.413\Sdks\Microsoft.NET.Sdk\targets\Microsoft.NET.DesignerSupport.targets (21,5)
       Reasignación de propiedad: $(_GenerateToolsSettingsFileCacheFile)="C:\Users\Sergio\Desktop\Proyectos\BetterWinTab\obj\x64\Debug\net8.0-windows10.0.19041.0\win-x64\BetterWinTab.toolssettingsinput.cache" (valor anterior: "obj\x64\Debug\net8.0-windows10.0.19041.0\win-x64\BetterWinTab.toolssettingsinput.cache") en C:\Program Files\dotnet\sdk\8.0.413\Sdks\Microsoft.NET.Sdk\targets\Microsoft.NET.PackTool.targets (68,5)
       Reasignación de propiedad: $(_ShimInputCacheFile)="C:\Users\Sergio\Desktop\Proyectos\BetterWinTab\obj\x64\Debug\net8.0-windows10.0.19041.0\win-x64\BetterWinTab.shiminput.cache" (valor anterior: "obj\x64\Debug\net8.0-windows10.0.19041.0\win-x64\BetterWinTab.shiminput.cache") en C:\Program Files\dotnet\sdk\8.0.413\Sdks\Microsoft.NET.Sdk\targets\Microsoft.NET.PackTool.targets (137,5)
       Reasignación de propiedad: $(_ShimCreatedSentinelFile)="C:\Users\Sergio\Desktop\Proyectos\BetterWinTab\obj\x64\Debug\net8.0-windows10.0.19041.0\win-x64\BetterWinTab.shimcreated.sentinel" (valor anterior: "obj\x64\Debug\net8.0-windows10.0.19041.0\win-x64\BetterWinTab.shimcreated.sentinel") en C:\Program Files\dotnet\sdk\8.0.413\Sdks\Microsoft.NET.Sdk\targets\Microsoft.NET.PackTool.targets (139,5)
       Reasignación de propiedad: $(DefineConstants)="TRACE;MICROSOFT_WINDOWSAPPSDK_BOOTSTRAP_AUTO_INITIALIZE;MICROSOFT_WINDOWSAPPSDK_AUTOINITIALIZE_BOOTSTRAP;DEBUG" (valor anterior: "TRACE;MICROSOFT_WINDOWSAPPSDK_BOOTSTRAP_AUTO_INITIALIZE;MICROSOFT_WINDOWSAPPSDK_AUTOINITIALIZE_BOOTSTRAP") en C:\Program Files\dotnet\sdk\8.0.413\Sdks\Microsoft.NET.Sdk\targets\Microsoft.NET.Sdk.CSharp.targets (31,5)
       Reasignación de propiedad: $(DefineConstants)="TRACE;MICROSOFT_WINDOWSAPPSDK_BOOTSTRAP_AUTO_INITIALIZE;MICROSOFT_WINDOWSAPPSDK_AUTOINITIALIZE_BOOTSTRAP;DEBUG;NET;NET8_0;NETCOREAPP" (valor anterior: "TRACE;MICROSOFT_WINDOWSAPPSDK_BOOTSTRAP_AUTO_INITIALIZE;MICROSOFT_WINDOWSAPPSDK_AUTOINITIALIZE_BOOTSTRAP;DEBUG") en C:\Program Files\dotnet\sdk\8.0.413\Sdks\Microsoft.NET.Sdk\targets\Microsoft.NET.Sdk.CSharp.targets (34,5)
       Reasignación de propiedad: $(WarningsAsErrors)=";NU1605;SYSLIB0011" (valor anterior: ";NU1605") en C:\Program Files\dotnet\sdk\8.0.413\Sdks\Microsoft.NET.Sdk\targets\Microsoft.NET.Sdk.CSharp.targets (48,5)
       Reasignación de propiedad: $(PackageDescription)="Package Description" (valor anterior: "") en C:\Program Files\dotnet\sdk\8.0.413\Sdks\NuGet.Build.Tasks.Pack\build\NuGet.Build.Tasks.Pack.targets (34,5)
       Reasignación de propiedad: $(GenerateNuspecDependsOn)="Build;_LoadPackInputItems; _GetTargetFrameworksOutput; _WalkEachTargetPerFramework; _GetPackageFiles; " (valor anterior: "_LoadPackInputItems; _GetTargetFrameworksOutput; _WalkEachTargetPerFramework; _GetPackageFiles; ") en C:\Program Files\dotnet\sdk\8.0.413\Sdks\NuGet.Build.Tasks.Pack\build\NuGet.Build.Tasks.Pack.targets (59,5)
       Reasignación de propiedad: $(_IsNotSetContainersTargetsDir)="true" (valor anterior: "false") en C:\Program Files\dotnet\sdk\8.0.413\Sdks\Microsoft.NET.Sdk\Sdk\Sdk.targets (59,5)
       Reasignación de propiedad: $(_IsSDKContainerAllowedVersion)="true" (valor anterior: "false") en C:\Program Files\dotnet\sdk\8.0.413\Containers\build\Microsoft.NET.Build.Containers.targets (5,5)
       Reasignación de propiedad: $(_ContainerIsTargetingNet8TFM)="true" (valor anterior: "false") en C:\Program Files\dotnet\sdk\8.0.413\Containers\build\Microsoft.NET.Build.Containers.targets (15,5)
       Reasignación de propiedad: $(_ContainerIsSelfContained)="true" (valor anterior: "false") en C:\Program Files\dotnet\sdk\8.0.413\Containers\build\Microsoft.NET.Build.Containers.targets (17,5)
       Invalidando el destino "BeforeGenerateAppxPackageRecipe" del proyecto"C:\Users\Sergio\.nuget\packages\microsoft.windows.sdk.buildtools.msix\1.7.20250829.1\build\Microsoft.Windows.SDK.BuildTools.MSIX.Packaging.targets" con el destino "BeforeGenerateAppxPackageRecipe" del proyecto "C:\Users\Sergio\.nuget\packages\microsoft.windows.sdk.buildtools.msix\1.7.20250829.1\build\Microsoft.Windows.SDK.BuildTools.MSIX.Packaging.targets".
       Invalidando el destino "_AddWindowsInstallScriptToTestLayout" del proyecto"C:\Users\Sergio\.nuget\packages\microsoft.windows.sdk.buildtools.msix\1.7.20250829.1\build\Microsoft.Windows.SDK.BuildTools.MSIX.Packaging.targets" con el destino "_AddWindowsInstallScriptToTestLayout" del proyecto "C:\Users\Sergio\.nuget\packages\microsoft.windows.sdk.buildtools.msix\1.7.20250829.1\build\Microsoft.Windows.SDK.BuildTools.MSIX.Packaging.targets".
       Invalidando el destino "_GetAppxManifestSchemaItems" del proyecto"C:\Users\Sergio\.nuget\packages\microsoft.windows.sdk.buildtools.msix\1.7.20250829.1\build\Microsoft.Windows.SDK.BuildTools.MSIX.Packaging.targets" con el destino "_GetAppxManifestSchemaItems" del proyecto "C:\Users\Sergio\.nuget\packages\microsoft.windows.sdk.buildtools.msix\1.7.20250829.1\build\Microsoft.Windows.SDK.BuildTools.MSIX.Packaging.targets".
       Invalidando el destino "GetPackagingOutputs" del proyecto"C:\Program Files\dotnet\sdk\8.0.413\Microsoft.Common.CurrentVersion.targets" con el destino "GetPackagingOutputs" del proyecto "C:\Users\Sergio\.nuget\packages\microsoft.windows.sdk.buildtools.msix\1.7.20250829.1\build\Microsoft.Windows.SDK.BuildTools.MSIX.Packaging.targets".
       Invalidando el destino "BeforeGenerateAppxPackageRecipe" del proyecto"C:\Users\Sergio\.nuget\packages\microsoft.windows.sdk.buildtools.msix\1.7.20250829.1\build\Microsoft.Windows.SDK.BuildTools.MSIX.Packaging.targets" con el destino "BeforeGenerateAppxPackageRecipe" del proyecto "C:\Users\Sergio\.nuget\packages\microsoft.windows.sdk.buildtools.msix\1.7.20250829.1\build\Microsoft.Windows.SDK.BuildTools.MSIX.Packaging.targets".
       Invalidando el destino "_GetPackageArchitecture" del proyecto"C:\Users\Sergio\.nuget\packages\microsoft.windows.sdk.buildtools.msix\1.7.20250829.1\build\Microsoft.Windows.SDK.BuildTools.MSIX.Packaging.targets" con el destino "_GetPackageArchitecture" del proyecto "C:\Users\Sergio\.nuget\packages\microsoft.windows.sdk.buildtools.msix\1.7.20250829.1\build\Microsoft.Windows.SDK.BuildTools.MSIX.Packaging.targets".
       Invalidando el destino "MsixCheckForInvalidCustomBeforeMicrosoftCommonTargets" del proyecto"C:\Users\Sergio\.nuget\packages\microsoft.windows.sdk.buildtools.msix\1.7.20250829.1\build\Microsoft.Windows.SDK.BuildTools.MSIX.Common.targets" con el destino "MsixCheckForInvalidCustomBeforeMicrosoftCommonTargets" del proyecto "C:\Users\Sergio\.nuget\packages\microsoft.windows.sdk.buildtools.msix\1.7.20250829.1\build\Microsoft.Windows.SDK.BuildTools.MSIX.targets".
       Invalidando el destino "ResolveFrameworkReferences" del proyecto"C:\Program Files\dotnet\sdk\8.0.413\Microsoft.Common.CurrentVersion.targets" con el destino "ResolveFrameworkReferences" del proyecto "C:\Program Files\dotnet\sdk\8.0.413\Sdks\Microsoft.NET.Sdk\targets\Microsoft.NET.Sdk.FrameworkReferenceResolution.targets".
       Invalidando el destino "Run" del proyecto"C:\Program Files\dotnet\sdk\8.0.413\Microsoft.Common.CurrentVersion.targets" con el destino "Run" del proyecto "C:\Program Files\dotnet\sdk\8.0.413\Sdks\Microsoft.NET.Sdk\targets\Microsoft.NET.Sdk.targets".
       Invalidando el destino "GenerateSupportedTargetFrameworkAlias" del proyecto"C:\Program Files\dotnet\sdk\8.0.413\Microsoft.Common.CurrentVersion.targets" con el destino "GenerateSupportedTargetFrameworkAlias" del proyecto "C:\Program Files\dotnet\sdk\8.0.413\Sdks\Microsoft.NET.Sdk\targets\Microsoft.NET.Sdk.targets".
       Invalidando el destino "GetReferenceAssemblyPaths" del proyecto"C:\Program Files\dotnet\sdk\8.0.413\Microsoft.Common.CurrentVersion.targets" con el destino "GetReferenceAssemblyPaths" del proyecto "C:\Program Files\dotnet\sdk\8.0.413\Sdks\Microsoft.NET.Sdk\targets\Microsoft.NET.DisableStandardFrameworkResolution.targets".
       Invalidando el destino "GetFrameworkPaths" del proyecto"C:\Program Files\dotnet\sdk\8.0.413\Microsoft.Common.CurrentVersion.targets" con el destino "GetFrameworkPaths" del proyecto "C:\Program Files\dotnet\sdk\8.0.413\Sdks\Microsoft.NET.Sdk\targets\Microsoft.NET.DisableStandardFrameworkResolution.targets".
       Invalidando el destino "DesignerRuntimeImplementationProjectOutputGroup" del proyecto"C:\Program Files\dotnet\sdk\8.0.413\Microsoft.Common.CurrentVersion.targets" con el destino "DesignerRuntimeImplementationProjectOutputGroup" del proyecto "C:\Program Files\dotnet\sdk\8.0.413\Sdks\Microsoft.NET.Sdk\targets\Microsoft.NET.DesignerSupport.targets".
       Invalidando el destino "Publish" del proyecto"C:\Program Files\dotnet\sdk\8.0.413\Microsoft.Common.CurrentVersion.targets" con el destino "Publish" del proyecto "C:\Program Files\dotnet\sdk\8.0.413\Sdks\Microsoft.NET.Sdk\targets\Microsoft.NET.Publish.targets".
       Invalidando el destino "ResolveReadyToRunCompilers" del proyecto"C:\Program Files\dotnet\sdk\8.0.413\Sdks\Microsoft.NET.Sdk\targets\Microsoft.NET.CrossGen.targets" con el destino "ResolveReadyToRunCompilers" del proyecto "C:\Program Files\dotnet\sdk\8.0.413\Sdks\Microsoft.NET.Sdk\targets\Microsoft.NET.Publish.targets".
       Invalidando el destino "GetCopyToPublishDirectoryItems" del proyecto"C:\Program Files\dotnet\sdk\8.0.413\Microsoft.Common.CurrentVersion.targets" con el destino "GetCopyToPublishDirectoryItems" del proyecto "C:\Program Files\dotnet\sdk\8.0.413\Sdks\Microsoft.NET.Sdk\targets\Microsoft.NET.Publish.targets".
       El destino "ResolveNuGetPackageAssets" que aparece en un atributo AfterTargets en "C:\Users\Sergio\.nuget\packages\system.text.json\9.0.13\buildTransitive\net8.0\System.Text.Json.targets (11,11)" no existe en el proyecto y se omitirá.
       El destino "ResolveNuGetPackageAssets" que aparece en un atributo AfterTargets en "C:\Users\Sergio\.nuget\packages\system.text.json\9.0.13\buildTransitive\net8.0\System.Text.Json.targets (23,11)" no existe en el proyecto y se omitirá.
       El destino "ComputeLinkedFilesToPublish" que aparece en un atributo AfterTargets en "C:\Users\Sergio\.nuget\packages\microsoft.windows.sdk.buildtools.msix\1.7.20250829.1\build\Microsoft.Windows.SDK.BuildTools.MSIX.Packaging.targets (4350,99)" no existe en el proyecto y se omitirá.
       El destino "ResolveNuGetPackageAssets" que aparece en un atributo AfterTargets en "C:\Users\Sergio\.nuget\packages\microsoft.windows.sdk.buildtools.msix\1.7.20250829.1\build\Microsoft.Windows.SDK.BuildTools.MSIX.Packaging.targets (4454,5)" no existe en el proyecto y se omitirá.
       El destino "_ConvertItems" que aparece en un atributo BeforeTargets en "C:\Users\Sergio\.nuget\packages\microsoft.windowsappsdk.base\1.8.251216001\buildTransitive\Microsoft.WindowsAppSDK.Base.targets (19,61)" no existe en el proyecto y se omitirá.
       El destino "_ResolveVCLibDependencies" que aparece en un atributo AfterTargets en "C:\Users\Sergio\.nuget\packages\microsoft.windowsappsdk.base\1.8.251216001\buildTransitive\Microsoft.WindowsAppSDK.Base.targets (19,91)" no existe en el proyecto y se omitirá.
       El destino "ResolveNuGetPackageAssets" que aparece en un atributo AfterTargets en "C:\Users\Sergio\.nuget\packages\microsoft.windowsappsdk.winui\1.8.260204000\buildTransitive\Microsoft.WinUI.AppX.targets (56,51)" no existe en el proyecto y se omitirá.
       El destino "_ConvertItems" que aparece en un atributo BeforeTargets en "C:\Users\Sergio\.nuget\packages\microsoft.windowsappsdk.winui\1.8.260204000\buildTransitive\Microsoft.WinUI.AppX.targets (112,7)" no existe en el proyecto y se omitirá.
       El destino "_ExpandProjectReferences" que aparece en un atributo AfterTargets en "C:\Users\Sergio\.nuget\packages\microsoft.windowsappsdk.winui\1.8.260204000\buildTransitive\Microsoft.WinUI.AppX.targets (113,7)" no existe en el proyecto y se omitirá.
       El destino "ResolveNuGetPackageAssets" que aparece en un atributo AfterTargets en "C:\Users\Sergio\.nuget\packages\communitytoolkit.mvvm\8.4.0\buildTransitive\CommunityToolkit.Mvvm.SourceGenerators.targets (13,11)" no existe en el proyecto y se omitirá.
       El destino "ResolveNuGetPackageAssets" que aparece en un atributo AfterTargets en "C:\Users\Sergio\.nuget\packages\communitytoolkit.mvvm\8.4.0\buildTransitive\CommunityToolkit.Mvvm.SourceGenerators.targets (25,11)" no existe en el proyecto y se omitirá.
       El destino "ResolveNuGetPackageAssets" que aparece en un atributo AfterTargets en "C:\Users\Sergio\.nuget\packages\communitytoolkit.mvvm\8.4.0\buildTransitive\CommunityToolkit.Mvvm.SourceGenerators.targets (112,11)" no existe en el proyecto y se omitirá.
   1:2>El proyecto "C:\Users\Sergio\Desktop\Proyectos\BetterWinTab\BetterWinTab.sln" (1:2) está compilando "C:\Users\Sergio\Desktop\Proyectos\BetterWinTab\BetterWinTab.csproj" (2:6) en el nodo 1 (destinos predeterminados).
   2:6>Se omitió el destino "WindowsAppSDKNotifySelfContainedMode" debido a una condición falsa (False); ('$(_WindowsAppSDKSelfContainedSetByDefault)' == 'true') se evaluó como ('' == 'true').
       Se omitió el destino "WindowsAppSDKFrameworkPackageDependentWithoutPackages" debido a una condición falsa (False); ('$(WindowsAppSDKSelfContained)' != 'true' and '$(MicrosoftWindowsAppSDKPackageDir)' == '' and '$(OutputType)' != 'Library') se evaluó como ('' != 'true' and 'C:\Users\Sergio\.nuget\packages\microsoft.windowsappsdk.runtime\1.8.260209005\' == '' and 'WinExe' != 'Library').
   2:6>Destino "VerifyReferencedWindowsAppSdkComponentVersions" en el archivo "C:\Users\Sergio\.nuget\packages\microsoft.windowsappsdk.runtime\1.8.260209005\buildTransitive\Microsoft.WindowsAppSDK.ComponentReference.targets" del proyecto "C:\Users\Sergio\Desktop\Proyectos\BetterWinTab\BetterWinTab.csproj" (punto de entrada):
       Se omitió la tarea "Error" debido a una condición falsa (False); ('@(_VersionMismatch)' != '') se evaluó como ('' != '').
   2:6>Compilación terminada del destino "VerifyReferencedWindowsAppSdkComponentVersions" en el proyecto "BetterWinTab.csproj".
       Se omitió el destino "_CheckForUnsupportedTargetFramework" debido a una condición falsa (False); ('$(_UnsupportedTargetFrameworkError)' == 'true') se evaluó como ('' == 'true').
   2:6>Destino "_CollectTargetFrameworkForTelemetry" en el archivo "C:\Program Files\dotnet\sdk\8.0.413\Sdks\Microsoft.NET.Sdk\targets\Microsoft.NET.TargetFrameworkInference.targets" del proyecto "C:\Users\Sergio\Desktop\Proyectos\BetterWinTab\BetterWinTab.csproj" (el destino "_CheckForInvalidConfigurationAndPlatform" depende de él):
       Usando la tarea "AllowEmptyTelemetry" del ensamblado "C:\Program Files\dotnet\sdk\8.0.413\Sdks\Microsoft.NET.Sdk\targets\..\tools\net8.0\Microsoft.NET.Build.Tasks.dll".
       Tarea "AllowEmptyTelemetry"
       Ejecución de la tarea "AllowEmptyTelemetry" terminada.
   2:6>Compilación terminada del destino "_CollectTargetFrameworkForTelemetry" en el proyecto "BetterWinTab.csproj".
       Se omitió el destino "_CheckForMissingWorkload" debido a una condición falsa (False); ('@(MissingWorkloadPack)' != '' And '$(DesignTimeBuild)' != 'true') se evaluó como ('' != '' And '' != 'true').
   2:6>Destino "_CheckForUnsupportedTargetPlatformIdentifier" en el archivo "C:\Program Files\dotnet\sdk\8.0.413\Sdks\Microsoft.NET.Sdk\targets\Microsoft.NET.TargetFrameworkInference.targets" del proyecto "C:\Users\Sergio\Desktop\Proyectos\BetterWinTab\BetterWinTab.csproj" (el destino "_CheckForInvalidConfigurationAndPlatform" depende de él):
       Se omitió la tarea "NETSdkError" debido a una condición falsa (False); ('$(TargetPlatformSupported)' != 'true' and '$(UseWorkloadsSpecificError)' != 'true') se evaluó como ('true' != 'true' and '' != 'true').
       Se omitió la tarea "NETSdkError" debido a una condición falsa (False); ('$(TargetPlatformSupported)' != 'true' and '$(UseWorkloadsSpecificError)' == 'true') se evaluó como ('true' != 'true' and '' == 'true').
   2:6>Compilación terminada del destino "_CheckForUnsupportedTargetPlatformIdentifier" en el proyecto "BetterWinTab.csproj".
   2:6>Destino "_CheckForUnsupportedNETCoreVersion" en el archivo "C:\Program Files\dotnet\sdk\8.0.413\Sdks\Microsoft.NET.Sdk\targets\Microsoft.NET.TargetFrameworkInference.targets" del proyecto "C:\Users\Sergio\Desktop\Proyectos\BetterWinTab\BetterWinTab.csproj" (el destino "_CheckForInvalidConfigurationAndPlatform" depende de él):
       Se omitió la tarea "NETSdkError" debido a una condición falsa (False); ('$(_TargetFrameworkVersionWithoutV)' > '$(NETCoreAppMaximumVersion)' and '$(DisplayVSMessage)' != 'true') se evaluó como ('8.0' > '8.0' and '' != 'true').
       Se omitió la tarea "NETSdkError" debido a una condición falsa (False); ('$(DisplayVSMessage)' == 'true') se evaluó como ('' == 'true').
   2:6>Compilación terminada del destino "_CheckForUnsupportedNETCoreVersion" en el proyecto "BetterWinTab.csproj".
       Se omitió el destino "_CheckForEolTargetFrameworks" debido a una condición falsa (False); ('@(_EolNetCoreTargetFrameworkVersions->AnyHaveMetadataValue('Identity', '$(_TargetFrameworkVersionWithoutV)'))' and '$(TargetFrameworkIdentifier)' == '.NETCoreApp' and '$(CheckEolTargetFramework)' == 'true') se evaluó como ('false' and '.NETCoreApp' == '.NETCoreApp' and 'true' == 'true').
       Se omitió el destino "_CheckForEolWorkloads" debido a una condición falsa (False); ('@(EolWorkload)' != '' and '$(CheckEolWorkloads)' == 'true') se evaluó como ('' != '' and 'true' == 'true').
   2:6>Destino "_CheckForUnsupportedCppNETCoreVersion" en el archivo "C:\Program Files\dotnet\sdk\8.0.413\Sdks\Microsoft.NET.Sdk\targets\Microsoft.NET.TargetFrameworkInference.targets" del proyecto "C:\Users\Sergio\Desktop\Proyectos\BetterWinTab\BetterWinTab.csproj" (el destino "_CheckForInvalidConfigurationAndPlatform" depende de él):
       Se omitió la tarea "NETSdkError" debido a una condición falsa (False); ('$(TargetFrameworkIdentifier)' == '.NETCoreApp' and '$(_TargetFrameworkVersionWithoutV)' < '3.1' and ('$(Language)' == 'C++' and '$(_EnablePackageReferencesInVCProjects)' != 'true')) se evaluó como ('.NETCoreApp' == '.NETCoreApp' and '8.0' < '3.1' and ('C#' == 'C++' and '' != 'true')).
   2:6>Compilación terminada del destino "_CheckForUnsupportedCppNETCoreVersion" en el proyecto "BetterWinTab.csproj".
       Se omitió el destino "_CheckForUnsupportedNETStandardVersion" debido a una condición falsa (False); ('$(TargetFrameworkIdentifier)' == '.NETStandard' And '$(NETStandardMaximumVersion)' != '') se evaluó como ('.NETCoreApp' == '.NETStandard' And '' != '').
       Se omitió el destino "_CheckForUnsupportedTargetFrameworkAndFeatureCombination" debido a una condición falsa (False); ('$(TargetFrameworkIdentifier)' == '.NETFramework') se evaluó como ('.NETCoreApp' == '.NETFramework').
   2:6>Destino "_CheckForSupportedOSPlatformVersionHigherThanTargetPlatformVersion" en el archivo "C:\Program Files\dotnet\sdk\8.0.413\Sdks\Microsoft.NET.Sdk\targets\Microsoft.NET.TargetFrameworkInference.targets" del proyecto "C:\Users\Sergio\Desktop\Proyectos\BetterWinTab\BetterWinTab.csproj" (el destino "_CheckForInvalidConfigurationAndPlatform" depende de él):
       Se omitió la tarea "NETSdkError" debido a una condición falsa (False); ('$(SupportedOSPlatformVersion)' != '' and $(TargetPlatformVersion) != '' and $([MSBuild]::VersionGreaterThan($(SupportedOSPlatformVersion), $(TargetPlatformVersion)))) se evaluó como ('10.0.17763.0' != '' and 10.0.19041.0 != '' and False).
   2:6>Compilación terminada del destino "_CheckForSupportedOSPlatformVersionHigherThanTargetPlatformVersion" en el proyecto "BetterWinTab.csproj".
   2:6>Destino "_NormalizeTargetPlatformVersion" en el archivo "C:\Program Files\dotnet\sdk\8.0.413\Sdks\Microsoft.NET.Sdk\targets\Microsoft.NET.TargetFrameworkInference.targets" del proyecto "C:\Users\Sergio\Desktop\Proyectos\BetterWinTab\BetterWinTab.csproj" (el destino "_CheckForInvalidTargetPlatformVersion" depende de él):
   2:6>Compilación terminada del destino "_NormalizeTargetPlatformVersion" en el proyecto "BetterWinTab.csproj".
   2:6>Destino "_CheckForInvalidTargetPlatformVersion" en el archivo "C:\Program Files\dotnet\sdk\8.0.413\Sdks\Microsoft.NET.Sdk\targets\Microsoft.NET.TargetFrameworkInference.targets" del proyecto "C:\Users\Sergio\Desktop\Proyectos\BetterWinTab\BetterWinTab.csproj" (el destino "_CheckForInvalidConfigurationAndPlatform" depende de él):
       Se omitió la tarea "NetSdkError" debido a una condición falsa (False); ('$(TargetPlatformVersionSupported)' != 'true') se evaluó como ('true' != 'true').
   2:6>Compilación terminada del destino "_CheckForInvalidTargetPlatformVersion" en el proyecto "BetterWinTab.csproj".
   2:6>Destino "_CheckForUnsupportedArtifactsPath" en el archivo "C:\Program Files\dotnet\sdk\8.0.413\Sdks\Microsoft.NET.Sdk\targets\Microsoft.NET.DefaultOutputPaths.targets" del proyecto "C:\Users\Sergio\Desktop\Proyectos\BetterWinTab\BetterWinTab.csproj" (el destino "_CheckForInvalidConfigurationAndPlatform" depende de él):
       Se omitió la tarea "NetSdkError" debido a una condición falsa (False); ('$(UseArtifactsOutput)' == 'true' and '$(_ArtifactsPathSetEarly)' != 'true') se evaluó como ('' == 'true' and '' != 'true').
       Se omitió la tarea "NetSdkError" debido a una condición falsa (False); ('$(_ArtifactsPathLocationType)' == 'ProjectFolder') se evaluó como ('' == 'ProjectFolder').
   2:6>Compilación terminada del destino "_CheckForUnsupportedArtifactsPath" en el proyecto "BetterWinTab.csproj".
       Se omitió el destino "_CheckForMissingWorkload" debido a una condición falsa (False); ('@(MissingWorkloadPack)' != '' And '$(DesignTimeBuild)' != 'true') se evaluó como ('' != '' And '' != 'true').
   2:6>Destino "_CheckForUnsupportedAppHostUsage" en el archivo "C:\Program Files\dotnet\sdk\8.0.413\Sdks\Microsoft.NET.Sdk\targets\Microsoft.NET.RuntimeIdentifierInference.targets" del proyecto "C:\Users\Sergio\Desktop\Proyectos\BetterWinTab\BetterWinTab.csproj" (el destino "_CheckForInvalidConfigurationAndPlatform" depende de él):
       Se omitió la tarea "NETSdkError" debido a una condición falsa (False); ('$(SelfContained)' == 'true' and '$(RuntimeIdentifier)' == '' and '$(AllowSelfContainedWithoutRuntimeIdentifier)' != 'true') se evaluó como ('true' == 'true' and 'win-x64' == '' and '' != 'true').
       Se omitió la tarea "NETSdkError" debido a una condición falsa (False); ('$(PublishReadyToRun)' == 'true' and '$(RuntimeIdentifier)' == '' and '$(_IsPublishing)' == 'true') se evaluó como ('False' == 'true' and 'win-x64' == '' and '' == 'true').
       Se omitió la tarea "NETSdkError" debido a una condición falsa (False); ('$(PublishSingleFile)' == 'true' and '$(RuntimeIdentifier)' == '' and '$(_IsPublishing)' == 'true') se evaluó como ('False' == 'true' and 'win-x64' == '' and '' == 'true').
       Se omitió la tarea "NETSdkError" debido a una condición falsa (False); ('$(PublishAot)' == 'true' and '$(RuntimeIdentifier)' == '' and '$(_IsPublishing)' == 'true' and '$(AllowPublishAotWithoutRuntimeIdentifier)' != 'true') se evaluó como ('' == 'true' and 'win-x64' == '' and '' == 'true' and '' != 'true').
       Se omitió la tarea "NETSdkError" debido a una condición falsa (False); ('$(PublishSelfContained)' != 'true' and '$(PublishSelfContained)' != 'false' and '$(PublishSelfContained)' != '') se evaluó como ('' != 'true' and '' != 'false' and '' != '').
       Se omitió la tarea "NETSdkError" debido a una condición falsa (False); ('$(SelfContained)' == 'true' and '$(UseAppHost)' != 'true' and '$(_RuntimeIdentifierUsesAppHost)' == 'true') se evaluó como ('true' == 'true' and 'true' != 'true' and 'true' == 'true').
       Se omitió la tarea "NETSdkError" debido a una condición falsa (False); ('$(SelfContained)' != 'true' and '$(UseAppHost)' == 'true' and '$(_TargetFrameworkVersionWithoutV)' < '2.1') se evaluó como ('true' != 'true' and 'true' == 'true' and '8.0' < '2.1').
       Se omitió la tarea "NETSdkError" debido a una condición falsa (False); ('$(PublishSingleFile)' == 'true' and '$(_TargetFrameworkVersionWithoutV)' < '3.0') se evaluó como ('False' == 'true' and '8.0' < '3.0').
       Se omitió la tarea "NETSdkWarning" debido a una condición falsa (False); ('$(PublishReadyToRun)' == 'true' and '$(_TargetFrameworkVersionWithoutV)' < '3.0') se evaluó como ('False' == 'true' and '8.0' < '3.0').
       Se omitió la tarea "NETSdkWarning" debido a una condición falsa (False); ('$(RuntimeIdentifier)' != '' and '$(_TargetFrameworkVersionWithoutV)' != '' and $([MSBuild]::VersionLessThan($(_TargetFrameworkVersionWithoutV), '8.0')) and '$(_SelfContainedWasSpecified)' != 'true') se evaluó como ('win-x64' != '' and '8.0' != '' and False and 'true' != 'true').
       Se omitió la tarea "NetSdkError" debido a una condición falsa (False); (('$(UseWindowsForms)' == 'true') and ('$(PublishTrimmed)' == 'true') and ('$(_SuppressWinFormsTrimError)' != 'true')) se evaluó como (('' == 'true') and ('False' == 'true') and ('' != 'true')).
       Se omitió la tarea "NetSdkError" debido a una condición falsa (False); (('$(UseWpf)' == 'true') and ('$(PublishTrimmed)' == 'true') and ('$(_SuppressWpfTrimError)' != 'true')) se evaluó como (('' == 'true') and ('False' == 'true') and ('' != 'true')).
   2:6>Compilación terminada del destino "_CheckForUnsupportedAppHostUsage" en el proyecto "BetterWinTab.csproj".
   2:6>Destino "_CheckForUnsupportedHostingUsage" en el archivo "C:\Program Files\dotnet\sdk\8.0.413\Sdks\Microsoft.NET.Sdk\targets\Microsoft.NET.RuntimeIdentifierInference.targets" del proyecto "C:\Users\Sergio\Desktop\Proyectos\BetterWinTab\BetterWinTab.csproj" (el destino "_CheckForInvalidConfigurationAndPlatform" depende de él):
       Se omitió la tarea "NETSdkWarning" debido a una condición falsa (False); ('$(SelfContained)' == 'true' and '$(EnableComHosting)' == 'true') se evaluó como ('true' == 'true' and '' == 'true').
   2:6>Compilación terminada del destino "_CheckForUnsupportedHostingUsage" en el proyecto "BetterWinTab.csproj".
   2:6>Destino "_CheckAndUnsetUnsupportedPrefer32Bit" en el archivo "C:\Program Files\dotnet\sdk\8.0.413\Sdks\Microsoft.NET.Sdk\targets\Microsoft.NET.RuntimeIdentifierInference.targets" del proyecto "C:\Users\Sergio\Desktop\Proyectos\BetterWinTab\BetterWinTab.csproj" (el destino "_CheckForInvalidConfigurationAndPlatform" depende de él):
       Se omitió la tarea "NETSdkWarning" debido a una condición falsa (False); ('$(Prefer32Bit)' == 'true') se evaluó como ('false' == 'true').
   2:6>Compilación terminada del destino "_CheckAndUnsetUnsupportedPrefer32Bit" en el proyecto "BetterWinTab.csproj".
   2:6>Destino "_CheckForMismatchingPlatform" en el archivo "C:\Program Files\dotnet\sdk\8.0.413\Sdks\Microsoft.NET.Sdk\targets\Microsoft.NET.RuntimeIdentifierInference.targets" del proyecto "C:\Users\Sergio\Desktop\Proyectos\BetterWinTab\BetterWinTab.csproj" (el destino "_CheckForInvalidConfigurationAndPlatform" depende de él):
       Se omitió la tarea "NETSdkError" debido a una condición falsa (False); ('$(PlatformTarget)' != 'AnyCPU' and !$(RuntimeIdentifier.ToUpperInvariant().Contains($(PlatformTarget.ToUpperInvariant())))) se evaluó como ('x64' != 'AnyCPU' and !True).
   2:6>Compilación terminada del destino "_CheckForMismatchingPlatform" en el proyecto "BetterWinTab.csproj".
   2:6>Destino "_CheckForLanguageAndFeatureCombinationSupport" en el archivo "C:\Program Files\dotnet\sdk\8.0.413\Sdks\Microsoft.NET.Sdk\targets\Microsoft.NET.RuntimeIdentifierInference.targets" del proyecto "C:\Users\Sergio\Desktop\Proyectos\BetterWinTab\BetterWinTab.csproj" (el destino "_CheckForInvalidConfigurationAndPlatform" depende de él):
       Se omitió la tarea "NETSdkError" debido a una condición falsa (False); (('$(Language)' == 'C++' and '$(_EnablePackageReferencesInVCProjects)' != 'true') and $(OutputType) != 'library' and '$(TargetFrameworkIdentifier)' == '.NETCoreApp') se evaluó como (('C#' == 'C++' and '' != 'true') and WinExe != 'library' and '.NETCoreApp' == '.NETCoreApp').
       Se omitió la tarea "NETSdkError" debido a una condición falsa (False); (('$(Language)' == 'C++' and '$(_EnablePackageReferencesInVCProjects)' != 'true') and $(EnableComHosting) == 'true') se evaluó como (('C#' == 'C++' and '' != 'true') and  == 'true').
       Se omitió la tarea "NETSdkError" debido a una condición falsa (False); (('$(Language)' == 'C++' and '$(_EnablePackageReferencesInVCProjects)' != 'true') and $(SelfContained) == 'true') se evaluó como (('C#' == 'C++' and '' != 'true') and true == 'true').
   2:6>Compilación terminada del destino "_CheckForLanguageAndFeatureCombinationSupport" en el proyecto "BetterWinTab.csproj".
       Se omitió el destino "_CheckForNETCoreSdkIsPreview" debido a una condición falsa (False); ( '$(_NETCoreSdkIsPreview)' == 'true' AND '$(SuppressNETCoreSdkPreviewMessage)' != 'true' ) se evaluó como ( 'false' == 'true' AND '' != 'true' ).
   2:6>Destino "_GetProjectJsonPath" en el archivo "C:\Program Files\dotnet\sdk\8.0.413\NuGet.targets" del proyecto "C:\Users\Sergio\Desktop\Proyectos\BetterWinTab\BetterWinTab.csproj" (el destino "_GetRestoreProjectStyle" depende de él):
       Se omitió la tarea "GetRestoreProjectJsonPathTask" debido a una condición falsa (False); ( '$(RestoreProjectStyle)' == 'ProjectJson' OR '$(RestoreProjectStyle)' == '' ) se evaluó como ( 'PackageReference' == 'ProjectJson' OR 'PackageReference' == '' ).
   2:6>Compilación terminada del destino "_GetProjectJsonPath" en el proyecto "BetterWinTab.csproj".
       Se omitió el destino "_CheckForUnsupportedNETStandardVersion" debido a una condición falsa (False); ('$(TargetFrameworkIdentifier)' == '.NETStandard' And '$(NETStandardMaximumVersion)' != '') se evaluó como ('.NETCoreApp' == '.NETStandard' And '' != '').
       Se omitió el destino "_CheckForUnsupportedTargetFrameworkAndFeatureCombination" debido a una condición falsa (False); ('$(TargetFrameworkIdentifier)' == '.NETFramework') se evaluó como ('.NETCoreApp' == '.NETFramework').
   2:6>Destino "UpdateAspNetToFrameworkReference" en el archivo "C:\Program Files\dotnet\sdk\8.0.413\Sdks\Microsoft.NET.Sdk\targets\Microsoft.NET.Sdk.DefaultItems.Shared.targets" del proyecto "C:\Users\Sergio\Desktop\Proyectos\BetterWinTab\BetterWinTab.csproj" (el destino "ApplyImplicitVersions" depende de él):
       Usando la tarea "CheckIfPackageReferenceShouldBeFrameworkReference" del ensamblado "C:\Program Files\dotnet\sdk\8.0.413\Sdks\Microsoft.NET.Sdk\targets\..\tools\net8.0\Microsoft.NET.Build.Tasks.dll".
       Tarea "CheckIfPackageReferenceShouldBeFrameworkReference"
       Ejecución de la tarea "CheckIfPackageReferenceShouldBeFrameworkReference" terminada.
       Se omitió la tarea "NETSdkError" debido a una condición falsa (False); ('$(_ShouldRemoveAspNetCoreAll)' == 'true') se evaluó como ('False' == 'true').
       Tarea "CheckIfPackageReferenceShouldBeFrameworkReference"
       Ejecución de la tarea "CheckIfPackageReferenceShouldBeFrameworkReference" terminada.
       Se omitió la tarea "NETSdkWarning" debido a una condición falsa (False); ('$(_ShouldRemoveAspNetCoreApp)' == 'true') se evaluó como ('False' == 'true').
   2:6>Compilación terminada del destino "UpdateAspNetToFrameworkReference" en el proyecto "BetterWinTab.csproj".
       Se omitió el destino "IncludeTargetingPackReference" debido a una condición falsa (False); ('$(TargetFrameworkMoniker)' != '' and '$(TargetFrameworkIdentifier)' == '.NETFramework' and '$(AutomaticallyUseReferenceAssemblyPackages)' == 'true') se evaluó como ('.NETCoreApp,Version=v8.0' != '' and '.NETCoreApp' == '.NETFramework' and 'true' == 'true').
   2:6>Destino "CheckForImplicitPackageReferenceOverrides" en el archivo "C:\Program Files\dotnet\sdk\8.0.413\Sdks\Microsoft.NET.Sdk\targets\Microsoft.NET.Sdk.DefaultItems.Shared.targets" del proyecto "C:\Users\Sergio\Desktop\Proyectos\BetterWinTab\BetterWinTab.csproj" (el destino "ApplyImplicitVersions" depende de él):
       Usando la tarea "CheckForImplicitPackageReferenceOverrides" del ensamblado "C:\Program Files\dotnet\sdk\8.0.413\Sdks\Microsoft.NET.Sdk\targets\..\tools\net8.0\Microsoft.NET.Build.Tasks.dll".
       Tarea "CheckForImplicitPackageReferenceOverrides"
       Ejecución de la tarea "CheckForImplicitPackageReferenceOverrides" terminada.
   2:6>Compilación terminada del destino "CheckForImplicitPackageReferenceOverrides" en el proyecto "BetterWinTab.csproj".
   2:6>Destino "ApplyImplicitVersions" en el archivo "C:\Program Files\dotnet\sdk\8.0.413\Sdks\Microsoft.NET.Sdk\targets\Microsoft.NET.Sdk.DefaultItems.Shared.targets" del proyecto "C:\Users\Sergio\Desktop\Proyectos\BetterWinTab\BetterWinTab.csproj" (el destino "CollectPackageReferences" depende de él):
       Usando la tarea "ApplyImplicitVersions" del ensamblado "C:\Program Files\dotnet\sdk\8.0.413\Sdks\Microsoft.NET.Sdk\targets\..\tools\net8.0\Microsoft.NET.Build.Tasks.dll".
       Tarea "ApplyImplicitVersions"
       Ejecución de la tarea "ApplyImplicitVersions" terminada.
   2:6>Compilación terminada del destino "ApplyImplicitVersions" en el proyecto "BetterWinTab.csproj".
       Se omitió el destino "CheckForImplicitPackageReferenceOverrides". Compilado previamente de forma correcta.
   2:6>Destino "AddWindowsSdkKnownFrameworkReferences" en el archivo "C:\Program Files\dotnet\sdk\8.0.413\Sdks\Microsoft.NET.Sdk\targets\Microsoft.NET.Sdk.FrameworkReferenceResolution.targets" del proyecto "C:\Users\Sergio\Desktop\Proyectos\BetterWinTab\BetterWinTab.csproj" (el destino "ProcessFrameworkReferences" depende de él):
       Usando la tarea "CreateWindowsSdkKnownFrameworkReferences" del ensamblado "C:\Program Files\dotnet\sdk\8.0.413\Sdks\Microsoft.NET.Sdk\targets\..\tools\net8.0\Microsoft.NET.Build.Tasks.dll".
       Tarea "CreateWindowsSdkKnownFrameworkReferences"
       Ejecución de la tarea "CreateWindowsSdkKnownFrameworkReferences" terminada.
   2:6>Compilación terminada del destino "AddWindowsSdkKnownFrameworkReferences" en el proyecto "BetterWinTab.csproj".
   2:6>Destino "_ComputeToolPackInputsToProcessFrameworkReferences" en el archivo "C:\Program Files\dotnet\sdk\8.0.413\Sdks\Microsoft.NET.Sdk\targets\Microsoft.NET.Publish.targets" del proyecto "C:\Users\Sergio\Desktop\Proyectos\BetterWinTab\BetterWinTab.csproj" (el destino "ProcessFrameworkReferences" depende de él):
   2:6>Compilación terminada del destino "_ComputeToolPackInputsToProcessFrameworkReferences" en el proyecto "BetterWinTab.csproj".
   2:6>Destino "ProcessFrameworkReferences" en el archivo "C:\Program Files\dotnet\sdk\8.0.413\Sdks\Microsoft.NET.Sdk\targets\Microsoft.NET.Sdk.FrameworkReferenceResolution.targets" del proyecto "C:\Users\Sergio\Desktop\Proyectos\BetterWinTab\BetterWinTab.csproj" (el destino "CollectPackageReferences" depende de él):
       Usando la tarea "CheckForDuplicateFrameworkReferences" del ensamblado "C:\Program Files\dotnet\sdk\8.0.413\Sdks\Microsoft.NET.Sdk\targets\..\tools\net8.0\Microsoft.NET.Build.Tasks.dll".
       Tarea "CheckForDuplicateFrameworkReferences"
       Ejecución de la tarea "CheckForDuplicateFrameworkReferences" terminada.
       Usando la tarea "ProcessFrameworkReferences" del ensamblado "C:\Program Files\dotnet\sdk\8.0.413\Sdks\Microsoft.NET.Sdk\targets\..\tools\net8.0\Microsoft.NET.Build.Tasks.dll".
       Tarea "ProcessFrameworkReferences"
       Ejecución de la tarea "ProcessFrameworkReferences" terminada.
       Usando la tarea "ResolveAppHosts" del ensamblado "C:\Program Files\dotnet\sdk\8.0.413\Sdks\Microsoft.NET.Sdk\targets\..\tools\net8.0\Microsoft.NET.Build.Tasks.dll".
       Tarea "ResolveAppHosts"
       Ejecución de la tarea "ResolveAppHosts" terminada.
   2:6>Compilación terminada del destino "ProcessFrameworkReferences" en el proyecto "BetterWinTab.csproj".
       Se omitió el destino "IncludeTargetingPackReference" debido a una condición falsa (False); ('$(TargetFrameworkMoniker)' != '' and '$(TargetFrameworkIdentifier)' == '.NETFramework' and '$(AutomaticallyUseReferenceAssemblyPackages)' == 'true') se evaluó como ('.NETCoreApp,Version=v8.0' != '' and '.NETCoreApp' == '.NETFramework' and 'true' == 'true').
   2:6>Destino "_AddMicrosoftNetCompilerToolsetFrameworkPackage" en el archivo "C:\Program Files\dotnet\sdk\8.0.413\Sdks\Microsoft.NET.Sdk\targets\Microsoft.NET.Sdk.targets" del proyecto "C:\Users\Sergio\Desktop\Proyectos\BetterWinTab\BetterWinTab.csproj" (el destino "CollectPackageReferences" depende de él):
       Se omitió la tarea "NETSdkWarning" debido a una condición falsa (False); ('@(PackageReference->AnyHaveMetadataValue('Identity', 'Microsoft.Net.Compilers.Toolset.Framework'))' == 'true') se evaluó como ('false' == 'true').
   2:6>Compilación terminada del destino "_AddMicrosoftNetCompilerToolsetFrameworkPackage" en el proyecto "BetterWinTab.csproj".
   2:6>Destino "_CheckForObsoleteDotNetCliToolReferences" en el archivo "C:\Program Files\dotnet\sdk\8.0.413\Sdks\Microsoft.NET.Sdk\targets\Microsoft.NET.ObsoleteReferences.targets" del proyecto "C:\Users\Sergio\Desktop\Proyectos\BetterWinTab\BetterWinTab.csproj" (el destino "CollectPackageReferences" depende de él):
       Se omitió la tarea "NETSdkWarning" debido a una condición falsa (False); ( '%(_ReferenceToObsoleteDotNetCliTool.Identity)' != '' ) se evaluó como ( '' != '' ).
   2:6>Compilación terminada del destino "_CheckForObsoleteDotNetCliToolReferences" en el proyecto "BetterWinTab.csproj".
   2:6>Destino "CollectPackageReferences" en el archivo "C:\Program Files\dotnet\sdk\8.0.413\NuGet.targets" del proyecto "C:\Users\Sergio\Desktop\Proyectos\BetterWinTab\BetterWinTab.csproj" (el destino "_GetRestoreProjectStyle" depende de él):
       Usando la tarea "CheckForDuplicateNuGetItemsTask" del ensamblado "C:\Program Files\dotnet\sdk\8.0.413\NuGet.Build.Tasks.dll".
       Tarea "CheckForDuplicateNuGetItemsTask"
       Ejecución de la tarea "CheckForDuplicateNuGetItemsTask" terminada.
   2:6>Compilación terminada del destino "CollectPackageReferences" en el proyecto "BetterWinTab.csproj".
   2:6>Destino "_GetRestoreProjectStyle" en el archivo "C:\Program Files\dotnet\sdk\8.0.413\NuGet.targets" del proyecto "C:\Users\Sergio\Desktop\Proyectos\BetterWinTab\BetterWinTab.csproj" (el destino "EnableIntermediateOutputPathMismatchWarning" depende de él):
       Usando la tarea "GetRestoreProjectStyleTask" del ensamblado "C:\Program Files\dotnet\sdk\8.0.413\NuGet.Build.Tasks.dll".
       Tarea "GetRestoreProjectStyleTask"
       Ejecución de la tarea "GetRestoreProjectStyleTask" terminada.
   2:6>Compilación terminada del destino "_GetRestoreProjectStyle" en el proyecto "BetterWinTab.csproj".
   2:6>Destino "EnableIntermediateOutputPathMismatchWarning" en el archivo "C:\Program Files\dotnet\sdk\8.0.413\NuGet.targets" del proyecto "C:\Users\Sergio\Desktop\Proyectos\BetterWinTab\BetterWinTab.csproj" (el destino "_CheckForInvalidConfigurationAndPlatform" depende de él):
   2:6>Compilación terminada del destino "EnableIntermediateOutputPathMismatchWarning" en el proyecto "BetterWinTab.csproj".
   2:6>Destino "CheckForDuplicateItems" en el archivo "C:\Program Files\dotnet\sdk\8.0.413\Sdks\Microsoft.NET.Sdk\targets\Microsoft.NET.Sdk.DefaultItems.Shared.targets" del proyecto "C:\Users\Sergio\Desktop\Proyectos\BetterWinTab\BetterWinTab.csproj" (el destino "CheckForDuplicatePriItems" depende de él):
       Usando la tarea "CheckForDuplicateItems" del ensamblado "C:\Program Files\dotnet\sdk\8.0.413\Sdks\Microsoft.NET.Sdk\targets\..\tools\net8.0\Microsoft.NET.Build.Tasks.dll".
       Tarea "CheckForDuplicateItems"
       Ejecución de la tarea "CheckForDuplicateItems" terminada.
       Tarea "CheckForDuplicateItems"
       Ejecución de la tarea "CheckForDuplicateItems" terminada.
       Tarea "CheckForDuplicateItems"
       Ejecución de la tarea "CheckForDuplicateItems" terminada.
   2:6>Compilación terminada del destino "CheckForDuplicateItems" en el proyecto "BetterWinTab.csproj".
   2:6>Destino "CheckForDuplicatePriItems" en el archivo "C:\Users\Sergio\.nuget\packages\microsoft.windows.sdk.buildtools.msix\1.7.20250829.1\build\Microsoft.Windows.SDK.BuildTools.MSIX.Pri.targets" del proyecto "C:\Users\Sergio\Desktop\Proyectos\BetterWinTab\BetterWinTab.csproj" (el destino "_CheckForInvalidConfigurationAndPlatform" depende de él):
       Tarea "CheckForDuplicateItems"
       Ejecución de la tarea "CheckForDuplicateItems" terminada.
   2:6>Compilación terminada del destino "CheckForDuplicatePriItems" en el proyecto "BetterWinTab.csproj".
   2:6>Destino "MsixCheckForInvalidCustomBeforeMicrosoftCommonTargets" en el archivo "C:\Users\Sergio\.nuget\packages\microsoft.windows.sdk.buildtools.msix\1.7.20250829.1\build\Microsoft.Windows.SDK.BuildTools.MSIX.targets" del proyecto "C:\Users\Sergio\Desktop\Proyectos\BetterWinTab\BetterWinTab.csproj" (el destino "_CheckForInvalidConfigurationAndPlatform" depende de él):
       Se omitió la tarea "Error" debido a una condición falsa (False); ('$(_IsMsixCustomBeforeMicrosoftCommonTargetsChainValid)' != 'true') se evaluó como ('true' != 'true').
   2:6>Compilación terminada del destino "MsixCheckForInvalidCustomBeforeMicrosoftCommonTargets" en el proyecto "BetterWinTab.csproj".
       Se omitió el destino "CheckForDuplicateItems". Compilado previamente de forma correcta.
   2:6>Destino "CheckForDuplicatePageItems" en el archivo "C:\Users\Sergio\.nuget\packages\microsoft.windowsappsdk.winui\1.8.260204000\buildTransitive\Microsoft.WinUI.targets" del proyecto "C:\Users\Sergio\Desktop\Proyectos\BetterWinTab\BetterWinTab.csproj" (el destino "_CheckForInvalidConfigurationAndPlatform" depende de él):
       Tarea "CheckForDuplicateItems"
       Ejecución de la tarea "CheckForDuplicateItems" terminada.
   2:6>Compilación terminada del destino "CheckForDuplicatePageItems" en el proyecto "BetterWinTab.csproj".
   2:6>Destino "CheckForInvalidCustomBeforeMicrosoftCommonTargets" en el archivo "C:\Users\Sergio\.nuget\packages\microsoft.windowsappsdk.winui\1.8.260204000\buildTransitive\Microsoft.WinUI.targets" del proyecto "C:\Users\Sergio\Desktop\Proyectos\BetterWinTab\BetterWinTab.csproj" (el destino "_CheckForInvalidConfigurationAndPlatform" depende de él):
       Se omitió la tarea "Error" debido a una condición falsa (False); ('$(_IsWinUICustomBeforeMicrosoftCommonTargetsChainValid)' != 'true') se evaluó como ('true' != 'true').
   2:6>Compilación terminada del destino "CheckForInvalidCustomBeforeMicrosoftCommonTargets" en el proyecto "BetterWinTab.csproj".
       Se omitió el destino "ApplyImplicitVersions". Compilado previamente de forma correcta.
       Se omitió el destino "CheckForImplicitPackageReferenceOverrides". Compilado previamente de forma correcta.
       Se omitió el destino "CheckForDuplicateItems". Compilado previamente de forma correcta.
       Se omitió el destino "WarnForExplicitVersions" debido a una condición falsa (False); ('@(SdkBuildWarning)' != '') se evaluó como ('' != '').
       Se omitió el destino "_CheckForFailedSDKResolution" debido a una condición falsa (False); ('$(SdkResolverHonoredGlobalJson)' == 'false') se evaluó como ('' == 'false').
       Se omitió el destino "_WarnWhenUsingNET8AndVSPriorTo178" debido a una condición falsa (False); ($([MSBuild]::VersionLessThan($(MSBuildVersion), '17.8.0')) and '$(TargetFrameworkIdentifier)' == '.NETCoreApp' and $([MSBuild]::VersionGreaterThanOrEquals($(_TargetFrameworkVersionWithoutV), '8.0'))) se evaluó como (False and '.NETCoreApp' == '.NETCoreApp' and True).
       Se omitió el destino "_CheckForInvalidWindowsDesktopTargetingConfiguration" debido a una condición falsa (False); ('$(TargetFrameworkIdentifier)' == '.NETCoreApp' and $([MSBuild]::VersionGreaterThanOrEquals($(_TargetFrameworkVersionWithoutV), '5.0')) and ('$(UseWindowsForms)' == 'true' or '$(UseWPF)' == 'true')) se evaluó como ('.NETCoreApp' == '.NETCoreApp' and True and ('' == 'true' or '' == 'true')).
       Se omitió el destino "_CheckForUnnecessaryWindowsDesktopSDK" debido a una condición falsa (False); ('$(TargetFrameworkIdentifier)' == '.NETCoreApp' and $([MSBuild]::VersionGreaterThanOrEquals($(_TargetFrameworkVersionWithoutV), '5.0')) and '$(_MicrosoftWindowsDesktopSdkImported)' == 'true' and '$(TargetFrameworks)' == '') se evaluó como ('.NETCoreApp' == '.NETCoreApp' and True and '' == 'true' and '' == '').
       Se omitió el destino "ProcessFrameworkReferences". Compilado previamente de forma correcta.
       Se omitió el destino "IncludeTargetingPackReference" debido a una condición falsa (False); ('$(TargetFrameworkMoniker)' != '' and '$(TargetFrameworkIdentifier)' == '.NETFramework' and '$(AutomaticallyUseReferenceAssemblyPackages)' == 'true') se evaluó como ('.NETCoreApp,Version=v8.0' != '' and '.NETCoreApp' == '.NETFramework' and 'true' == 'true').
   2:6>Destino "_CheckForInvalidConfigurationAndPlatform" en el archivo "C:\Program Files\dotnet\sdk\8.0.413\Microsoft.Common.CurrentVersion.targets" del proyecto "C:\Users\Sergio\Desktop\Proyectos\BetterWinTab\BetterWinTab.csproj" (el destino "BeforeBuild" depende de él):
       Se omitió la tarea "Error" debido a una condición falsa (False); ( '$(_InvalidConfigurationError)' == 'true' ) se evaluó como ( '' == 'true' ).
       Se omitió la tarea "Warning" debido a una condición falsa (False); ( '$(_InvalidConfigurationWarning)' == 'true' ) se evaluó como ( '' == 'true' ).
       Tarea "Message"
         Configuration=Debug
       Ejecución de la tarea "Message" terminada.
       Tarea "Message"
         Platform=x64
       Ejecución de la tarea "Message" terminada.
       Se omitió la tarea "Error" debido a una condición falsa (False); ('$(OutDir)' != '' and !HasTrailingSlash('$(OutDir)')) se evaluó como ('bin\x64\Debug\net8.0-windows10.0.19041.0\win-x64\' != '' and !HasTrailingSlash('bin\x64\Debug\net8.0-windows10.0.19041.0\win-x64\')).
       Se omitió la tarea "Error" debido a una condición falsa (False); ('$(IntermediateOutputPath)' != '' and !HasTrailingSlash('$(IntermediateOutputPath)')) se evaluó como ('obj\x64\Debug\net8.0-windows10.0.19041.0\win-x64\' != '' and !HasTrailingSlash('obj\x64\Debug\net8.0-windows10.0.19041.0\win-x64\')).
       Se omitió la tarea "Error" debido a una condición falsa (False); ('$(BaseIntermediateOutputPath)' != '' and !HasTrailingSlash('$(BaseIntermediateOutputPath)')) se evaluó como ('obj\' != '' and !HasTrailingSlash('obj\')).
       Se omitió la tarea "MSBuildInternalMessage" debido a una condición falsa (False); ( '$(Prefer32Bit)' == 'true' and '$(PreferNativeArm64)' == 'true' ) se evaluó como ( 'false' == 'true' and '' == 'true' ).
       Se omitió la tarea "MSBuildInternalMessage" debido a una condición falsa (False); ( '$(NoWin32Manifest)' == 'true' and '$(PreferNativeArm64)' == 'true' ) se evaluó como ( '' == 'true' and '' == 'true' ).
       Se omitió la tarea "MSBuildInternalMessage" debido a una condición falsa (False); ( '$(PreferNativeArm64)' == 'true' and '$(Platform)' != 'AnyCPU' ) se evaluó como ( '' == 'true' and 'x64' != 'AnyCPU' ).
       Se omitió la tarea "Error" debido a una condición falsa (False); ( '$(_InitialMSBuildProjectExtensionsPath)' != '' And '$(MSBuildProjectExtensionsPath)' != '$(_InitialMSBuildProjectExtensionsPath)' ) se evaluó como ( 'C:\Users\Sergio\Desktop\Proyectos\BetterWinTab\obj\' != '' And 'C:\Users\Sergio\Desktop\Proyectos\BetterWinTab\obj\' != 'C:\Users\Sergio\Desktop\Proyectos\BetterWinTab\obj\' ).
       Se omitió la tarea "Warning" debido a una condición falsa (False); ( '$(EnableBaseIntermediateOutputPathMismatchWarning)' == 'true' And '$(_InitialBaseIntermediateOutputPath)' != '$(BaseIntermediateOutputPath)' And '$(BaseIntermediateOutputPath)' != '$(MSBuildProjectExtensionsPath)' ) se evaluó como ( 'true' == 'true' And 'obj\' != 'obj\' And 'obj\' != 'C:\Users\Sergio\Desktop\Proyectos\BetterWinTab\obj\' ).
   2:6>Compilación terminada del destino "_CheckForInvalidConfigurationAndPlatform" en el proyecto "BetterWinTab.csproj".
   2:6>Destino "ValidateCommandLineProperties" en el archivo "C:\Program Files\dotnet\sdk\8.0.413\Sdks\Microsoft.NET.Sdk\targets\Microsoft.NET.Sdk.targets" del proyecto "C:\Users\Sergio\Desktop\Proyectos\BetterWinTab\BetterWinTab.csproj" (el destino "BeforeBuild" depende de él):
   2:6>Compilación terminada del destino "ValidateCommandLineProperties" en el proyecto "BetterWinTab.csproj".
       Se omitió el destino "UpdatePackageVersion" debido a una condición falsa (False); ('$(InteractiveExperiencesVersion)'!='') se evaluó como (''!='').
   2:6>Destino "BeforeBuild" en el archivo "C:\Program Files\dotnet\sdk\8.0.413\Microsoft.Common.CurrentVersion.targets" del proyecto "C:\Users\Sergio\Desktop\Proyectos\BetterWinTab\BetterWinTab.csproj" (el destino "Build" depende de él):
   2:6>Compilación terminada del destino "BeforeBuild" en el proyecto "BetterWinTab.csproj".
       Se omitió el destino "_CheckForBuildWithNoBuild" debido a una condición falsa (False); ('$(NoBuild)' == 'true' and '$(GeneratePackageOnBuild)' != 'true') se evaluó como ('' == 'true' and 'false' != 'true').
   2:6>Destino "BuildOnlySettings" en el archivo "C:\Program Files\dotnet\sdk\8.0.413\Microsoft.Common.CurrentVersion.targets" del proyecto "C:\Users\Sergio\Desktop\Proyectos\BetterWinTab\BetterWinTab.csproj" (el destino "CoreBuild" depende de él):
   2:6>Compilación terminada del destino "BuildOnlySettings" en el proyecto "BetterWinTab.csproj".
       Se omitió el destino "WindowsAppSDKVerifyKitVersion" debido a una condición falsa (False); ('$(WindowsAppSDKVerifyKitVersion)'!='false' and '@(Midl)'!='') se evaluó como (''!='false' and ''!='').
       Se omitió el destino "_CheckForUnsupportedTargetFramework" debido a una condición falsa (False); ('$(_UnsupportedTargetFrameworkError)' == 'true') se evaluó como ('' == 'true').
   2:6>Destino "GetFrameworkPaths" en el archivo "C:\Program Files\dotnet\sdk\8.0.413\Sdks\Microsoft.NET.Sdk\targets\Microsoft.NET.DisableStandardFrameworkResolution.targets" del proyecto "C:\Users\Sergio\Desktop\Proyectos\BetterWinTab\BetterWinTab.csproj" (el destino "PrepareForBuild" depende de él):
   2:6>Compilación terminada del destino "GetFrameworkPaths" en el proyecto "BetterWinTab.csproj".
       Se omitió el destino "_CheckForUnsupportedTargetFramework" debido a una condición falsa (False); ('$(_UnsupportedTargetFrameworkError)' == 'true') se evaluó como ('' == 'true').
   2:6>Destino "GetReferenceAssemblyPaths" en el archivo "C:\Program Files\dotnet\sdk\8.0.413\Sdks\Microsoft.NET.Sdk\targets\Microsoft.NET.DisableStandardFrameworkResolution.targets" del proyecto "C:\Users\Sergio\Desktop\Proyectos\BetterWinTab\BetterWinTab.csproj" (el destino "PrepareForBuild" depende de él):
   2:6>Compilación terminada del destino "GetReferenceAssemblyPaths" en el proyecto "BetterWinTab.csproj".
       Se omitió el destino "AssignLinkMetadata" debido a una condición falsa (False); ( '$(SynthesizeLinkMetadata)' == 'true' ) se evaluó como ( '' == 'true' ).
   2:6>Destino "_ValidateWindowsPackageType" en el archivo "C:\Users\Sergio\.nuget\packages\microsoft.windows.sdk.buildtools.msix\1.7.20250829.1\build\Microsoft.Windows.SDK.BuildTools.MSIX.Packaging.targets" del proyecto "C:\Users\Sergio\Desktop\Proyectos\BetterWinTab\BetterWinTab.csproj" (el destino "PrepareForBuild" depende de él):
       Se omitió la tarea "Error" debido a una condición falsa (False); (!$(_ValidWindowsPackageTypes.Contains('$(WindowsPackageType)'))) se evaluó como (!True).
       Se omitió la tarea "Error" debido a una condición falsa (False); ('$(WindowsPackageType)' == 'None' and '$(GenerateAppxPackageOnBuild)'=='true') se evaluó como ('None' == 'None' and 'false'=='true').
       Se omitió la tarea "Error" debido a una condición falsa (False); ('$(WindowsPackageType)' == 'None' and '$(PublishAppxPackage)'=='true') se evaluó como ('None' == 'None' and 'false'=='true').
       Se omitió la tarea "Error" debido a una condición falsa (False); ('$(WindowsPackageType)' == 'None' and '$(AppxPackage)'=='true') se evaluó como ('None' == 'None' and 'false'=='true').
       Se omitió la tarea "Error" debido a una condición falsa (False); ('$(WindowsPackageType)' == 'None' and '@(AppxManifest)'!='') se evaluó como ('None' == 'None' and ''!='').
       Se omitió la tarea "Error" debido a una condición falsa (False); ('$(WindowsPackageType)' != 'None' and '@(AppxManifest)'=='') se evaluó como ('None' != 'None' and ''=='').
   2:6>Compilación terminada del destino "_ValidateWindowsPackageType" en el proyecto "BetterWinTab.csproj".
   2:6>Destino "_CalculatePrepareMsixPackage" en el archivo "C:\Users\Sergio\.nuget\packages\microsoft.windows.sdk.buildtools.msix\1.7.20250829.1\build\Microsoft.Windows.SDK.BuildTools.MSIX.Packaging.targets" del proyecto "C:\Users\Sergio\Desktop\Proyectos\BetterWinTab\BetterWinTab.csproj" (el destino "PrepareForBuild" depende de él):
   2:6>Compilación terminada del destino "_CalculatePrepareMsixPackage" en el proyecto "BetterWinTab.csproj".
       Se omitió el destino "ValidateWinUIPlatform" debido a una condición falsa (False); ('$(_WinUIPlatformTarget)' == 'ARM') se evaluó como ('x64' == 'ARM').
       Se omitió el destino "_VerifyPackReleaseConfigurations" debido a una condición falsa (False); ('$(_IsPacking)' == 'true' and '$(DOTNET_CLI_DISABLE_PUBLISH_AND_PACK_RELEASE)' != 'true' and '$(DOTNET_CLI_LAZY_PUBLISH_AND_PACK_RELEASE_FOR_SOLUTIONS)' == 'true') se evaluó como ('' == 'true' and '' != 'true' and '' == 'true').
   2:6>Destino "PrepareForBuild" en el archivo "C:\Program Files\dotnet\sdk\8.0.413\Microsoft.Common.CurrentVersion.targets" del proyecto "C:\Users\Sergio\Desktop\Proyectos\BetterWinTab\BetterWinTab.csproj" (el destino "CoreBuild" depende de él):
       Usando la tarea "FindAppConfigFile" del ensamblado "Microsoft.Build.Tasks.Core, Version=15.1.0.0, Culture=neutral, PublicKeyToken=b03f5f7f11d50a3a".
       Tarea "FindAppConfigFile"
       Ejecución de la tarea "FindAppConfigFile" terminada.
       Usando la tarea "MakeDir" del ensamblado "Microsoft.Build.Tasks.Core, Version=15.1.0.0, Culture=neutral, PublicKeyToken=b03f5f7f11d50a3a".
       Tarea "MakeDir"
       Ejecución de la tarea "MakeDir" terminada.
   2:6>Compilación terminada del destino "PrepareForBuild" en el proyecto "BetterWinTab.csproj".
   2:6>Destino "GenerateGlobalUsings" en el archivo "C:\Program Files\dotnet\sdk\8.0.413\Sdks\Microsoft.NET.Sdk\targets\Microsoft.NET.GenerateGlobalUsings.targets" del proyecto "C:\Users\Sergio\Desktop\Proyectos\BetterWinTab\BetterWinTab.csproj" (el destino "CoreBuild" depende de él):
       Usando la tarea "GenerateGlobalUsings" del ensamblado "C:\Program Files\dotnet\sdk\8.0.413\Sdks\Microsoft.NET.Sdk\targets\..\tools\net8.0\Microsoft.NET.Build.Tasks.dll".
       Tarea "GenerateGlobalUsings"
       Ejecución de la tarea "GenerateGlobalUsings" terminada.
       Usando la tarea "WriteLinesToFile" del ensamblado "Microsoft.Build.Tasks.Core, Version=15.1.0.0, Culture=neutral, PublicKeyToken=b03f5f7f11d50a3a".
       Tarea "WriteLinesToFile"
         Omitiendo la escritura en el archivo "obj\x64\Debug\net8.0-windows10.0.19041.0\win-x64\BetterWinTab.GlobalUsings.g.cs" porque el contenido no cambiará.
       Ejecución de la tarea "WriteLinesToFile" terminada.
   2:6>Compilación terminada del destino "GenerateGlobalUsings" en el proyecto "BetterWinTab.csproj".
       Se omitió el destino "PreBuildEvent" debido a una condición falsa (False); ('$(PreBuildEvent)'!='') se evaluó como (''!='').
   2:6>Destino "BeforeResolveReferences" en el archivo "C:\Program Files\dotnet\sdk\8.0.413\Microsoft.Common.CurrentVersion.targets" del proyecto "C:\Users\Sergio\Desktop\Proyectos\BetterWinTab\BetterWinTab.csproj" (el destino "ResolveReferences" depende de él):
   2:6>Compilación terminada del destino "BeforeResolveReferences" en el proyecto "BetterWinTab.csproj".
   2:6>Destino "IgnoreJavaScriptOutputAssembly" en el archivo "C:\Program Files\dotnet\sdk\8.0.413\Microsoft.Common.CurrentVersion.targets" del proyecto "C:\Users\Sergio\Desktop\Proyectos\BetterWinTab\BetterWinTab.csproj" (el destino "AssignProjectConfiguration" depende de él):
   2:6>Compilación terminada del destino "IgnoreJavaScriptOutputAssembly" en el proyecto "BetterWinTab.csproj".
       Se omitió el destino "ProcessFrameworkReferences". Compilado previamente de forma correcta.
   2:6>Destino "_DefaultMicrosoftNETPlatformLibrary" en el archivo "C:\Program Files\dotnet\sdk\8.0.413\Sdks\Microsoft.NET.Sdk\targets\Microsoft.NET.Sdk.Shared.targets" del proyecto "C:\Users\Sergio\Desktop\Proyectos\BetterWinTab\BetterWinTab.csproj" (el destino "ResolvePackageAssets" depende de él):
   2:6>Compilación terminada del destino "_DefaultMicrosoftNETPlatformLibrary" en el proyecto "BetterWinTab.csproj".
   2:6>Destino "_ComputePackageReferencePublish" en el archivo "C:\Program Files\dotnet\sdk\8.0.413\Sdks\Microsoft.NET.Sdk\targets\Microsoft.NET.Sdk.Shared.targets" del proyecto "C:\Users\Sergio\Desktop\Proyectos\BetterWinTab\BetterWinTab.csproj" (el destino "ResolvePackageAssets" depende de él):
   2:6>Compilación terminada del destino "_ComputePackageReferencePublish" en el proyecto "BetterWinTab.csproj".
       Se omitió el destino "_ResolveCompilerVersion" debido a una condición falsa (False); ('$(CompilerApiVersion)' == '' And
                            ('$(Language)' == 'C#' Or '$(Language)' == 'VB') And
                            Exists('$(RoslynTargetsPath)\Microsoft.Build.Tasks.CodeAnalysis.dll')) se evaluó como ('roslyn4.11' == '' And
                            ('C#' == 'C#' Or 'C#' == 'VB') And
                            Exists('C:\Program Files\dotnet\sdk\8.0.413\Roslyn\Microsoft.Build.Tasks.CodeAnalysis.dll')).
   2:6>Destino "ResolvePackageAssets" en el archivo "C:\Program Files\dotnet\sdk\8.0.413\Sdks\Microsoft.NET.Sdk\targets\Microsoft.PackageDependencyResolution.targets" del proyecto "C:\Users\Sergio\Desktop\Proyectos\BetterWinTab\BetterWinTab.csproj" (el destino "ResolveLockFileReferences" depende de él):
       Usando la tarea "ResolvePackageAssets" del ensamblado "C:\Program Files\dotnet\sdk\8.0.413\Sdks\Microsoft.NET.Sdk\targets\..\tools\net8.0\Microsoft.NET.Build.Tasks.dll".
       Tarea "ResolvePackageAssets"
       Ejecución de la tarea "ResolvePackageAssets" terminada.
   2:6>Compilación terminada del destino "ResolvePackageAssets" en el proyecto "BetterWinTab.csproj".
       Se omitió el destino "AdjustDefaultPlatformTargetForNetFrameworkExeWithNoNativeCopyLocalItems" debido a una condición falsa (False); ('$(_UsingDefaultPlatformTarget)' == 'true' and
                            '$(_UsingDefaultRuntimeIdentifier)' == 'true') se evaluó como ('' == 'true' and
                            '' == 'true').
   2:6>Destino "_UpdateMuiFilesAfterNugetRestore" en el archivo "C:\Users\Sergio\.nuget\packages\microsoft.windowsappsdk.winui\1.8.260204000\buildTransitive\Microsoft.WinUI.AppX.targets" del proyecto "C:\Users\Sergio\Desktop\Proyectos\BetterWinTab\BetterWinTab.csproj" (el destino "ResolveLockFileReferences" depende de él):
   2:6>Compilación terminada del destino "_UpdateMuiFilesAfterNugetRestore" en el proyecto "BetterWinTab.csproj".
       Se omitió el destino "_CheckForTransitiveWindowsDesktopDependencies" debido a una condición falsa (False); ('$(TargetFrameworkIdentifier)' == '.NETCoreApp' and $([MSBuild]::VersionGreaterThanOrEquals($(_TargetFrameworkVersionWithoutV), '5.0')) and '$(TargetPlatformIdentifier)' != 'Windows' and '@(TransitiveFrameworkReference)' != '') se evaluó como ('.NETCoreApp' == '.NETCoreApp' and True and 'Windows' != 'Windows' and '' != '').
       Se omitió el destino "AddTransitiveFrameworkReferences" debido a una condición falsa (False); ('@(TransitiveFrameworkReference)' != '') se evaluó como ('' != '').
       Se omitió el destino "_WarnForUnsupportedUseUwpFeatureEnabled" debido a una condición falsa (False); ( '$(IncludeWindowsSDKRefFrameworkReferences)' == 'true'
                             and '$(UseUwp)' == 'true') se evaluó como ( 'true' == 'true'
                             and '' == 'true').
   2:6>Destino "ResolveLockFileReferences" en el archivo "C:\Program Files\dotnet\sdk\8.0.413\Sdks\Microsoft.NET.Sdk\targets\Microsoft.PackageDependencyResolution.targets" del proyecto "C:\Users\Sergio\Desktop\Proyectos\BetterWinTab\BetterWinTab.csproj" (el destino "ResolvePackageDependenciesForBuild" depende de él):
       Usando la tarea "JoinItems" del ensamblado "C:\Program Files\dotnet\sdk\8.0.413\Sdks\Microsoft.NET.Sdk\targets\..\tools\net8.0\Microsoft.NET.Build.Tasks.dll".
       Tarea "JoinItems"
       Ejecución de la tarea "JoinItems" terminada.
   2:6>Compilación terminada del destino "ResolveLockFileReferences" en el proyecto "BetterWinTab.csproj".
       Se omitió el destino "ResolvePackageAssets". Compilado previamente de forma correcta.
   2:6>Destino "ResolveLockFileAnalyzers" en el archivo "C:\Program Files\dotnet\sdk\8.0.413\Sdks\Microsoft.NET.Sdk\targets\Microsoft.PackageDependencyResolution.targets" del proyecto "C:\Users\Sergio\Desktop\Proyectos\BetterWinTab\BetterWinTab.csproj" (el destino "ResolvePackageDependenciesForBuild" depende de él):
   2:6>Compilación terminada del destino "ResolveLockFileAnalyzers" en el proyecto "BetterWinTab.csproj".
       Se omitió el destino "ResolvePackageAssets". Compilado previamente de forma correcta.
       Se omitió el destino "RunProduceContentAssets" debido a una condición falsa (False); ('@(_ContentFilesToPreprocess)' != '' and '$(_CleaningWithoutRebuilding)' != 'true') se evaluó como ('' != '' and '' != 'true').
   2:6>Destino "ResolveLockFileCopyLocalFiles" en el archivo "C:\Program Files\dotnet\sdk\8.0.413\Sdks\Microsoft.NET.Sdk\targets\Microsoft.PackageDependencyResolution.targets" del proyecto "C:\Users\Sergio\Desktop\Proyectos\BetterWinTab\BetterWinTab.csproj" (el destino "ResolvePackageDependenciesForBuild" depende de él):
   2:6>Compilación terminada del destino "ResolveLockFileCopyLocalFiles" en el proyecto "BetterWinTab.csproj".
       Se omitió el destino "ProcessFrameworkReferences". Compilado previamente de forma correcta.
       Se omitió el destino "ResolvePackageAssets". Compilado previamente de forma correcta.
   2:6>Destino "ResolveFrameworkReferences" en el archivo "C:\Program Files\dotnet\sdk\8.0.413\Sdks\Microsoft.NET.Sdk\targets\Microsoft.NET.Sdk.FrameworkReferenceResolution.targets" del proyecto "C:\Users\Sergio\Desktop\Proyectos\BetterWinTab\BetterWinTab.csproj" (el destino "ResolveRuntimePackAssets" depende de él):
       Usando la tarea "GetPackageDirectory" del ensamblado "C:\Program Files\dotnet\sdk\8.0.413\Sdks\Microsoft.NET.Sdk\targets\..\tools\net8.0\Microsoft.NET.Build.Tasks.dll".
       Tarea "GetPackageDirectory"
       Ejecución de la tarea "GetPackageDirectory" terminada.
       Tarea "GetPackageDirectory"
       Ejecución de la tarea "GetPackageDirectory" terminada.
       Tarea "GetPackageDirectory"
       Ejecución de la tarea "GetPackageDirectory" terminada.
       Tarea "GetPackageDirectory"
       Ejecución de la tarea "GetPackageDirectory" terminada.
       Tarea "GetPackageDirectory"
       Ejecución de la tarea "GetPackageDirectory" terminada.
       Tarea "GetPackageDirectory"
       Ejecución de la tarea "GetPackageDirectory" terminada.
       Tarea "GetPackageDirectory"
       Ejecución de la tarea "GetPackageDirectory" terminada.
       Tarea "GetPackageDirectory"
       Ejecución de la tarea "GetPackageDirectory" terminada.
       Tarea "GetPackageDirectory"
       Ejecución de la tarea "GetPackageDirectory" terminada.
       Tarea "GetPackageDirectory"
       Ejecución de la tarea "GetPackageDirectory" terminada.
       Usando la tarea "ResolveFrameworkReferences" del ensamblado "C:\Program Files\dotnet\sdk\8.0.413\Sdks\Microsoft.NET.Sdk\targets\..\tools\net8.0\Microsoft.NET.Build.Tasks.dll".
       Tarea "ResolveFrameworkReferences"
       Ejecución de la tarea "ResolveFrameworkReferences" terminada.
   2:6>Compilación terminada del destino "ResolveFrameworkReferences" en el proyecto "BetterWinTab.csproj".
   2:6>Destino "ResolveRuntimePackAssets" en el archivo "C:\Program Files\dotnet\sdk\8.0.413\Sdks\Microsoft.NET.Sdk\targets\Microsoft.NET.Sdk.FrameworkReferenceResolution.targets" del proyecto "C:\Users\Sergio\Desktop\Proyectos\BetterWinTab\BetterWinTab.csproj" (el destino "ResolvePackageDependenciesForBuild" depende de él):
       Usando la tarea "ResolveRuntimePackAssets" del ensamblado "C:\Program Files\dotnet\sdk\8.0.413\Sdks\Microsoft.NET.Sdk\targets\..\tools\net8.0\Microsoft.NET.Build.Tasks.dll".
       Tarea "ResolveRuntimePackAssets"
       Ejecución de la tarea "ResolveRuntimePackAssets" terminada.
   2:6>Compilación terminada del destino "ResolveRuntimePackAssets" en el proyecto "BetterWinTab.csproj".
       Se omitió el destino "RunProduceContentAssets" debido a una condición falsa (False); ('@(_ContentFilesToPreprocess)' != '' and '$(_CleaningWithoutRebuilding)' != 'true') se evaluó como ('' != '' and '' != 'true').
       Se omitió el destino "ResolvePackageAssets". Compilado previamente de forma correcta.
   2:6>Destino "IncludeTransitiveProjectReferences" en el archivo "C:\Program Files\dotnet\sdk\8.0.413\Sdks\Microsoft.NET.Sdk\targets\Microsoft.PackageDependencyResolution.targets" del proyecto "C:\Users\Sergio\Desktop\Proyectos\BetterWinTab\BetterWinTab.csproj" (el destino "ResolvePackageDependenciesForBuild" depende de él):
   2:6>Compilación terminada del destino "IncludeTransitiveProjectReferences" en el proyecto "BetterWinTab.csproj".
   2:6>Destino "ResolvePackageDependenciesForBuild" en el archivo "C:\Program Files\dotnet\sdk\8.0.413\Sdks\Microsoft.NET.Sdk\targets\Microsoft.PackageDependencyResolution.targets" del proyecto "C:\Users\Sergio\Desktop\Proyectos\BetterWinTab\BetterWinTab.csproj" (el destino "AssignProjectConfiguration" depende de él):
   2:6>Compilación terminada del destino "ResolvePackageDependenciesForBuild" en el proyecto "BetterWinTab.csproj".
       Se omitió el destino "_System_Text_JsonAnalyzerMultiTargeting" debido a una condición falsa (False); ('$(SupportsRoslynComponentVersioning)' != 'true') se evaluó como ('true' != 'true').
       Se omitió el destino "_System_Text_JsonRemoveAnalyzers" debido a una condición falsa (False); ('$(DisableSystemTextJsonSourceGenerator)' == 'true') se evaluó como ('' == 'true').
       Se omitió el destino "MVVMToolkitRemoveAnalyzersForRosynNotFound" debido a una condición falsa (False); ('$(CSharpCoreTargetsPath)' == '') se evaluó como ('C:\Program Files\dotnet\sdk\8.0.413\Roslyn\Microsoft.CSharp.Core.targets' == '').
   2:6>Destino "MVVMToolkitGatherAnalyzers" en el archivo "C:\Users\Sergio\.nuget\packages\communitytoolkit.mvvm\8.4.0\buildTransitive\CommunityToolkit.Mvvm.SourceGenerators.targets" del proyecto "C:\Users\Sergio\Desktop\Proyectos\BetterWinTab\BetterWinTab.csproj" (el destino "MVVMToolkitRemoveAnalyzersForRoslyn3" depende de él):
   2:6>Compilación terminada del destino "MVVMToolkitGatherAnalyzers" en el proyecto "BetterWinTab.csproj".
   2:6>Destino "MVVMToolkitRemoveAnalyzersForRoslyn3" en el archivo "C:\Users\Sergio\.nuget\packages\communitytoolkit.mvvm\8.4.0\buildTransitive\CommunityToolkit.Mvvm.SourceGenerators.targets" del proyecto "C:\Users\Sergio\Desktop\Proyectos\BetterWinTab\BetterWinTab.csproj" (el destino "AssignProjectConfiguration" depende de él):
       Usando la tarea "GetAssemblyIdentity" del ensamblado "Microsoft.Build.Tasks.Core, Version=15.1.0.0, Culture=neutral, PublicKeyToken=b03f5f7f11d50a3a".
       Tarea "GetAssemblyIdentity"
       Ejecución de la tarea "GetAssemblyIdentity" terminada.
       Se omitió la tarea "Warning" debido a una condición falsa (False); ('$(MVVMToolkitCurrentCompilerVersionIsNotNewEnough)' == 'true') se evaluó como ('' == 'true').
   2:6>Compilación terminada del destino "MVVMToolkitRemoveAnalyzersForRoslyn3" en el proyecto "BetterWinTab.csproj".
       Se omitió el destino "MVVMToolkitRemoveDuplicateAnalyzersWhenRoslynComponentVersioningIsNotSupported" debido a una condición falsa (False); ('$(MVVMToolkitIsManualRoslynMultiTargetingLogicNeeded)' == 'true') se evaluó como ('' == 'true').
       Se omitió el destino "MVVMToolkitWarnForPackagesConfigUse" debido a una condición falsa (False); ('$(UsingMicrosoftNetSDK)' != 'true') se evaluó como ('true' != 'true').
   2:6>Destino "AssignProjectConfiguration" en el archivo "C:\Program Files\dotnet\sdk\8.0.413\Microsoft.Common.CurrentVersion.targets" del proyecto "C:\Users\Sergio\Desktop\Proyectos\BetterWinTab\BetterWinTab.csproj" (el destino "ResolveReferences" depende de él):
       Usando la tarea "AssignProjectConfiguration" del ensamblado "Microsoft.Build.Tasks.Core, Version=15.1.0.0, Culture=neutral, PublicKeyToken=b03f5f7f11d50a3a".
       Tarea "AssignProjectConfiguration"
       Ejecución de la tarea "AssignProjectConfiguration" terminada.
   2:6>Compilación terminada del destino "AssignProjectConfiguration" en el proyecto "BetterWinTab.csproj".
       Se omitió el destino "AssignProjectConfiguration". Compilado previamente de forma correcta.
   2:6>Destino "_SplitProjectReferencesByFileExistence" en el archivo "C:\Program Files\dotnet\sdk\8.0.413\Microsoft.Common.CurrentVersion.targets" del proyecto "C:\Users\Sergio\Desktop\Proyectos\BetterWinTab\BetterWinTab.csproj" (el destino "PrepareProjectReferences" depende de él):
       Se omitió la tarea "ResolveNonMSBuildProjectOutput" debido a una condición falsa (False); ('$(BuildingInsideVisualStudio)'=='true' and '@(ProjectReferenceWithConfiguration)'!='') se evaluó como (''=='true' and ''!='').
   2:6>Compilación terminada del destino "_SplitProjectReferencesByFileExistence" en el proyecto "BetterWinTab.csproj".
   2:6>Destino "_AddOutputPathToGlobalPropertiesToRemove" en el archivo "C:\Program Files\dotnet\sdk\8.0.413\Microsoft.Common.CurrentVersion.targets" del proyecto "C:\Users\Sergio\Desktop\Proyectos\BetterWinTab\BetterWinTab.csproj" (el destino "_GetProjectReferenceTargetFrameworkProperties" depende de él):
   2:6>Compilación terminada del destino "_AddOutputPathToGlobalPropertiesToRemove" en el proyecto "BetterWinTab.csproj".
   2:6>Destino "_GetProjectReferenceTargetFrameworkProperties" en el archivo "C:\Program Files\dotnet\sdk\8.0.413\Microsoft.Common.CurrentVersion.targets" del proyecto "C:\Users\Sergio\Desktop\Proyectos\BetterWinTab\BetterWinTab.csproj" (el destino "PrepareProjectReferences" depende de él):
       Tarea "MSBuild"
       Ejecución de la tarea "MSBuild" terminada.
       Se omitió la tarea "MSBuild" debido a una condición falsa (False); ('%(_MSBuildProjectReferenceExistent.SkipGetTargetFrameworkProperties)' != 'true' and '$(EnableDynamicPlatformResolution)' == 'true') se evaluó como ('' != 'true' and '' == 'true').
       Se omitió la tarea "GetReferenceNearestTargetFrameworkTask" debido a una condición falsa (False); ('@(_ProjectReferenceTargetFrameworkPossibilities)' != '' and '$(ReferringTargetFrameworkForProjectReferences)' != ''
                                                               And '$(GetReferenceNearestTargetFrameworkTaskSupportsTargetPlatformParameter)' == 'true' and '%(_ProjectReferenceTargetFrameworkPossibilities.IsVcxOrNativeProj)' != 'true') se evaluó como ('' != '' and '.NETCoreApp,Version=v8.0' != ''
                                                               And 'true' == 'true' and '' != 'true').
       Se omitió la tarea "GetReferenceNearestTargetFrameworkTask" debido a una condición falsa (False); ('@(_ProjectReferenceTargetFrameworkPossibilities)' != '' and '$(ReferringTargetFrameworkForProjectReferences)' != ''
                                                               And '$(GetReferenceNearestTargetFrameworkTaskSupportsTargetPlatformParameter)' != 'true' and '%(_ProjectReferenceTargetFrameworkPossibilities.IsVcxOrNativeProj)' != 'true') se evaluó como ('' != '' and '.NETCoreApp,Version=v8.0' != ''
                                                               And 'true' != 'true' and '' != 'true').
       Usando la tarea "SetRidAgnosticValueForProjects" del ensamblado "Microsoft.Build.Tasks.Core, Version=15.1.0.0, Culture=neutral, PublicKeyToken=b03f5f7f11d50a3a".
       Tarea "SetRidAgnosticValueForProjects"
       Ejecución de la tarea "SetRidAgnosticValueForProjects" terminada.
   2:6>Compilación terminada del destino "_GetProjectReferenceTargetFrameworkProperties" en el proyecto "BetterWinTab.csproj".
   2:6>Destino "ValidateExecutableReferences" en el archivo "C:\Program Files\dotnet\sdk\8.0.413\Sdks\Microsoft.NET.Sdk\targets\Microsoft.NET.Sdk.targets" del proyecto "C:\Users\Sergio\Desktop\Proyectos\BetterWinTab\BetterWinTab.csproj" (el destino "PrepareProjectReferences" depende de él):
       Usando la tarea "ValidateExecutableReferences" del ensamblado "C:\Program Files\dotnet\sdk\8.0.413\Sdks\Microsoft.NET.Sdk\targets\..\tools\net8.0\Microsoft.NET.Build.Tasks.dll".
       Tarea "ValidateExecutableReferences"
       Ejecución de la tarea "ValidateExecutableReferences" terminada.
   2:6>Compilación terminada del destino "ValidateExecutableReferences" en el proyecto "BetterWinTab.csproj".
       Se omitió el destino "_GetProjectReferencePlatformProperties" debido a una condición falsa (False); ('$(EnableDynamicPlatformResolution)' == 'true'
                            and '@(_MSBuildProjectReferenceExistent)' != '') se evaluó como ('' == 'true'
                            and '' != '').
   2:6>Destino "PrepareProjectReferences" en el archivo "C:\Program Files\dotnet\sdk\8.0.413\Microsoft.Common.CurrentVersion.targets" del proyecto "C:\Users\Sergio\Desktop\Proyectos\BetterWinTab\BetterWinTab.csproj" (el destino "ResolveProjectReferences" depende de él):
   2:6>Compilación terminada del destino "PrepareProjectReferences" en el proyecto "BetterWinTab.csproj".
   2:6>Destino "ResolveProjectReferences" en el archivo "C:\Program Files\dotnet\sdk\8.0.413\Microsoft.Common.CurrentVersion.targets" del proyecto "C:\Users\Sergio\Desktop\Proyectos\BetterWinTab\BetterWinTab.csproj" (el destino "ResolveReferences" depende de él):
       Se omitió la tarea "MSBuild" debido a una condición falsa (False); ('%(_MSBuildProjectReferenceExistent.BuildReference)' == 'true' and '@(ProjectReferenceWithConfiguration)' != '' and ('$(BuildingInsideVisualStudio)' == 'true' or '$(BuildProjectReferences)' != 'true') and '$(VisualStudioVersion)' != '10.0' and '@(_MSBuildProjectReferenceExistent)' != '') se evaluó como ('' == 'true' and '' != '' and ('' == 'true' or 'true' != 'true') and '17.0' != '10.0' and '' != '').
       Se omitió la tarea "MSBuild" debido a una condición falsa (False); ('%(_MSBuildProjectReferenceExistent.BuildReference)' == 'true' and '@(ProjectReferenceWithConfiguration)' != '' and '$(BuildingInsideVisualStudio)' != 'true' and '$(BuildProjectReferences)' == 'true' and '@(_MSBuildProjectReferenceExistent)' != '') se evaluó como ('' == 'true' and '' != '' and '' != 'true' and 'true' == 'true' and '' != '').
       Se omitió la tarea "MSBuild" debido a una condición falsa (False); ('%(_MSBuildProjectReferenceExistent.BuildReference)' == 'true' and '@(ProjectReferenceWithConfiguration)' != '' and '$(BuildingProject)' == 'true' and '@(_MSBuildProjectReferenceExistent)' != '') se evaluó como ('' == 'true' and '' != '' and 'true' == 'true' and '' != '').
       Se omitió la tarea "Warning" debido a una condición falsa (False); ('@(ProjectReferenceWithConfiguration)' != '' and '@(_MSBuildProjectReferenceNonexistent)' != '') se evaluó como ('' != '' and '' != '').
   2:6>Compilación terminada del destino "ResolveProjectReferences" en el proyecto "BetterWinTab.csproj".
       Se omitió el destino "ResolveProjectReferences". Compilado previamente de forma correcta.
   2:6>Destino "_AddWindowsMetadataReferecesFromProjectReferences" en el archivo "C:\Users\Sergio\.nuget\packages\microsoft.windows.sdk.buildtools.msix\1.7.20250829.1\build\Microsoft.Windows.SDK.BuildTools.MSIX.Packaging.targets" del proyecto "C:\Users\Sergio\Desktop\Proyectos\BetterWinTab\BetterWinTab.csproj" (el destino "RemoveManagedWinRTComponentWinMDReferences" depende de él):
   2:6>Compilación terminada del destino "_AddWindowsMetadataReferecesFromProjectReferences" en el proyecto "BetterWinTab.csproj".
   2:6>Destino "RemoveManagedWinRTComponentWinMDReferences" en el archivo "C:\Program Files\dotnet\sdk\8.0.413\Sdks\Microsoft.NET.Sdk\targets\Microsoft.NET.Windows.targets" del proyecto "C:\Users\Sergio\Desktop\Proyectos\BetterWinTab\BetterWinTab.csproj" (el destino "ResolveReferences" depende de él):
   2:6>Compilación terminada del destino "RemoveManagedWinRTComponentWinMDReferences" en el proyecto "BetterWinTab.csproj".
       Se omitió el destino "AddWinRTComponentImplementationReference" debido a una condición falsa (False); ('@(ManagedWinRTComponentImplementations)' != '') se evaluó como ('' != '').
       Se omitió el destino "PrepareProjectReferences". Compilado previamente de forma correcta.
   2:6>Destino "GetReferenceTargetPlatformMonikers" en el archivo "C:\Program Files\dotnet\sdk\8.0.413\Microsoft.Common.CurrentVersion.targets" del proyecto "C:\Users\Sergio\Desktop\Proyectos\BetterWinTab\BetterWinTab.csproj" (el destino "FindInvalidProjectReferences" depende de él):
       Tarea "MSBuild"
       Ejecución de la tarea "MSBuild" terminada.
   2:6>Compilación terminada del destino "GetReferenceTargetPlatformMonikers" en el proyecto "BetterWinTab.csproj".
   2:6>Destino "FindInvalidProjectReferences" en el archivo "C:\Program Files\dotnet\sdk\8.0.413\Microsoft.Common.CurrentVersion.targets" del proyecto "C:\Users\Sergio\Desktop\Proyectos\BetterWinTab\BetterWinTab.csproj" (el destino "ResolveReferences" depende de él):
       Usando la tarea "FindInvalidProjectReferences" del ensamblado "Microsoft.Build.Tasks.Core, Version=15.1.0.0, Culture=neutral, PublicKeyToken=b03f5f7f11d50a3a".
       Tarea "FindInvalidProjectReferences"
       Ejecución de la tarea "FindInvalidProjectReferences" terminada.
   2:6>Compilación terminada del destino "FindInvalidProjectReferences" en el proyecto "BetterWinTab.csproj".
       Se omitió el destino "ResolveNativeReferences" debido a una condición falsa (False); ('@(NativeReference)'!='') se evaluó como (''!='').
       Se omitió el destino "ResolveProjectReferences". Compilado previamente de forma correcta.
       Se omitió el destino "FindInvalidProjectReferences". Compilado previamente de forma correcta.
       Se omitió el destino "GetFrameworkPaths". Compilado previamente de forma correcta.
       Se omitió el destino "GetReferenceAssemblyPaths". Compilado previamente de forma correcta.
       Se omitió el destino "PrepareForBuild". Compilado previamente de forma correcta.
       Se omitió el destino "GetInstalledSDKLocations" debido a una condición falsa (False); ('@(SDKReference)' != '') se evaluó como ('' != '').
   2:6>Destino "ResolveSDKReferences" en el archivo "C:\Program Files\dotnet\sdk\8.0.413\Microsoft.Common.CurrentVersion.targets" del proyecto "C:\Users\Sergio\Desktop\Proyectos\BetterWinTab\BetterWinTab.csproj" (el destino "ResolveAssemblyReferences" depende de él):
       Se omitió la tarea "ResolveSDKReference" debido a una condición falsa (False); ('@(SDKReference)'!='') se evaluó como (''!='').
   2:6>Compilación terminada del destino "ResolveSDKReferences" en el proyecto "BetterWinTab.csproj".
       Se omitió el destino "ResolveSDKReferences". Compilado previamente de forma correcta.
   2:6>Destino "ExpandSDKReferences" en el archivo "C:\Program Files\dotnet\sdk\8.0.413\Microsoft.Common.CurrentVersion.targets" del proyecto "C:\Users\Sergio\Desktop\Proyectos\BetterWinTab\BetterWinTab.csproj" (el destino "ResolveAssemblyReferences" depende de él):
       Se omitió la tarea "GetSDKReferenceFiles" debido a una condición falsa (False); ('@(ResolvedSDKReference)'!='') se evaluó como (''!='').
   2:6>Compilación terminada del destino "ExpandSDKReferences" en el proyecto "BetterWinTab.csproj".
       Se omitió el destino "ResolvePackageDependenciesForBuild". Compilado previamente de forma correcta.
       Se omitió el destino "GetFrameworkPaths". Compilado previamente de forma correcta.
       Se omitió el destino "GetReferenceAssemblyPaths". Compilado previamente de forma correcta.
       Se omitió el destino "ResolveFrameworkReferences". Compilado previamente de forma correcta.
   2:6>Destino "ResolveTargetingPackAssets" en el archivo "C:\Program Files\dotnet\sdk\8.0.413\Sdks\Microsoft.NET.Sdk\targets\Microsoft.NET.Sdk.FrameworkReferenceResolution.targets" del proyecto "C:\Users\Sergio\Desktop\Proyectos\BetterWinTab\BetterWinTab.csproj" (el destino "_HandlePackageFileConflicts" depende de él):
       Usando la tarea "ResolveTargetingPackAssets" del ensamblado "C:\Program Files\dotnet\sdk\8.0.413\Sdks\Microsoft.NET.Sdk\targets\..\tools\net8.0\Microsoft.NET.Build.Tasks.dll".
       Tarea "ResolveTargetingPackAssets"
       Ejecución de la tarea "ResolveTargetingPackAssets" terminada.
   2:6>Compilación terminada del destino "ResolveTargetingPackAssets" en el proyecto "BetterWinTab.csproj".
   2:6>Destino "ResolveOffByDefaultAnalyzers" en el archivo "C:\Program Files\dotnet\sdk\8.0.413\Sdks\Microsoft.NET.Sdk\targets\Microsoft.NET.Sdk.FrameworkReferenceResolution.targets" del proyecto "C:\Users\Sergio\Desktop\Proyectos\BetterWinTab\BetterWinTab.csproj" (el destino "_HandlePackageFileConflicts" depende de él):
   2:6>Compilación terminada del destino "ResolveOffByDefaultAnalyzers" en el proyecto "BetterWinTab.csproj".
   2:6>Destino "_HandlePackageFileConflicts" en el archivo "C:\Program Files\dotnet\sdk\8.0.413\Sdks\Microsoft.NET.Sdk\targets\Microsoft.NET.ConflictResolution.targets" del proyecto "C:\Users\Sergio\Desktop\Proyectos\BetterWinTab\BetterWinTab.csproj" (el destino "ResolveAssemblyReferences" depende de él):
       Usando la tarea "ResolvePackageFileConflicts" del ensamblado "C:\Program Files\dotnet\sdk\8.0.413\Sdks\Microsoft.NET.Sdk\targets\..\tools\net8.0\Microsoft.NET.Build.Tasks.dll".
       Tarea "ResolvePackageFileConflicts"
         Se encontró un conflicto entre "Reference:C:\Users\Sergio\.nuget\packages\system.text.encodings.web\9.0.13\lib\net8.0\System.Text.Encodings.Web.dll" y "Reference:C:\Program Files\dotnet\packs\Microsoft.NETCore.App.Ref\8.0.19\ref/net8.0/System.Text.Encodings.Web.dll". Se elegirá "Reference:C:\Users\Sergio\.nuget\packages\system.text.encodings.web\9.0.13\lib\net8.0\System.Text.Encodings.Web.dll" porque AssemblyVersion "9.0.0.0" es mayor que "8.0.0.0".
         Se encontró un conflicto entre "Reference:C:\Users\Sergio\.nuget\packages\system.text.json\9.0.13\lib\net8.0\System.Text.Json.dll" y "Reference:C:\Program Files\dotnet\packs\Microsoft.NETCore.App.Ref\8.0.19\ref/net8.0/System.Text.Json.dll". Se elegirá "Reference:C:\Users\Sergio\.nuget\packages\system.text.json\9.0.13\lib\net8.0\System.Text.Json.dll" porque AssemblyVersion "9.0.0.0" es mayor que "8.0.0.0".
         Se encontró un conflicto entre "Analyzer:C:\Users\Sergio\.nuget\packages\system.text.json\9.0.13\analyzers\dotnet\roslyn4.4\cs\System.Text.Json.SourceGeneration.dll" y "Analyzer:C:\Program Files\dotnet\packs\Microsoft.NETCore.App.Ref\8.0.19\analyzers/dotnet/cs/System.Text.Json.SourceGeneration.dll". Se elegirá "Analyzer:C:\Users\Sergio\.nuget\packages\system.text.json\9.0.13\analyzers\dotnet\roslyn4.4\cs\System.Text.Json.SourceGeneration.dll" porque AssemblyVersion "9.0.14.6317" es mayor que "8.0.12.36514".
         Se encontró un conflicto entre "CopyLocal:C:\Users\Sergio\.nuget\packages\system.text.encodings.web\9.0.13\lib\net8.0\System.Text.Encodings.Web.dll" y "CopyLocal:C:\Users\Sergio\.nuget\packages\microsoft.netcore.app.runtime.win-x64\8.0.19\runtimes\win-x64\lib\net8.0\System.Text.Encodings.Web.dll". Se elegirá "CopyLocal:C:\Users\Sergio\.nuget\packages\system.text.encodings.web\9.0.13\lib\net8.0\System.Text.Encodings.Web.dll" porque AssemblyVersion "9.0.0.0" es mayor que "8.0.0.0".
         Se encontró un conflicto entre "CopyLocal:C:\Users\Sergio\.nuget\packages\system.text.json\9.0.13\lib\net8.0\System.Text.Json.dll" y "CopyLocal:C:\Users\Sergio\.nuget\packages\microsoft.netcore.app.runtime.win-x64\8.0.19\runtimes\win-x64\lib\net8.0\System.Text.Json.dll". Se elegirá "CopyLocal:C:\Users\Sergio\.nuget\packages\system.text.json\9.0.13\lib\net8.0\System.Text.Json.dll" porque AssemblyVersion "9.0.0.0" es mayor que "8.0.0.0".
       Ejecución de la tarea "ResolvePackageFileConflicts" terminada.
   2:6>Compilación terminada del destino "_HandlePackageFileConflicts" en el proyecto "BetterWinTab.csproj".
       Se omitió el destino "ResolveTargetingPackAssets". Compilado previamente de forma correcta.
   2:6>Destino "ResolveAssemblyReferences" en el archivo "C:\Program Files\dotnet\sdk\8.0.413\Microsoft.Common.CurrentVersion.targets" del proyecto "C:\Users\Sergio\Desktop\Proyectos\BetterWinTab\BetterWinTab.csproj" (el destino "ResolveReferences" depende de él):
       Usando la tarea "ResolveAssemblyReference" del ensamblado "Microsoft.Build.Tasks.Core, Version=15.1.0.0, Culture=neutral, PublicKeyToken=b03f5f7f11d50a3a".
       Tarea "ResolveAssemblyReference"
         TargetFrameworkMoniker:
             .NETCoreApp,Version=v8.0
         TargetFrameworkMonikerDisplayName:
             .NET 8.0
         TargetedRuntimeVersion:
             
         Assemblies:
             C:\Users\Sergio\.nuget\packages\microsoft.web.webview2\1.0.3800.47\buildTransitive\..\\lib_manual\net8.0-windows10.0.17763.0\Microsoft.Web.WebView2.Core.Projection.dll
             C:\Users\Sergio\.nuget\packages\communitytoolkit.mvvm\8.4.0\lib\net8.0-windows10.0.17763\CommunityToolkit.Mvvm.dll
                 Private = 'false'
                 HintPath = 'C:\Users\Sergio\.nuget\packages\communitytoolkit.mvvm\8.4.0\lib\net8.0-windows10.0.17763\CommunityToolkit.Mvvm.dll'
             C:\Users\Sergio\.nuget\packages\microsoft.win32.systemevents\10.0.3\lib\net8.0\Microsoft.Win32.SystemEvents.dll
                 Private = 'false'
                 HintPath = 'C:\Users\Sergio\.nuget\packages\microsoft.win32.systemevents\10.0.3\lib\net8.0\Microsoft.Win32.SystemEvents.dll'
             C:\Users\Sergio\.nuget\packages\microsoft.windowsappsdk.ai\1.8.47\lib\net6.0-windows10.0.17763.0\Microsoft.Graphics.Imaging.Projection.dll
                 Private = 'false'
                 HintPath = 'C:\Users\Sergio\.nuget\packages\microsoft.windowsappsdk.ai\1.8.47\lib\net6.0-windows10.0.17763.0\Microsoft.Graphics.Imaging.Projection.dll'
             C:\Users\Sergio\.nuget\packages\microsoft.windowsappsdk.ai\1.8.47\lib\net6.0-windows10.0.17763.0\Microsoft.Windows.AI.ContentSafety.Projection.dll
                 Private = 'false'
                 HintPath = 'C:\Users\Sergio\.nuget\packages\microsoft.windowsappsdk.ai\1.8.47\lib\net6.0-windows10.0.17763.0\Microsoft.Windows.AI.ContentSafety.Projection.dll'
             C:\Users\Sergio\.nuget\packages\microsoft.windowsappsdk.ai\1.8.47\lib\net6.0-windows10.0.17763.0\Microsoft.Windows.AI.Foundation.Projection.dll
                 Private = 'false'
                 HintPath = 'C:\Users\Sergio\.nuget\packages\microsoft.windowsappsdk.ai\1.8.47\lib\net6.0-windows10.0.17763.0\Microsoft.Windows.AI.Foundation.Projection.dll'
             C:\Users\Sergio\.nuget\packages\microsoft.windowsappsdk.ai\1.8.47\lib\net6.0-windows10.0.17763.0\Microsoft.Windows.AI.Imaging.Projection.dll
                 Private = 'false'
                 HintPath = 'C:\Users\Sergio\.nuget\packages\microsoft.windowsappsdk.ai\1.8.47\lib\net6.0-windows10.0.17763.0\Microsoft.Windows.AI.Imaging.Projection.dll'
             C:\Users\Sergio\.nuget\packages\microsoft.windowsappsdk.ai\1.8.47\lib\net6.0-windows10.0.17763.0\Microsoft.Windows.AI.Projection.dll
                 Private = 'false'
                 HintPath = 'C:\Users\Sergio\.nuget\packages\microsoft.windowsappsdk.ai\1.8.47\lib\net6.0-windows10.0.17763.0\Microsoft.Windows.AI.Projection.dll'
             C:\Users\Sergio\.nuget\packages\microsoft.windowsappsdk.ai\1.8.47\lib\net6.0-windows10.0.17763.0\Microsoft.Windows.AI.Text.Projection.dll
                 Private = 'false'
                 HintPath = 'C:\Users\Sergio\.nuget\packages\microsoft.windowsappsdk.ai\1.8.47\lib\net6.0-windows10.0.17763.0\Microsoft.Windows.AI.Text.Projection.dll'
             C:\Users\Sergio\.nuget\packages\microsoft.windowsappsdk.foundation\1.8.260203002\lib\net6.0-windows10.0.17763.0\Microsoft.Security.Authentication.OAuth.Projection.dll
                 Private = 'false'
                 HintPath = 'C:\Users\Sergio\.nuget\packages\microsoft.windowsappsdk.foundation\1.8.260203002\lib\net6.0-windows10.0.17763.0\Microsoft.Security.Authentication.OAuth.Projection.dll'
             C:\Users\Sergio\.nuget\packages\microsoft.windowsappsdk.foundation\1.8.260203002\lib\net6.0-windows10.0.17763.0\Microsoft.Windows.AppLifecycle.Projection.dll
                 Private = 'false'
                 HintPath = 'C:\Users\Sergio\.nuget\packages\microsoft.windowsappsdk.foundation\1.8.260203002\lib\net6.0-windows10.0.17763.0\Microsoft.Windows.AppLifecycle.Projection.dll'
             C:\Users\Sergio\.nuget\packages\microsoft.windowsappsdk.foundation\1.8.260203002\lib\net6.0-windows10.0.17763.0\Microsoft.Windows.AppNotifications.Builder.Projection.dll
                 Private = 'false'
                 HintPath = 'C:\Users\Sergio\.nuget\packages\microsoft.windowsappsdk.foundation\1.8.260203002\lib\net6.0-windows10.0.17763.0\Microsoft.Windows.AppNotifications.Builder.Projection.dll'
             C:\Users\Sergio\.nuget\packages\microsoft.windowsappsdk.foundation\1.8.260203002\lib\net6.0-windows10.0.17763.0\Microsoft.Windows.AppNotifications.Projection.dll
                 Private = 'false'
                 HintPath = 'C:\Users\Sergio\.nuget\packages\microsoft.windowsappsdk.foundation\1.8.260203002\lib\net6.0-windows10.0.17763.0\Microsoft.Windows.AppNotifications.Projection.dll'
             C:\Users\Sergio\.nuget\packages\microsoft.windowsappsdk.foundation\1.8.260203002\lib\net6.0-windows10.0.17763.0\Microsoft.Windows.ApplicationModel.Background.Projection.dll
                 Private = 'false'
                 HintPath = 'C:\Users\Sergio\.nuget\packages\microsoft.windowsappsdk.foundation\1.8.260203002\lib\net6.0-windows10.0.17763.0\Microsoft.Windows.ApplicationModel.Background.Projection.dll'
             C:\Users\Sergio\.nuget\packages\microsoft.windowsappsdk.foundation\1.8.260203002\lib\net6.0-windows10.0.17763.0\Microsoft.Windows.ApplicationModel.DynamicDependency.Projection.dll
                 Private = 'false'
                 HintPath = 'C:\Users\Sergio\.nuget\packages\microsoft.windowsappsdk.foundation\1.8.260203002\lib\net6.0-windows10.0.17763.0\Microsoft.Windows.ApplicationModel.DynamicDependency.Projection.dll'
             C:\Users\Sergio\.nuget\packages\microsoft.windowsappsdk.foundation\1.8.260203002\lib\net6.0-windows10.0.17763.0\Microsoft.Windows.ApplicationModel.Resources.Projection.dll
                 Private = 'false'
                 HintPath = 'C:\Users\Sergio\.nuget\packages\microsoft.windowsappsdk.foundation\1.8.260203002\lib\net6.0-windows10.0.17763.0\Microsoft.Windows.ApplicationModel.Resources.Projection.dll'
             C:\Users\Sergio\.nuget\packages\microsoft.windowsappsdk.foundation\1.8.260203002\lib\net6.0-windows10.0.17763.0\Microsoft.Windows.ApplicationModel.WindowsAppRuntime.Projection.dll
                 Private = 'false'
                 HintPath = 'C:\Users\Sergio\.nuget\packages\microsoft.windowsappsdk.foundation\1.8.260203002\lib\net6.0-windows10.0.17763.0\Microsoft.Windows.ApplicationModel.WindowsAppRuntime.Projection.dll'
             C:\Users\Sergio\.nuget\packages\microsoft.windowsappsdk.foundation\1.8.260203002\lib\net6.0-windows10.0.17763.0\Microsoft.Windows.BadgeNotifications.Projection.dll
                 Private = 'false'
                 HintPath = 'C:\Users\Sergio\.nuget\packages\microsoft.windowsappsdk.foundation\1.8.260203002\lib\net6.0-windows10.0.17763.0\Microsoft.Windows.BadgeNotifications.Projection.dll'
             C:\Users\Sergio\.nuget\packages\microsoft.windowsappsdk.foundation\1.8.260203002\lib\net6.0-windows10.0.17763.0\Microsoft.Windows.Foundation.Projection.dll
                 Private = 'false'
                 HintPath = 'C:\Users\Sergio\.nuget\packages\microsoft.windowsappsdk.foundation\1.8.260203002\lib\net6.0-windows10.0.17763.0\Microsoft.Windows.Foundation.Projection.dll'
             C:\Users\Sergio\.nuget\packages\microsoft.windowsappsdk.foundation\1.8.260203002\lib\net6.0-windows10.0.17763.0\Microsoft.Windows.Management.Deployment.Projection.dll
                 Private = 'false'
                 HintPath = 'C:\Users\Sergio\.nuget\packages\microsoft.windowsappsdk.foundation\1.8.260203002\lib\net6.0-windows10.0.17763.0\Microsoft.Windows.Management.Deployment.Projection.dll'
             C:\Users\Sergio\.nuget\packages\microsoft.windowsappsdk.foundation\1.8.260203002\lib\net6.0-windows10.0.17763.0\Microsoft.Windows.Media.Capture.Projection.dll
                 Private = 'false'
                 HintPath = 'C:\Users\Sergio\.nuget\packages\microsoft.windowsappsdk.foundation\1.8.260203002\lib\net6.0-windows10.0.17763.0\Microsoft.Windows.Media.Capture.Projection.dll'
             C:\Users\Sergio\.nuget\packages\microsoft.windowsappsdk.foundation\1.8.260203002\lib\net6.0-windows10.0.17763.0\Microsoft.Windows.PushNotifications.Projection.dll
                 Private = 'false'
                 HintPath = 'C:\Users\Sergio\.nuget\packages\microsoft.windowsappsdk.foundation\1.8.260203002\lib\net6.0-windows10.0.17763.0\Microsoft.Windows.PushNotifications.Projection.dll'
             C:\Users\Sergio\.nuget\packages\microsoft.windowsappsdk.foundation\1.8.260203002\lib\net6.0-windows10.0.17763.0\Microsoft.Windows.Security.AccessControl.Projection.dll
                 Private = 'false'
                 HintPath = 'C:\Users\Sergio\.nuget\packages\microsoft.windowsappsdk.foundation\1.8.260203002\lib\net6.0-windows10.0.17763.0\Microsoft.Windows.Security.AccessControl.Projection.dll'
             C:\Users\Sergio\.nuget\packages\microsoft.windowsappsdk.foundation\1.8.260203002\lib\net6.0-windows10.0.17763.0\Microsoft.Windows.Storage.Pickers.Projection.dll
                 Private = 'false'
                 HintPath = 'C:\Users\Sergio\.nuget\packages\microsoft.windowsappsdk.foundation\1.8.260203002\lib\net6.0-windows10.0.17763.0\Microsoft.Windows.Storage.Pickers.Projection.dll'
             C:\Users\Sergio\.nuget\packages\microsoft.windowsappsdk.foundation\1.8.260203002\lib\net6.0-windows10.0.17763.0\Microsoft.Windows.Storage.Projection.dll
                 Private = 'false'
                 HintPath = 'C:\Users\Sergio\.nuget\packages\microsoft.windowsappsdk.foundation\1.8.260203002\lib\net6.0-windows10.0.17763.0\Microsoft.Windows.Storage.Projection.dll'
             C:\Users\Sergio\.nuget\packages\microsoft.windowsappsdk.foundation\1.8.260203002\lib\net6.0-windows10.0.17763.0\Microsoft.Windows.System.Power.Projection.dll
                 Private = 'false'
                 HintPath = 'C:\Users\Sergio\.nuget\packages\microsoft.windowsappsdk.foundation\1.8.260203002\lib\net6.0-windows10.0.17763.0\Microsoft.Windows.System.Power.Projection.dll'
             C:\Users\Sergio\.nuget\packages\microsoft.windowsappsdk.foundation\1.8.260203002\lib\net6.0-windows10.0.17763.0\Microsoft.Windows.System.Projection.dll
                 Private = 'false'
                 HintPath = 'C:\Users\Sergio\.nuget\packages\microsoft.windowsappsdk.foundation\1.8.260203002\lib\net6.0-windows10.0.17763.0\Microsoft.Windows.System.Projection.dll'
             C:\Users\Sergio\.nuget\packages\microsoft.windowsappsdk.foundation\1.8.260203002\lib\net6.0-windows10.0.17763.0\Microsoft.WindowsAppRuntime.Bootstrap.Net.dll
                 Private = 'false'
                 HintPath = 'C:\Users\Sergio\.nuget\packages\microsoft.windowsappsdk.foundation\1.8.260203002\lib\net6.0-windows10.0.17763.0\Microsoft.WindowsAppRuntime.Bootstrap.Net.dll'
             C:\Users\Sergio\.nuget\packages\microsoft.windowsappsdk.interactiveexperiences\1.8.260125001\lib\net6.0-windows10.0.18362.0\Microsoft.InteractiveExperiences.Projection.dll
                 Private = 'false'
                 HintPath = 'C:\Users\Sergio\.nuget\packages\microsoft.windowsappsdk.interactiveexperiences\1.8.260125001\lib\net6.0-windows10.0.18362.0\Microsoft.InteractiveExperiences.Projection.dll'
             C:\Users\Sergio\.nuget\packages\microsoft.windowsappsdk.ml\1.8.2124\lib\net8.0-windows10.0.17763.0\Microsoft.ML.OnnxRuntime.dll
                 Private = 'false'
                 HintPath = 'C:\Users\Sergio\.nuget\packages\microsoft.windowsappsdk.ml\1.8.2124\lib\net8.0-windows10.0.17763.0\Microsoft.ML.OnnxRuntime.dll'
             C:\Users\Sergio\.nuget\packages\microsoft.windowsappsdk.ml\1.8.2124\lib\net8.0-windows10.0.17763.0\Microsoft.Windows.AI.MachineLearning.Projection.dll
                 Private = 'false'
                 HintPath = 'C:\Users\Sergio\.nuget\packages\microsoft.windowsappsdk.ml\1.8.2124\lib\net8.0-windows10.0.17763.0\Microsoft.Windows.AI.MachineLearning.Projection.dll'
             C:\Users\Sergio\.nuget\packages\microsoft.windowsappsdk.widgets\1.8.251231004\lib\net6.0-windows10.0.17763.0\Microsoft.Windows.Widgets.Projection.dll
                 Private = 'false'
                 HintPath = 'C:\Users\Sergio\.nuget\packages\microsoft.windowsappsdk.widgets\1.8.251231004\lib\net6.0-windows10.0.17763.0\Microsoft.Windows.Widgets.Projection.dll'
             C:\Users\Sergio\.nuget\packages\microsoft.windowsappsdk.winui\1.8.260204000\lib\net6.0-windows10.0.17763.0\Microsoft.WinUI.dll
                 Private = 'false'
                 HintPath = 'C:\Users\Sergio\.nuget\packages\microsoft.windowsappsdk.winui\1.8.260204000\lib\net6.0-windows10.0.17763.0\Microsoft.WinUI.dll'
             C:\Users\Sergio\.nuget\packages\system.drawing.common\10.0.3\lib\net8.0\System.Drawing.Common.dll
                 Private = 'false'
                 HintPath = 'C:\Users\Sergio\.nuget\packages\system.drawing.common\10.0.3\lib\net8.0\System.Drawing.Common.dll'
             C:\Users\Sergio\.nuget\packages\system.drawing.common\10.0.3\lib\net8.0\System.Private.Windows.Core.dll
                 Private = 'false'
                 HintPath = 'C:\Users\Sergio\.nuget\packages\system.drawing.common\10.0.3\lib\net8.0\System.Private.Windows.Core.dll'
             C:\Users\Sergio\.nuget\packages\system.drawing.common\10.0.3\lib\net8.0\System.Private.Windows.GdiPlus.dll
                 Private = 'false'
                 HintPath = 'C:\Users\Sergio\.nuget\packages\system.drawing.common\10.0.3\lib\net8.0\System.Private.Windows.GdiPlus.dll'
             C:\Users\Sergio\.nuget\packages\system.io.pipelines\9.0.13\lib\net8.0\System.IO.Pipelines.dll
                 Private = 'false'
                 HintPath = 'C:\Users\Sergio\.nuget\packages\system.io.pipelines\9.0.13\lib\net8.0\System.IO.Pipelines.dll'
             C:\Users\Sergio\.nuget\packages\system.numerics.tensors\9.0.0\lib\net8.0\System.Numerics.Tensors.dll
                 Private = 'false'
                 HintPath = 'C:\Users\Sergio\.nuget\packages\system.numerics.tensors\9.0.0\lib\net8.0\System.Numerics.Tensors.dll'
             C:\Users\Sergio\.nuget\packages\system.text.encodings.web\9.0.13\lib\net8.0\System.Text.Encodings.Web.dll
                 Private = 'false'
                 HintPath = 'C:\Users\Sergio\.nuget\packages\system.text.encodings.web\9.0.13\lib\net8.0\System.Text.Encodings.Web.dll'
             C:\Users\Sergio\.nuget\packages\system.text.json\9.0.13\lib\net8.0\System.Text.Json.dll
                 Private = 'false'
                 HintPath = 'C:\Users\Sergio\.nuget\packages\system.text.json\9.0.13\lib\net8.0\System.Text.Json.dll'
             C:\Program Files\dotnet\packs\Microsoft.NETCore.App.Ref\8.0.19\ref/net8.0/Microsoft.CSharp.dll
                 Private = 'false'
             C:\Program Files\dotnet\packs\Microsoft.NETCore.App.Ref\8.0.19\ref/net8.0/Microsoft.VisualBasic.Core.dll
                 Private = 'false'
             C:\Program Files\dotnet\packs\Microsoft.NETCore.App.Ref\8.0.19\ref/net8.0/Microsoft.VisualBasic.dll
                 Private = 'false'
             C:\Program Files\dotnet\packs\Microsoft.NETCore.App.Ref\8.0.19\ref/net8.0/Microsoft.Win32.Primitives.dll
                 Private = 'false'
             C:\Program Files\dotnet\packs\Microsoft.NETCore.App.Ref\8.0.19\ref/net8.0/Microsoft.Win32.Registry.dll
                 Private = 'false'
             C:\Program Files\dotnet\packs\Microsoft.NETCore.App.Ref\8.0.19\ref/net8.0/System.AppContext.dll
                 Private = 'false'
             C:\Program Files\dotnet\packs\Microsoft.NETCore.App.Ref\8.0.19\ref/net8.0/System.Buffers.dll
                 Private = 'false'
             C:\Program Files\dotnet\packs\Microsoft.NETCore.App.Ref\8.0.19\ref/net8.0/System.Collections.Concurrent.dll
                 Private = 'false'
             C:\Program Files\dotnet\packs\Microsoft.NETCore.App.Ref\8.0.19\ref/net8.0/System.Collections.Immutable.dll
                 Private = 'false'
             C:\Program Files\dotnet\packs\Microsoft.NETCore.App.Ref\8.0.19\ref/net8.0/System.Collections.NonGeneric.dll
                 Private = 'false'
             C:\Program Files\dotnet\packs\Microsoft.NETCore.App.Ref\8.0.19\ref/net8.0/System.Collections.Specialized.dll
                 Private = 'false'
             C:\Program Files\dotnet\packs\Microsoft.NETCore.App.Ref\8.0.19\ref/net8.0/System.Collections.dll
                 Private = 'false'
             C:\Program Files\dotnet\packs\Microsoft.NETCore.App.Ref\8.0.19\ref/net8.0/System.ComponentModel.Annotations.dll
                 Private = 'false'
             C:\Program Files\dotnet\packs\Microsoft.NETCore.App.Ref\8.0.19\ref/net8.0/System.ComponentModel.DataAnnotations.dll
                 Private = 'false'
             C:\Program Files\dotnet\packs\Microsoft.NETCore.App.Ref\8.0.19\ref/net8.0/System.ComponentModel.EventBasedAsync.dll
                 Private = 'false'
             C:\Program Files\dotnet\packs\Microsoft.NETCore.App.Ref\8.0.19\ref/net8.0/System.ComponentModel.Primitives.dll
                 Private = 'false'
             C:\Program Files\dotnet\packs\Microsoft.NETCore.App.Ref\8.0.19\ref/net8.0/System.ComponentModel.TypeConverter.dll
                 Private = 'false'
             C:\Program Files\dotnet\packs\Microsoft.NETCore.App.Ref\8.0.19\ref/net8.0/System.ComponentModel.dll
                 Private = 'false'
             C:\Program Files\dotnet\packs\Microsoft.NETCore.App.Ref\8.0.19\ref/net8.0/System.Configuration.dll
                 Private = 'false'
             C:\Program Files\dotnet\packs\Microsoft.NETCore.App.Ref\8.0.19\ref/net8.0/System.Console.dll
                 Private = 'false'
             C:\Program Files\dotnet\packs\Microsoft.NETCore.App.Ref\8.0.19\ref/net8.0/System.Core.dll
                 Private = 'false'
             C:\Program Files\dotnet\packs\Microsoft.NETCore.App.Ref\8.0.19\ref/net8.0/System.Data.Common.dll
                 Private = 'false'
             C:\Program Files\dotnet\packs\Microsoft.NETCore.App.Ref\8.0.19\ref/net8.0/System.Data.DataSetExtensions.dll
                 Private = 'false'
             C:\Program Files\dotnet\packs\Microsoft.NETCore.App.Ref\8.0.19\ref/net8.0/System.Data.dll
                 Private = 'false'
             C:\Program Files\dotnet\packs\Microsoft.NETCore.App.Ref\8.0.19\ref/net8.0/System.Diagnostics.Contracts.dll
                 Private = 'false'
             C:\Program Files\dotnet\packs\Microsoft.NETCore.App.Ref\8.0.19\ref/net8.0/System.Diagnostics.Debug.dll
                 Private = 'false'
             C:\Program Files\dotnet\packs\Microsoft.NETCore.App.Ref\8.0.19\ref/net8.0/System.Diagnostics.DiagnosticSource.dll
                 Private = 'false'
             C:\Program Files\dotnet\packs\Microsoft.NETCore.App.Ref\8.0.19\ref/net8.0/System.Diagnostics.FileVersionInfo.dll
                 Private = 'false'
             C:\Program Files\dotnet\packs\Microsoft.NETCore.App.Ref\8.0.19\ref/net8.0/System.Diagnostics.Process.dll
                 Private = 'false'
             C:\Program Files\dotnet\packs\Microsoft.NETCore.App.Ref\8.0.19\ref/net8.0/System.Diagnostics.StackTrace.dll
                 Private = 'false'
             C:\Program Files\dotnet\packs\Microsoft.NETCore.App.Ref\8.0.19\ref/net8.0/System.Diagnostics.TextWriterTraceListener.dll
                 Private = 'false'
             C:\Program Files\dotnet\packs\Microsoft.NETCore.App.Ref\8.0.19\ref/net8.0/System.Diagnostics.Tools.dll
                 Private = 'false'
             C:\Program Files\dotnet\packs\Microsoft.NETCore.App.Ref\8.0.19\ref/net8.0/System.Diagnostics.TraceSource.dll
                 Private = 'false'
             C:\Program Files\dotnet\packs\Microsoft.NETCore.App.Ref\8.0.19\ref/net8.0/System.Diagnostics.Tracing.dll
                 Private = 'false'
             C:\Program Files\dotnet\packs\Microsoft.NETCore.App.Ref\8.0.19\ref/net8.0/System.Drawing.Primitives.dll
                 Private = 'false'
             C:\Program Files\dotnet\packs\Microsoft.NETCore.App.Ref\8.0.19\ref/net8.0/System.Drawing.dll
                 Private = 'false'
             C:\Program Files\dotnet\packs\Microsoft.NETCore.App.Ref\8.0.19\ref/net8.0/System.Dynamic.Runtime.dll
                 Private = 'false'
             C:\Program Files\dotnet\packs\Microsoft.NETCore.App.Ref\8.0.19\ref/net8.0/System.Formats.Asn1.dll
                 Private = 'false'
             C:\Program Files\dotnet\packs\Microsoft.NETCore.App.Ref\8.0.19\ref/net8.0/System.Formats.Tar.dll
                 Private = 'false'
             C:\Program Files\dotnet\packs\Microsoft.NETCore.App.Ref\8.0.19\ref/net8.0/System.Globalization.Calendars.dll
                 Private = 'false'
             C:\Program Files\dotnet\packs\Microsoft.NETCore.App.Ref\8.0.19\ref/net8.0/System.Globalization.Extensions.dll
                 Private = 'false'
             C:\Program Files\dotnet\packs\Microsoft.NETCore.App.Ref\8.0.19\ref/net8.0/System.Globalization.dll
                 Private = 'false'
             C:\Program Files\dotnet\packs\Microsoft.NETCore.App.Ref\8.0.19\ref/net8.0/System.IO.Compression.Brotli.dll
                 Private = 'false'
             C:\Program Files\dotnet\packs\Microsoft.NETCore.App.Ref\8.0.19\ref/net8.0/System.IO.Compression.FileSystem.dll
                 Private = 'false'
             C:\Program Files\dotnet\packs\Microsoft.NETCore.App.Ref\8.0.19\ref/net8.0/System.IO.Compression.ZipFile.dll
                 Private = 'false'
             C:\Program Files\dotnet\packs\Microsoft.NETCore.App.Ref\8.0.19\ref/net8.0/System.IO.Compression.dll
                 Private = 'false'
             C:\Program Files\dotnet\packs\Microsoft.NETCore.App.Ref\8.0.19\ref/net8.0/System.IO.FileSystem.AccessControl.dll
                 Private = 'false'
             C:\Program Files\dotnet\packs\Microsoft.NETCore.App.Ref\8.0.19\ref/net8.0/System.IO.FileSystem.DriveInfo.dll
                 Private = 'false'
             C:\Program Files\dotnet\packs\Microsoft.NETCore.App.Ref\8.0.19\ref/net8.0/System.IO.FileSystem.Primitives.dll
                 Private = 'false'
             C:\Program Files\dotnet\packs\Microsoft.NETCore.App.Ref\8.0.19\ref/net8.0/System.IO.FileSystem.Watcher.dll
                 Private = 'false'
             C:\Program Files\dotnet\packs\Microsoft.NETCore.App.Ref\8.0.19\ref/net8.0/System.IO.FileSystem.dll
                 Private = 'false'
             C:\Program Files\dotnet\packs\Microsoft.NETCore.App.Ref\8.0.19\ref/net8.0/System.IO.IsolatedStorage.dll
                 Private = 'false'
             C:\Program Files\dotnet\packs\Microsoft.NETCore.App.Ref\8.0.19\ref/net8.0/System.IO.MemoryMappedFiles.dll
                 Private = 'false'
             C:\Program Files\dotnet\packs\Microsoft.NETCore.App.Ref\8.0.19\ref/net8.0/System.IO.Pipes.AccessControl.dll
                 Private = 'false'
             C:\Program Files\dotnet\packs\Microsoft.NETCore.App.Ref\8.0.19\ref/net8.0/System.IO.Pipes.dll
                 Private = 'false'
             C:\Program Files\dotnet\packs\Microsoft.NETCore.App.Ref\8.0.19\ref/net8.0/System.IO.UnmanagedMemoryStream.dll
                 Private = 'false'
             C:\Program Files\dotnet\packs\Microsoft.NETCore.App.Ref\8.0.19\ref/net8.0/System.IO.dll
                 Private = 'false'
             C:\Program Files\dotnet\packs\Microsoft.NETCore.App.Ref\8.0.19\ref/net8.0/System.Linq.Expressions.dll
                 Private = 'false'
             C:\Program Files\dotnet\packs\Microsoft.NETCore.App.Ref\8.0.19\ref/net8.0/System.Linq.Parallel.dll
                 Private = 'false'
             C:\Program Files\dotnet\packs\Microsoft.NETCore.App.Ref\8.0.19\ref/net8.0/System.Linq.Queryable.dll
                 Private = 'false'
             C:\Program Files\dotnet\packs\Microsoft.NETCore.App.Ref\8.0.19\ref/net8.0/System.Linq.dll
                 Private = 'false'
             C:\Program Files\dotnet\packs\Microsoft.NETCore.App.Ref\8.0.19\ref/net8.0/System.Memory.dll
                 Private = 'false'
             C:\Program Files\dotnet\packs\Microsoft.NETCore.App.Ref\8.0.19\ref/net8.0/System.Net.Http.Json.dll
                 Private = 'false'
             C:\Program Files\dotnet\packs\Microsoft.NETCore.App.Ref\8.0.19\ref/net8.0/System.Net.Http.dll
                 Private = 'false'
             C:\Program Files\dotnet\packs\Microsoft.NETCore.App.Ref\8.0.19\ref/net8.0/System.Net.HttpListener.dll
                 Private = 'false'
             C:\Program Files\dotnet\packs\Microsoft.NETCore.App.Ref\8.0.19\ref/net8.0/System.Net.Mail.dll
                 Private = 'false'
             C:\Program Files\dotnet\packs\Microsoft.NETCore.App.Ref\8.0.19\ref/net8.0/System.Net.NameResolution.dll
                 Private = 'false'
             C:\Program Files\dotnet\packs\Microsoft.NETCore.App.Ref\8.0.19\ref/net8.0/System.Net.NetworkInformation.dll
                 Private = 'false'
             C:\Program Files\dotnet\packs\Microsoft.NETCore.App.Ref\8.0.19\ref/net8.0/System.Net.Ping.dll
                 Private = 'false'
             C:\Program Files\dotnet\packs\Microsoft.NETCore.App.Ref\8.0.19\ref/net8.0/System.Net.Primitives.dll
                 Private = 'false'
             C:\Program Files\dotnet\packs\Microsoft.NETCore.App.Ref\8.0.19\ref/net8.0/System.Net.Quic.dll
                 Private = 'false'
             C:\Program Files\dotnet\packs\Microsoft.NETCore.App.Ref\8.0.19\ref/net8.0/System.Net.Requests.dll
                 Private = 'false'
             C:\Program Files\dotnet\packs\Microsoft.NETCore.App.Ref\8.0.19\ref/net8.0/System.Net.Security.dll
                 Private = 'false'
             C:\Program Files\dotnet\packs\Microsoft.NETCore.App.Ref\8.0.19\ref/net8.0/System.Net.ServicePoint.dll
                 Private = 'false'
             C:\Program Files\dotnet\packs\Microsoft.NETCore.App.Ref\8.0.19\ref/net8.0/System.Net.Sockets.dll
                 Private = 'false'
             C:\Program Files\dotnet\packs\Microsoft.NETCore.App.Ref\8.0.19\ref/net8.0/System.Net.WebClient.dll
                 Private = 'false'
             C:\Program Files\dotnet\packs\Microsoft.NETCore.App.Ref\8.0.19\ref/net8.0/System.Net.WebHeaderCollection.dll
                 Private = 'false'
             C:\Program Files\dotnet\packs\Microsoft.NETCore.App.Ref\8.0.19\ref/net8.0/System.Net.WebProxy.dll
                 Private = 'false'
             C:\Program Files\dotnet\packs\Microsoft.NETCore.App.Ref\8.0.19\ref/net8.0/System.Net.WebSockets.Client.dll
                 Private = 'false'
             C:\Program Files\dotnet\packs\Microsoft.NETCore.App.Ref\8.0.19\ref/net8.0/System.Net.WebSockets.dll
                 Private = 'false'
             C:\Program Files\dotnet\packs\Microsoft.NETCore.App.Ref\8.0.19\ref/net8.0/System.Net.dll
                 Private = 'false'
             C:\Program Files\dotnet\packs\Microsoft.NETCore.App.Ref\8.0.19\ref/net8.0/System.Numerics.Vectors.dll
                 Private = 'false'
             C:\Program Files\dotnet\packs\Microsoft.NETCore.App.Ref\8.0.19\ref/net8.0/System.Numerics.dll
                 Private = 'false'
             C:\Program Files\dotnet\packs\Microsoft.NETCore.App.Ref\8.0.19\ref/net8.0/System.ObjectModel.dll
                 Private = 'false'
             C:\Program Files\dotnet\packs\Microsoft.NETCore.App.Ref\8.0.19\ref/net8.0/System.Reflection.DispatchProxy.dll
                 Private = 'false'
             C:\Program Files\dotnet\packs\Microsoft.NETCore.App.Ref\8.0.19\ref/net8.0/System.Reflection.Emit.ILGeneration.dll
                 Private = 'false'
             C:\Program Files\dotnet\packs\Microsoft.NETCore.App.Ref\8.0.19\ref/net8.0/System.Reflection.Emit.Lightweight.dll
                 Private = 'false'
             C:\Program Files\dotnet\packs\Microsoft.NETCore.App.Ref\8.0.19\ref/net8.0/System.Reflection.Emit.dll
                 Private = 'false'
             C:\Program Files\dotnet\packs\Microsoft.NETCore.App.Ref\8.0.19\ref/net8.0/System.Reflection.Extensions.dll
                 Private = 'false'
             C:\Program Files\dotnet\packs\Microsoft.NETCore.App.Ref\8.0.19\ref/net8.0/System.Reflection.Metadata.dll
                 Private = 'false'
             C:\Program Files\dotnet\packs\Microsoft.NETCore.App.Ref\8.0.19\ref/net8.0/System.Reflection.Primitives.dll
                 Private = 'false'
             C:\Program Files\dotnet\packs\Microsoft.NETCore.App.Ref\8.0.19\ref/net8.0/System.Reflection.TypeExtensions.dll
                 Private = 'false'
             C:\Program Files\dotnet\packs\Microsoft.NETCore.App.Ref\8.0.19\ref/net8.0/System.Reflection.dll
                 Private = 'false'
             C:\Program Files\dotnet\packs\Microsoft.NETCore.App.Ref\8.0.19\ref/net8.0/System.Resources.Reader.dll
                 Private = 'false'
             C:\Program Files\dotnet\packs\Microsoft.NETCore.App.Ref\8.0.19\ref/net8.0/System.Resources.ResourceManager.dll
                 Private = 'false'
             C:\Program Files\dotnet\packs\Microsoft.NETCore.App.Ref\8.0.19\ref/net8.0/System.Resources.Writer.dll
                 Private = 'false'
             C:\Program Files\dotnet\packs\Microsoft.NETCore.App.Ref\8.0.19\ref/net8.0/System.Runtime.CompilerServices.Unsafe.dll
                 Private = 'false'
             C:\Program Files\dotnet\packs\Microsoft.NETCore.App.Ref\8.0.19\ref/net8.0/System.Runtime.CompilerServices.VisualC.dll
                 Private = 'false'
             C:\Program Files\dotnet\packs\Microsoft.NETCore.App.Ref\8.0.19\ref/net8.0/System.Runtime.Extensions.dll
                 Private = 'false'
             C:\Program Files\dotnet\packs\Microsoft.NETCore.App.Ref\8.0.19\ref/net8.0/System.Runtime.Handles.dll
                 Private = 'false'
             C:\Program Files\dotnet\packs\Microsoft.NETCore.App.Ref\8.0.19\ref/net8.0/System.Runtime.InteropServices.JavaScript.dll
                 Private = 'false'
             C:\Program Files\dotnet\packs\Microsoft.NETCore.App.Ref\8.0.19\ref/net8.0/System.Runtime.InteropServices.RuntimeInformation.dll
                 Private = 'false'
             C:\Program Files\dotnet\packs\Microsoft.NETCore.App.Ref\8.0.19\ref/net8.0/System.Runtime.InteropServices.dll
                 Private = 'false'
             C:\Program Files\dotnet\packs\Microsoft.NETCore.App.Ref\8.0.19\ref/net8.0/System.Runtime.Intrinsics.dll
                 Private = 'false'
             C:\Program Files\dotnet\packs\Microsoft.NETCore.App.Ref\8.0.19\ref/net8.0/System.Runtime.Loader.dll
                 Private = 'false'
             C:\Program Files\dotnet\packs\Microsoft.NETCore.App.Ref\8.0.19\ref/net8.0/System.Runtime.Numerics.dll
                 Private = 'false'
             C:\Program Files\dotnet\packs\Microsoft.NETCore.App.Ref\8.0.19\ref/net8.0/System.Runtime.Serialization.Formatters.dll
                 Private = 'false'
             C:\Program Files\dotnet\packs\Microsoft.NETCore.App.Ref\8.0.19\ref/net8.0/System.Runtime.Serialization.Json.dll
                 Private = 'false'
             C:\Program Files\dotnet\packs\Microsoft.NETCore.App.Ref\8.0.19\ref/net8.0/System.Runtime.Serialization.Primitives.dll
                 Private = 'false'
             C:\Program Files\dotnet\packs\Microsoft.NETCore.App.Ref\8.0.19\ref/net8.0/System.Runtime.Serialization.Xml.dll
                 Private = 'false'
             C:\Program Files\dotnet\packs\Microsoft.NETCore.App.Ref\8.0.19\ref/net8.0/System.Runtime.Serialization.dll
                 Private = 'false'
             C:\Program Files\dotnet\packs\Microsoft.NETCore.App.Ref\8.0.19\ref/net8.0/System.Runtime.dll
                 Private = 'false'
             C:\Program Files\dotnet\packs\Microsoft.NETCore.App.Ref\8.0.19\ref/net8.0/System.Security.AccessControl.dll
                 Private = 'false'
             C:\Program Files\dotnet\packs\Microsoft.NETCore.App.Ref\8.0.19\ref/net8.0/System.Security.Claims.dll
                 Private = 'false'
             C:\Program Files\dotnet\packs\Microsoft.NETCore.App.Ref\8.0.19\ref/net8.0/System.Security.Cryptography.Algorithms.dll
                 Private = 'false'
             C:\Program Files\dotnet\packs\Microsoft.NETCore.App.Ref\8.0.19\ref/net8.0/System.Security.Cryptography.Cng.dll
                 Private = 'false'
             C:\Program Files\dotnet\packs\Microsoft.NETCore.App.Ref\8.0.19\ref/net8.0/System.Security.Cryptography.Csp.dll
                 Private = 'false'
             C:\Program Files\dotnet\packs\Microsoft.NETCore.App.Ref\8.0.19\ref/net8.0/System.Security.Cryptography.Encoding.dll
                 Private = 'false'
             C:\Program Files\dotnet\packs\Microsoft.NETCore.App.Ref\8.0.19\ref/net8.0/System.Security.Cryptography.OpenSsl.dll
                 Private = 'false'
             C:\Program Files\dotnet\packs\Microsoft.NETCore.App.Ref\8.0.19\ref/net8.0/System.Security.Cryptography.Primitives.dll
                 Private = 'false'
             C:\Program Files\dotnet\packs\Microsoft.NETCore.App.Ref\8.0.19\ref/net8.0/System.Security.Cryptography.X509Certificates.dll
                 Private = 'false'
             C:\Program Files\dotnet\packs\Microsoft.NETCore.App.Ref\8.0.19\ref/net8.0/System.Security.Cryptography.dll
                 Private = 'false'
             C:\Program Files\dotnet\packs\Microsoft.NETCore.App.Ref\8.0.19\ref/net8.0/System.Security.Principal.Windows.dll
                 Private = 'false'
             C:\Program Files\dotnet\packs\Microsoft.NETCore.App.Ref\8.0.19\ref/net8.0/System.Security.Principal.dll
                 Private = 'false'
             C:\Program Files\dotnet\packs\Microsoft.NETCore.App.Ref\8.0.19\ref/net8.0/System.Security.SecureString.dll
                 Private = 'false'
             C:\Program Files\dotnet\packs\Microsoft.NETCore.App.Ref\8.0.19\ref/net8.0/System.Security.dll
                 Private = 'false'
             C:\Program Files\dotnet\packs\Microsoft.NETCore.App.Ref\8.0.19\ref/net8.0/System.ServiceModel.Web.dll
                 Private = 'false'
             C:\Program Files\dotnet\packs\Microsoft.NETCore.App.Ref\8.0.19\ref/net8.0/System.ServiceProcess.dll
                 Private = 'false'
             C:\Program Files\dotnet\packs\Microsoft.NETCore.App.Ref\8.0.19\ref/net8.0/System.Text.Encoding.CodePages.dll
                 Private = 'false'
             C:\Program Files\dotnet\packs\Microsoft.NETCore.App.Ref\8.0.19\ref/net8.0/System.Text.Encoding.Extensions.dll
                 Private = 'false'
             C:\Program Files\dotnet\packs\Microsoft.NETCore.App.Ref\8.0.19\ref/net8.0/System.Text.Encoding.dll
                 Private = 'false'
             C:\Program Files\dotnet\packs\Microsoft.NETCore.App.Ref\8.0.19\ref/net8.0/System.Text.RegularExpressions.dll
                 Private = 'false'
             C:\Program Files\dotnet\packs\Microsoft.NETCore.App.Ref\8.0.19\ref/net8.0/System.Threading.Channels.dll
                 Private = 'false'
             C:\Program Files\dotnet\packs\Microsoft.NETCore.App.Ref\8.0.19\ref/net8.0/System.Threading.Overlapped.dll
                 Private = 'false'
             C:\Program Files\dotnet\packs\Microsoft.NETCore.App.Ref\8.0.19\ref/net8.0/System.Threading.Tasks.Dataflow.dll
                 Private = 'false'
             C:\Program Files\dotnet\packs\Microsoft.NETCore.App.Ref\8.0.19\ref/net8.0/System.Threading.Tasks.Extensions.dll
                 Private = 'false'
             C:\Program Files\dotnet\packs\Microsoft.NETCore.App.Ref\8.0.19\ref/net8.0/System.Threading.Tasks.Parallel.dll
                 Private = 'false'
             C:\Program Files\dotnet\packs\Microsoft.NETCore.App.Ref\8.0.19\ref/net8.0/System.Threading.Tasks.dll
                 Private = 'false'
             C:\Program Files\dotnet\packs\Microsoft.NETCore.App.Ref\8.0.19\ref/net8.0/System.Threading.Thread.dll
                 Private = 'false'
             C:\Program Files\dotnet\packs\Microsoft.NETCore.App.Ref\8.0.19\ref/net8.0/System.Threading.ThreadPool.dll
                 Private = 'false'
             C:\Program Files\dotnet\packs\Microsoft.NETCore.App.Ref\8.0.19\ref/net8.0/System.Threading.Timer.dll
                 Private = 'false'
             C:\Program Files\dotnet\packs\Microsoft.NETCore.App.Ref\8.0.19\ref/net8.0/System.Threading.dll
                 Private = 'false'
             C:\Program Files\dotnet\packs\Microsoft.NETCore.App.Ref\8.0.19\ref/net8.0/System.Transactions.Local.dll
                 Private = 'false'
             C:\Program Files\dotnet\packs\Microsoft.NETCore.App.Ref\8.0.19\ref/net8.0/System.Transactions.dll
                 Private = 'false'
             C:\Program Files\dotnet\packs\Microsoft.NETCore.App.Ref\8.0.19\ref/net8.0/System.ValueTuple.dll
                 Private = 'false'
             C:\Program Files\dotnet\packs\Microsoft.NETCore.App.Ref\8.0.19\ref/net8.0/System.Web.HttpUtility.dll
                 Private = 'false'
             C:\Program Files\dotnet\packs\Microsoft.NETCore.App.Ref\8.0.19\ref/net8.0/System.Web.dll
                 Private = 'false'
             C:\Program Files\dotnet\packs\Microsoft.NETCore.App.Ref\8.0.19\ref/net8.0/System.Windows.dll
                 Private = 'false'
             C:\Program Files\dotnet\packs\Microsoft.NETCore.App.Ref\8.0.19\ref/net8.0/System.Xml.Linq.dll
                 Private = 'false'
             C:\Program Files\dotnet\packs\Microsoft.NETCore.App.Ref\8.0.19\ref/net8.0/System.Xml.ReaderWriter.dll
                 Private = 'false'
             C:\Program Files\dotnet\packs\Microsoft.NETCore.App.Ref\8.0.19\ref/net8.0/System.Xml.Serialization.dll
                 Private = 'false'
             C:\Program Files\dotnet\packs\Microsoft.NETCore.App.Ref\8.0.19\ref/net8.0/System.Xml.XDocument.dll
                 Private = 'false'
             C:\Program Files\dotnet\packs\Microsoft.NETCore.App.Ref\8.0.19\ref/net8.0/System.Xml.XPath.XDocument.dll
                 Private = 'false'
             C:\Program Files\dotnet\packs\Microsoft.NETCore.App.Ref\8.0.19\ref/net8.0/System.Xml.XPath.dll
                 Private = 'false'
             C:\Program Files\dotnet\packs\Microsoft.NETCore.App.Ref\8.0.19\ref/net8.0/System.Xml.XmlDocument.dll
                 Private = 'false'
             C:\Program Files\dotnet\packs\Microsoft.NETCore.App.Ref\8.0.19\ref/net8.0/System.Xml.XmlSerializer.dll
                 Private = 'false'
             C:\Program Files\dotnet\packs\Microsoft.NETCore.App.Ref\8.0.19\ref/net8.0/System.Xml.dll
                 Private = 'false'
             C:\Program Files\dotnet\packs\Microsoft.NETCore.App.Ref\8.0.19\ref/net8.0/System.dll
                 Private = 'false'
             C:\Program Files\dotnet\packs\Microsoft.NETCore.App.Ref\8.0.19\ref/net8.0/WindowsBase.dll
                 Private = 'false'
             C:\Program Files\dotnet\packs\Microsoft.NETCore.App.Ref\8.0.19\ref/net8.0/mscorlib.dll
                 Private = 'false'
             C:\Program Files\dotnet\packs\Microsoft.NETCore.App.Ref\8.0.19\ref/net8.0/netstandard.dll
                 Private = 'false'
             C:\Users\Sergio\.nuget\packages\microsoft.windows.sdk.net.ref\10.0.19041.38\lib/net6.0/Microsoft.Windows.SDK.NET.dll
                 Private = 'false'
             C:\Users\Sergio\.nuget\packages\microsoft.windows.sdk.net.ref\10.0.19041.38\lib/net6.0/WinRT.Runtime.dll
                 Private = 'false'
         AssemblyFiles:
         CandidateAssemblyFiles:
         TargetFrameworkDirectories:
             
         InstalledAssemblyTables:
         IgnoreInstalledAssemblyTable:
             False
         SearchPaths:
             {CandidateAssemblyFiles}
             {HintPathFromItem}
             {TargetFrameworkDirectory}
             {RawFileName}
         AllowedAssemblyExtensions:
             .winmd
             .dll
             .exe
         AllowedRelatedFileExtensions:
             .pdb
             .xml
             .pri
             .dll.config
             .exe.config
         AppConfigFile:
             
         AutoUnify:
             True
         CopyLocalDependenciesWhenParentReferenceInGac:
             True
         FindDependencies:
             True
         TargetProcessorArchitecture:
             amd64
         StateFile:
             obj\x64\Debug\net8.0-windows10.0.19041.0\win-x64\BetterWinTab.csproj.AssemblyReference.cache
         InstalledAssemblySubsetTables:
         IgnoreInstalledAssemblySubsetTable:
             False
         TargetFrameworkSubsets:
         FullTargetFrameworkSubsetNames:
             Full
         ProfileName:
             
         FullFrameworkFolders:
         LatestTargetFrameworkDirectories:
         ProfileTablesLocation:
         Referencia principal unificada "Microsoft.Web.WebView2.Core.Projection, Version=1.0.3800.47, Culture=neutral, PublicKeyToken=2a8ab48044d2601e".
             Se usará esta versión en lugar de la versión original "1.0.3179.45" en "C:\Users\Sergio\.nuget\packages\microsoft.windowsappsdk.winui\1.8.260204000\lib\net6.0-windows10.0.17763.0\Microsoft.WinUI.dll" porque AutoUnify es 'true'.
             La ruta de acceso del archivo resuelta es "C:\Users\Sergio\.nuget\packages\microsoft.web.webview2\1.0.3800.47\lib_manual\net8.0-windows10.0.17763.0\Microsoft.Web.WebView2.Core.Projection.dll".
             Se encontró una referencia en la ubicación de ruta de acceso de búsqueda "{RawFileName}".
         Referencia principal "CommunityToolkit.Mvvm, Version=8.4.0.0, Culture=neutral, PublicKeyToken=4aff67a105548ee2".
             La ruta de acceso del archivo resuelta es "C:\Users\Sergio\.nuget\packages\communitytoolkit.mvvm\8.4.0\lib\net8.0-windows10.0.17763\CommunityToolkit.Mvvm.dll".
             Se encontró una referencia en la ubicación de ruta de acceso de búsqueda "{HintPathFromItem}".
             Se encontró el archivo "C:\Users\Sergio\.nuget\packages\communitytoolkit.mvvm\8.4.0\lib\net8.0-windows10.0.17763\CommunityToolkit.Mvvm.pdb" relacionado.
             Se encontró el archivo "C:\Users\Sergio\.nuget\packages\communitytoolkit.mvvm\8.4.0\lib\net8.0-windows10.0.17763\CommunityToolkit.Mvvm.xml" relacionado.
             Esta referencia no es "CopyLocal" porque existe al menos un elemento de origen con "Private" establecido en "false" y ningún elemento de origen con "Private" establecido en "true".
         Referencia principal "Microsoft.Win32.SystemEvents, Version=10.0.0.0, Culture=neutral, PublicKeyToken=cc7b13ffcd2ddd51".
             La ruta de acceso del archivo resuelta es "C:\Users\Sergio\.nuget\packages\microsoft.win32.systemevents\10.0.3\lib\net8.0\Microsoft.Win32.SystemEvents.dll".
             Se encontró una referencia en la ubicación de ruta de acceso de búsqueda "{HintPathFromItem}".
             Se encontró el archivo "C:\Users\Sergio\.nuget\packages\microsoft.win32.systemevents\10.0.3\lib\net8.0\Microsoft.Win32.SystemEvents.xml" relacionado.
             Esta referencia no es "CopyLocal" porque existe al menos un elemento de origen con "Private" establecido en "false" y ningún elemento de origen con "Private" establecido en "true".
         Referencia principal "Microsoft.Graphics.Imaging.Projection, Version=1.8.46.13936, Culture=neutral, PublicKeyToken=null".
             La ruta de acceso del archivo resuelta es "C:\Users\Sergio\.nuget\packages\microsoft.windowsappsdk.ai\1.8.47\lib\net6.0-windows10.0.17763.0\Microsoft.Graphics.Imaging.Projection.dll".
             Se encontró una referencia en la ubicación de ruta de acceso de búsqueda "{HintPathFromItem}".
             Esta referencia no es "CopyLocal" porque existe al menos un elemento de origen con "Private" establecido en "false" y ningún elemento de origen con "Private" establecido en "true".
         Referencia principal "Microsoft.Windows.AI.ContentSafety.Projection, Version=1.8.46.13936, Culture=neutral, PublicKeyToken=null".
             La ruta de acceso del archivo resuelta es "C:\Users\Sergio\.nuget\packages\microsoft.windowsappsdk.ai\1.8.47\lib\net6.0-windows10.0.17763.0\Microsoft.Windows.AI.ContentSafety.Projection.dll".
             Se encontró una referencia en la ubicación de ruta de acceso de búsqueda "{HintPathFromItem}".
             Esta referencia no es "CopyLocal" porque existe al menos un elemento de origen con "Private" establecido en "false" y ningún elemento de origen con "Private" establecido en "true".
         Referencia principal "Microsoft.Windows.AI.Foundation.Projection, Version=1.8.46.13936, Culture=neutral, PublicKeyToken=null".
             La ruta de acceso del archivo resuelta es "C:\Users\Sergio\.nuget\packages\microsoft.windowsappsdk.ai\1.8.47\lib\net6.0-windows10.0.17763.0\Microsoft.Windows.AI.Foundation.Projection.dll".
             Se encontró una referencia en la ubicación de ruta de acceso de búsqueda "{HintPathFromItem}".
             Esta referencia no es "CopyLocal" porque existe al menos un elemento de origen con "Private" establecido en "false" y ningún elemento de origen con "Private" establecido en "true".
         Referencia principal "Microsoft.Windows.AI.Imaging.Projection, Version=1.8.46.13936, Culture=neutral, PublicKeyToken=null".
             La ruta de acceso del archivo resuelta es "C:\Users\Sergio\.nuget\packages\microsoft.windowsappsdk.ai\1.8.47\lib\net6.0-windows10.0.17763.0\Microsoft.Windows.AI.Imaging.Projection.dll".
             Se encontró una referencia en la ubicación de ruta de acceso de búsqueda "{HintPathFromItem}".
             Esta referencia no es "CopyLocal" porque existe al menos un elemento de origen con "Private" establecido en "false" y ningún elemento de origen con "Private" establecido en "true".
         Referencia principal "Microsoft.Windows.AI.Projection, Version=1.8.46.13936, Culture=neutral, PublicKeyToken=null".
             La ruta de acceso del archivo resuelta es "C:\Users\Sergio\.nuget\packages\microsoft.windowsappsdk.ai\1.8.47\lib\net6.0-windows10.0.17763.0\Microsoft.Windows.AI.Projection.dll".
             Se encontró una referencia en la ubicación de ruta de acceso de búsqueda "{HintPathFromItem}".
             Esta referencia no es "CopyLocal" porque existe al menos un elemento de origen con "Private" establecido en "false" y ningún elemento de origen con "Private" establecido en "true".
         Referencia principal "Microsoft.Windows.AI.Text.Projection, Version=1.8.46.13936, Culture=neutral, PublicKeyToken=null".
             La ruta de acceso del archivo resuelta es "C:\Users\Sergio\.nuget\packages\microsoft.windowsappsdk.ai\1.8.47\lib\net6.0-windows10.0.17763.0\Microsoft.Windows.AI.Text.Projection.dll".
             Se encontró una referencia en la ubicación de ruta de acceso de búsqueda "{HintPathFromItem}".
             Esta referencia no es "CopyLocal" porque existe al menos un elemento de origen con "Private" establecido en "false" y ningún elemento de origen con "Private" establecido en "true".
         Referencia principal "Microsoft.Security.Authentication.OAuth.Projection, Version=1.8.0.0, Culture=neutral, PublicKeyToken=61733769cca94f40".
             La ruta de acceso del archivo resuelta es "C:\Users\Sergio\.nuget\packages\microsoft.windowsappsdk.foundation\1.8.260203002\lib\net6.0-windows10.0.17763.0\Microsoft.Security.Authentication.OAuth.Projection.dll".
             Se encontró una referencia en la ubicación de ruta de acceso de búsqueda "{HintPathFromItem}".
             Esta referencia no es "CopyLocal" porque existe al menos un elemento de origen con "Private" establecido en "false" y ningún elemento de origen con "Private" establecido en "true".
         Referencia principal "Microsoft.Windows.AppLifecycle.Projection, Version=1.8.0.0, Culture=neutral, PublicKeyToken=61733769cca94f40".
             La ruta de acceso del archivo resuelta es "C:\Users\Sergio\.nuget\packages\microsoft.windowsappsdk.foundation\1.8.260203002\lib\net6.0-windows10.0.17763.0\Microsoft.Windows.AppLifecycle.Projection.dll".
             Se encontró una referencia en la ubicación de ruta de acceso de búsqueda "{HintPathFromItem}".
             Se encontró el archivo "C:\Users\Sergio\.nuget\packages\microsoft.windowsappsdk.foundation\1.8.260203002\lib\net6.0-windows10.0.17763.0\Microsoft.Windows.AppLifecycle.Projection.xml" relacionado.
             Esta referencia no es "CopyLocal" porque existe al menos un elemento de origen con "Private" establecido en "false" y ningún elemento de origen con "Private" establecido en "true".
         Referencia principal "Microsoft.Windows.AppNotifications.Builder.Projection, Version=1.8.0.0, Culture=neutral, PublicKeyToken=61733769cca94f40".
             La ruta de acceso del archivo resuelta es "C:\Users\Sergio\.nuget\packages\microsoft.windowsappsdk.foundation\1.8.260203002\lib\net6.0-windows10.0.17763.0\Microsoft.Windows.AppNotifications.Builder.Projection.dll".
             Se encontró una referencia en la ubicación de ruta de acceso de búsqueda "{HintPathFromItem}".
             Se encontró el archivo "C:\Users\Sergio\.nuget\packages\microsoft.windowsappsdk.foundation\1.8.260203002\lib\net6.0-windows10.0.17763.0\Microsoft.Windows.AppNotifications.Builder.Projection.xml" relacionado.
             Esta referencia no es "CopyLocal" porque existe al menos un elemento de origen con "Private" establecido en "false" y ningún elemento de origen con "Private" establecido en "true".
         Referencia principal "Microsoft.Windows.AppNotifications.Projection, Version=1.8.0.0, Culture=neutral, PublicKeyToken=61733769cca94f40".
             La ruta de acceso del archivo resuelta es "C:\Users\Sergio\.nuget\packages\microsoft.windowsappsdk.foundation\1.8.260203002\lib\net6.0-windows10.0.17763.0\Microsoft.Windows.AppNotifications.Projection.dll".
             Se encontró una referencia en la ubicación de ruta de acceso de búsqueda "{HintPathFromItem}".
             Se encontró el archivo "C:\Users\Sergio\.nuget\packages\microsoft.windowsappsdk.foundation\1.8.260203002\lib\net6.0-windows10.0.17763.0\Microsoft.Windows.AppNotifications.Projection.xml" relacionado.
             Esta referencia no es "CopyLocal" porque existe al menos un elemento de origen con "Private" establecido en "false" y ningún elemento de origen con "Private" establecido en "true".
         Referencia principal "Microsoft.Windows.ApplicationModel.Background.Projection, Version=1.8.0.0, Culture=neutral, PublicKeyToken=61733769cca94f40".
             La ruta de acceso del archivo resuelta es "C:\Users\Sergio\.nuget\packages\microsoft.windowsappsdk.foundation\1.8.260203002\lib\net6.0-windows10.0.17763.0\Microsoft.Windows.ApplicationModel.Background.Projection.dll".
             Se encontró una referencia en la ubicación de ruta de acceso de búsqueda "{HintPathFromItem}".
             Esta referencia no es "CopyLocal" porque existe al menos un elemento de origen con "Private" establecido en "false" y ningún elemento de origen con "Private" establecido en "true".
         Referencia principal "Microsoft.Windows.ApplicationModel.DynamicDependency.Projection, Version=1.8.0.0, Culture=neutral, PublicKeyToken=61733769cca94f40".
             La ruta de acceso del archivo resuelta es "C:\Users\Sergio\.nuget\packages\microsoft.windowsappsdk.foundation\1.8.260203002\lib\net6.0-windows10.0.17763.0\Microsoft.Windows.ApplicationModel.DynamicDependency.Projection.dll".
             Se encontró una referencia en la ubicación de ruta de acceso de búsqueda "{HintPathFromItem}".
             Se encontró el archivo "C:\Users\Sergio\.nuget\packages\microsoft.windowsappsdk.foundation\1.8.260203002\lib\net6.0-windows10.0.17763.0\Microsoft.Windows.ApplicationModel.DynamicDependency.Projection.xml" relacionado.
             Esta referencia no es "CopyLocal" porque existe al menos un elemento de origen con "Private" establecido en "false" y ningún elemento de origen con "Private" establecido en "true".
         Referencia principal "Microsoft.Windows.ApplicationModel.Resources.Projection, Version=1.8.0.0, Culture=neutral, PublicKeyToken=61733769cca94f40".
             La ruta de acceso del archivo resuelta es "C:\Users\Sergio\.nuget\packages\microsoft.windowsappsdk.foundation\1.8.260203002\lib\net6.0-windows10.0.17763.0\Microsoft.Windows.ApplicationModel.Resources.Projection.dll".
             Se encontró una referencia en la ubicación de ruta de acceso de búsqueda "{HintPathFromItem}".
             Se encontró el archivo "C:\Users\Sergio\.nuget\packages\microsoft.windowsappsdk.foundation\1.8.260203002\lib\net6.0-windows10.0.17763.0\Microsoft.Windows.ApplicationModel.Resources.Projection.xml" relacionado.
             Esta referencia no es "CopyLocal" porque existe al menos un elemento de origen con "Private" establecido en "false" y ningún elemento de origen con "Private" establecido en "true".
         Referencia principal "Microsoft.Windows.ApplicationModel.WindowsAppRuntime.Projection, Version=1.8.0.0, Culture=neutral, PublicKeyToken=61733769cca94f40".
             La ruta de acceso del archivo resuelta es "C:\Users\Sergio\.nuget\packages\microsoft.windowsappsdk.foundation\1.8.260203002\lib\net6.0-windows10.0.17763.0\Microsoft.Windows.ApplicationModel.WindowsAppRuntime.Projection.dll".
             Se encontró una referencia en la ubicación de ruta de acceso de búsqueda "{HintPathFromItem}".
             Se encontró el archivo "C:\Users\Sergio\.nuget\packages\microsoft.windowsappsdk.foundation\1.8.260203002\lib\net6.0-windows10.0.17763.0\Microsoft.Windows.ApplicationModel.WindowsAppRuntime.Projection.xml" relacionado.
             Esta referencia no es "CopyLocal" porque existe al menos un elemento de origen con "Private" establecido en "false" y ningún elemento de origen con "Private" establecido en "true".
         Referencia principal "Microsoft.Windows.BadgeNotifications.Projection, Version=1.8.0.0, Culture=neutral, PublicKeyToken=61733769cca94f40".
             La ruta de acceso del archivo resuelta es "C:\Users\Sergio\.nuget\packages\microsoft.windowsappsdk.foundation\1.8.260203002\lib\net6.0-windows10.0.17763.0\Microsoft.Windows.BadgeNotifications.Projection.dll".
             Se encontró una referencia en la ubicación de ruta de acceso de búsqueda "{HintPathFromItem}".
             Esta referencia no es "CopyLocal" porque existe al menos un elemento de origen con "Private" establecido en "false" y ningún elemento de origen con "Private" establecido en "true".
         Referencia principal "Microsoft.Windows.Foundation.Projection, Version=1.8.0.0, Culture=neutral, PublicKeyToken=61733769cca94f40".
             La ruta de acceso del archivo resuelta es "C:\Users\Sergio\.nuget\packages\microsoft.windowsappsdk.foundation\1.8.260203002\lib\net6.0-windows10.0.17763.0\Microsoft.Windows.Foundation.Projection.dll".
             Se encontró una referencia en la ubicación de ruta de acceso de búsqueda "{HintPathFromItem}".
             Esta referencia no es "CopyLocal" porque existe al menos un elemento de origen con "Private" establecido en "false" y ningún elemento de origen con "Private" establecido en "true".
         Referencia principal "Microsoft.Windows.Management.Deployment.Projection, Version=1.8.0.0, Culture=neutral, PublicKeyToken=61733769cca94f40".
             La ruta de acceso del archivo resuelta es "C:\Users\Sergio\.nuget\packages\microsoft.windowsappsdk.foundation\1.8.260203002\lib\net6.0-windows10.0.17763.0\Microsoft.Windows.Management.Deployment.Projection.dll".
             Se encontró una referencia en la ubicación de ruta de acceso de búsqueda "{HintPathFromItem}".
             Se encontró el archivo "C:\Users\Sergio\.nuget\packages\microsoft.windowsappsdk.foundation\1.8.260203002\lib\net6.0-windows10.0.17763.0\Microsoft.Windows.Management.Deployment.Projection.xml" relacionado.
             Esta referencia no es "CopyLocal" porque existe al menos un elemento de origen con "Private" establecido en "false" y ningún elemento de origen con "Private" establecido en "true".
         Referencia principal "Microsoft.Windows.Media.Capture.Projection, Version=1.8.0.0, Culture=neutral, PublicKeyToken=61733769cca94f40".
             La ruta de acceso del archivo resuelta es "C:\Users\Sergio\.nuget\packages\microsoft.windowsappsdk.foundation\1.8.260203002\lib\net6.0-windows10.0.17763.0\Microsoft.Windows.Media.Capture.Projection.dll".
             Se encontró una referencia en la ubicación de ruta de acceso de búsqueda "{HintPathFromItem}".
             Esta referencia no es "CopyLocal" porque existe al menos un elemento de origen con "Private" establecido en "false" y ningún elemento de origen con "Private" establecido en "true".
         Referencia principal "Microsoft.Windows.PushNotifications.Projection, Version=1.8.0.0, Culture=neutral, PublicKeyToken=61733769cca94f40".
             La ruta de acceso del archivo resuelta es "C:\Users\Sergio\.nuget\packages\microsoft.windowsappsdk.foundation\1.8.260203002\lib\net6.0-windows10.0.17763.0\Microsoft.Windows.PushNotifications.Projection.dll".
             Se encontró una referencia en la ubicación de ruta de acceso de búsqueda "{HintPathFromItem}".
             Se encontró el archivo "C:\Users\Sergio\.nuget\packages\microsoft.windowsappsdk.foundation\1.8.260203002\lib\net6.0-windows10.0.17763.0\Microsoft.Windows.PushNotifications.Projection.xml" relacionado.
             Esta referencia no es "CopyLocal" porque existe al menos un elemento de origen con "Private" establecido en "false" y ningún elemento de origen con "Private" establecido en "true".
         Referencia principal "Microsoft.Windows.Security.AccessControl.Projection, Version=1.8.0.0, Culture=neutral, PublicKeyToken=61733769cca94f40".
             La ruta de acceso del archivo resuelta es "C:\Users\Sergio\.nuget\packages\microsoft.windowsappsdk.foundation\1.8.260203002\lib\net6.0-windows10.0.17763.0\Microsoft.Windows.Security.AccessControl.Projection.dll".
             Se encontró una referencia en la ubicación de ruta de acceso de búsqueda "{HintPathFromItem}".
             Se encontró el archivo "C:\Users\Sergio\.nuget\packages\microsoft.windowsappsdk.foundation\1.8.260203002\lib\net6.0-windows10.0.17763.0\Microsoft.Windows.Security.AccessControl.Projection.xml" relacionado.
             Esta referencia no es "CopyLocal" porque existe al menos un elemento de origen con "Private" establecido en "false" y ningún elemento de origen con "Private" establecido en "true".
         Referencia principal "Microsoft.Windows.Storage.Pickers.Projection, Version=1.8.0.0, Culture=neutral, PublicKeyToken=61733769cca94f40".
             La ruta de acceso del archivo resuelta es "C:\Users\Sergio\.nuget\packages\microsoft.windowsappsdk.foundation\1.8.260203002\lib\net6.0-windows10.0.17763.0\Microsoft.Windows.Storage.Pickers.Projection.dll".
             Se encontró una referencia en la ubicación de ruta de acceso de búsqueda "{HintPathFromItem}".
             Esta referencia no es "CopyLocal" porque existe al menos un elemento de origen con "Private" establecido en "false" y ningún elemento de origen con "Private" establecido en "true".
         Referencia principal "Microsoft.Windows.Storage.Projection, Version=1.8.0.0, Culture=neutral, PublicKeyToken=61733769cca94f40".
             La ruta de acceso del archivo resuelta es "C:\Users\Sergio\.nuget\packages\microsoft.windowsappsdk.foundation\1.8.260203002\lib\net6.0-windows10.0.17763.0\Microsoft.Windows.Storage.Projection.dll".
             Se encontró una referencia en la ubicación de ruta de acceso de búsqueda "{HintPathFromItem}".
             Se encontró el archivo "C:\Users\Sergio\.nuget\packages\microsoft.windowsappsdk.foundation\1.8.260203002\lib\net6.0-windows10.0.17763.0\Microsoft.Windows.Storage.Projection.xml" relacionado.
             Esta referencia no es "CopyLocal" porque existe al menos un elemento de origen con "Private" establecido en "false" y ningún elemento de origen con "Private" establecido en "true".
         Referencia principal "Microsoft.Windows.System.Power.Projection, Version=1.8.0.0, Culture=neutral, PublicKeyToken=61733769cca94f40".
             La ruta de acceso del archivo resuelta es "C:\Users\Sergio\.nuget\packages\microsoft.windowsappsdk.foundation\1.8.260203002\lib\net6.0-windows10.0.17763.0\Microsoft.Windows.System.Power.Projection.dll".
             Se encontró una referencia en la ubicación de ruta de acceso de búsqueda "{HintPathFromItem}".
             Se encontró el archivo "C:\Users\Sergio\.nuget\packages\microsoft.windowsappsdk.foundation\1.8.260203002\lib\net6.0-windows10.0.17763.0\Microsoft.Windows.System.Power.Projection.xml" relacionado.
             Esta referencia no es "CopyLocal" porque existe al menos un elemento de origen con "Private" establecido en "false" y ningún elemento de origen con "Private" establecido en "true".
         Referencia principal "Microsoft.Windows.System.Projection, Version=1.8.0.0, Culture=neutral, PublicKeyToken=61733769cca94f40".
             La ruta de acceso del archivo resuelta es "C:\Users\Sergio\.nuget\packages\microsoft.windowsappsdk.foundation\1.8.260203002\lib\net6.0-windows10.0.17763.0\Microsoft.Windows.System.Projection.dll".
             Se encontró una referencia en la ubicación de ruta de acceso de búsqueda "{HintPathFromItem}".
             Se encontró el archivo "C:\Users\Sergio\.nuget\packages\microsoft.windowsappsdk.foundation\1.8.260203002\lib\net6.0-windows10.0.17763.0\Microsoft.Windows.System.Projection.xml" relacionado.
             Esta referencia no es "CopyLocal" porque existe al menos un elemento de origen con "Private" establecido en "false" y ningún elemento de origen con "Private" establecido en "true".
         Referencia principal "Microsoft.WindowsAppRuntime.Bootstrap.Net, Version=1.8.0.0, Culture=neutral, PublicKeyToken=61733769cca94f40".
             La ruta de acceso del archivo resuelta es "C:\Users\Sergio\.nuget\packages\microsoft.windowsappsdk.foundation\1.8.260203002\lib\net6.0-windows10.0.17763.0\Microsoft.WindowsAppRuntime.Bootstrap.Net.dll".
             Se encontró una referencia en la ubicación de ruta de acceso de búsqueda "{HintPathFromItem}".
             Esta referencia no es "CopyLocal" porque existe al menos un elemento de origen con "Private" establecido en "false" y ningún elemento de origen con "Private" establecido en "true".
         Referencia principal "Microsoft.InteractiveExperiences.Projection, Version=10.0.0.0, Culture=neutral, PublicKeyToken=31bf3856ad364e35".
             La ruta de acceso del archivo resuelta es "C:\Users\Sergio\.nuget\packages\microsoft.windowsappsdk.interactiveexperiences\1.8.260125001\lib\net6.0-windows10.0.18362.0\Microsoft.InteractiveExperiences.Projection.dll".
             Se encontró una referencia en la ubicación de ruta de acceso de búsqueda "{HintPathFromItem}".
             Se encontró el archivo "C:\Users\Sergio\.nuget\packages\microsoft.windowsappsdk.interactiveexperiences\1.8.260125001\lib\net6.0-windows10.0.18362.0\Microsoft.InteractiveExperiences.Projection.xml" relacionado.
             Esta referencia no es "CopyLocal" porque existe al menos un elemento de origen con "Private" establecido en "false" y ningún elemento de origen con "Private" establecido en "true".
         Referencia principal "Microsoft.ML.OnnxRuntime, Version=0.0.0.0, Culture=neutral, PublicKeyToken=f27f157f0a5b7bb6".
             La ruta de acceso del archivo resuelta es "C:\Users\Sergio\.nuget\packages\microsoft.windowsappsdk.ml\1.8.2124\lib\net8.0-windows10.0.17763.0\Microsoft.ML.OnnxRuntime.dll".
             Se encontró una referencia en la ubicación de ruta de acceso de búsqueda "{HintPathFromItem}".
             Esta referencia no es "CopyLocal" porque existe al menos un elemento de origen con "Private" establecido en "false" y ningún elemento de origen con "Private" establecido en "true".
         Referencia principal "Microsoft.Windows.AI.MachineLearning.Projection, Version=1.8.2124.44804, Culture=neutral, PublicKeyToken=null".
             La ruta de acceso del archivo resuelta es "C:\Users\Sergio\.nuget\packages\microsoft.windowsappsdk.ml\1.8.2124\lib\net8.0-windows10.0.17763.0\Microsoft.Windows.AI.MachineLearning.Projection.dll".
             Se encontró una referencia en la ubicación de ruta de acceso de búsqueda "{HintPathFromItem}".
             Esta referencia no es "CopyLocal" porque existe al menos un elemento de origen con "Private" establecido en "false" y ningún elemento de origen con "Private" establecido en "true".
         Referencia principal "Microsoft.Windows.Widgets.Projection, Version=1.0.0.0, Culture=neutral, PublicKeyToken=null".
             La ruta de acceso del archivo resuelta es "C:\Users\Sergio\.nuget\packages\microsoft.windowsappsdk.widgets\1.8.251231004\lib\net6.0-windows10.0.17763.0\Microsoft.Windows.Widgets.Projection.dll".
             Se encontró una referencia en la ubicación de ruta de acceso de búsqueda "{HintPathFromItem}".
             Se encontró el archivo "C:\Users\Sergio\.nuget\packages\microsoft.windowsappsdk.widgets\1.8.251231004\lib\net6.0-windows10.0.17763.0\Microsoft.Windows.Widgets.Projection.xml" relacionado.
             Esta referencia no es "CopyLocal" porque existe al menos un elemento de origen con "Private" establecido en "false" y ningún elemento de origen con "Private" establecido en "true".
         Referencia principal "Microsoft.WinUI, Version=3.0.0.0, Culture=neutral, PublicKeyToken=de31ebe4ad15742b".
             La ruta de acceso del archivo resuelta es "C:\Users\Sergio\.nuget\packages\microsoft.windowsappsdk.winui\1.8.260204000\lib\net6.0-windows10.0.17763.0\Microsoft.WinUI.dll".
             Se encontró una referencia en la ubicación de ruta de acceso de búsqueda "{HintPathFromItem}".
             Se encontró el archivo "C:\Users\Sergio\.nuget\packages\microsoft.windowsappsdk.winui\1.8.260204000\lib\net6.0-windows10.0.17763.0\Microsoft.WinUI.xml" relacionado.
             Esta referencia no es "CopyLocal" porque existe al menos un elemento de origen con "Private" establecido en "false" y ningún elemento de origen con "Private" establecido en "true".
         Referencia principal "System.Drawing.Common, Version=10.0.0.0, Culture=neutral, PublicKeyToken=cc7b13ffcd2ddd51".
             La ruta de acceso del archivo resuelta es "C:\Users\Sergio\.nuget\packages\system.drawing.common\10.0.3\lib\net8.0\System.Drawing.Common.dll".
             Se encontró una referencia en la ubicación de ruta de acceso de búsqueda "{HintPathFromItem}".
             Se encontró el archivo "C:\Users\Sergio\.nuget\packages\system.drawing.common\10.0.3\lib\net8.0\System.Drawing.Common.pdb" relacionado.
             Se encontró el archivo "C:\Users\Sergio\.nuget\packages\system.drawing.common\10.0.3\lib\net8.0\System.Drawing.Common.xml" relacionado.
             Esta referencia no es "CopyLocal" porque existe al menos un elemento de origen con "Private" establecido en "false" y ningún elemento de origen con "Private" establecido en "true".
         Referencia principal "System.Private.Windows.Core, Version=10.0.0.0, Culture=neutral, PublicKeyToken=b77a5c561934e089".
             La ruta de acceso del archivo resuelta es "C:\Users\Sergio\.nuget\packages\system.drawing.common\10.0.3\lib\net8.0\System.Private.Windows.Core.dll".
             Se encontró una referencia en la ubicación de ruta de acceso de búsqueda "{HintPathFromItem}".
             Se encontró el archivo "C:\Users\Sergio\.nuget\packages\system.drawing.common\10.0.3\lib\net8.0\System.Private.Windows.Core.xml" relacionado.
             Esta referencia no es "CopyLocal" porque existe al menos un elemento de origen con "Private" establecido en "false" y ningún elemento de origen con "Private" establecido en "true".
         Referencia principal "System.Private.Windows.GdiPlus, Version=10.0.0.0, Culture=neutral, PublicKeyToken=b77a5c561934e089".
             La ruta de acceso del archivo resuelta es "C:\Users\Sergio\.nuget\packages\system.drawing.common\10.0.3\lib\net8.0\System.Private.Windows.GdiPlus.dll".
             Se encontró una referencia en la ubicación de ruta de acceso de búsqueda "{HintPathFromItem}".
             Se encontró el archivo "C:\Users\Sergio\.nuget\packages\system.drawing.common\10.0.3\lib\net8.0\System.Private.Windows.GdiPlus.xml" relacionado.
             Esta referencia no es "CopyLocal" porque existe al menos un elemento de origen con "Private" establecido en "false" y ningún elemento de origen con "Private" establecido en "true".
         Referencia principal "System.IO.Pipelines, Version=9.0.0.0, Culture=neutral, PublicKeyToken=cc7b13ffcd2ddd51".
             La ruta de acceso del archivo resuelta es "C:\Users\Sergio\.nuget\packages\system.io.pipelines\9.0.13\lib\net8.0\System.IO.Pipelines.dll".
             Se encontró una referencia en la ubicación de ruta de acceso de búsqueda "{HintPathFromItem}".
             Se encontró el archivo "C:\Users\Sergio\.nuget\packages\system.io.pipelines\9.0.13\lib\net8.0\System.IO.Pipelines.xml" relacionado.
             Esta referencia no es "CopyLocal" porque existe al menos un elemento de origen con "Private" establecido en "false" y ningún elemento de origen con "Private" establecido en "true".
         Referencia principal "System.Numerics.Tensors, Version=9.0.0.0, Culture=neutral, PublicKeyToken=cc7b13ffcd2ddd51".
             La ruta de acceso del archivo resuelta es "C:\Users\Sergio\.nuget\packages\system.numerics.tensors\9.0.0\lib\net8.0\System.Numerics.Tensors.dll".
             Se encontró una referencia en la ubicación de ruta de acceso de búsqueda "{HintPathFromItem}".
             Se encontró el archivo "C:\Users\Sergio\.nuget\packages\system.numerics.tensors\9.0.0\lib\net8.0\System.Numerics.Tensors.xml" relacionado.
             Esta referencia no es "CopyLocal" porque existe al menos un elemento de origen con "Private" establecido en "false" y ningún elemento de origen con "Private" establecido en "true".
         Referencia principal "System.Text.Encodings.Web, Version=9.0.0.0, Culture=neutral, PublicKeyToken=cc7b13ffcd2ddd51".
             La ruta de acceso del archivo resuelta es "C:\Users\Sergio\.nuget\packages\system.text.encodings.web\9.0.13\lib\net8.0\System.Text.Encodings.Web.dll".
             Se encontró una referencia en la ubicación de ruta de acceso de búsqueda "{HintPathFromItem}".
             Se encontró el archivo "C:\Users\Sergio\.nuget\packages\system.text.encodings.web\9.0.13\lib\net8.0\System.Text.Encodings.Web.xml" relacionado.
             Esta referencia no es "CopyLocal" porque existe al menos un elemento de origen con "Private" establecido en "false" y ningún elemento de origen con "Private" establecido en "true".
         Referencia principal unificada "System.Text.Json, Version=9.0.0.0, Culture=neutral, PublicKeyToken=cc7b13ffcd2ddd51".
             Se usará esta versión en lugar de la versión original "8.0.0.0" en "C:\Users\Sergio\.nuget\packages\system.drawing.common\10.0.3\lib\net8.0\System.Private.Windows.Core.dll" porque AutoUnify es 'true'.
             La ruta de acceso del archivo resuelta es "C:\Users\Sergio\.nuget\packages\system.text.json\9.0.13\lib\net8.0\System.Text.Json.dll".
             Se encontró una referencia en la ubicación de ruta de acceso de búsqueda "{HintPathFromItem}".
             Se encontró el archivo "C:\Users\Sergio\.nuget\packages\system.text.json\9.0.13\lib\net8.0\System.Text.Json.xml" relacionado.
             Esta referencia no es "CopyLocal" porque existe al menos un elemento de origen con "Private" establecido en "false" y ningún elemento de origen con "Private" establecido en "true".
         Referencia principal "Microsoft.CSharp, Version=8.0.0.0, Culture=neutral, PublicKeyToken=b03f5f7f11d50a3a".
             La ruta de acceso del archivo resuelta es "C:\Program Files\dotnet\packs\Microsoft.NETCore.App.Ref\8.0.19\ref\net8.0\Microsoft.CSharp.dll".
             Se encontró una referencia en la ubicación de ruta de acceso de búsqueda "{RawFileName}".
             Esta referencia no es "CopyLocal" porque existe al menos un elemento de origen con "Private" establecido en "false" y ningún elemento de origen con "Private" establecido en "true".
         Referencia principal "Microsoft.VisualBasic.Core, Version=13.0.0.0, Culture=neutral, PublicKeyToken=b03f5f7f11d50a3a".
             La ruta de acceso del archivo resuelta es "C:\Program Files\dotnet\packs\Microsoft.NETCore.App.Ref\8.0.19\ref\net8.0\Microsoft.VisualBasic.Core.dll".
             Se encontró una referencia en la ubicación de ruta de acceso de búsqueda "{RawFileName}".
             Esta referencia no es "CopyLocal" porque existe al menos un elemento de origen con "Private" establecido en "false" y ningún elemento de origen con "Private" establecido en "true".
         Referencia principal "Microsoft.VisualBasic, Version=10.0.0.0, Culture=neutral, PublicKeyToken=b03f5f7f11d50a3a".
             La ruta de acceso del archivo resuelta es "C:\Program Files\dotnet\packs\Microsoft.NETCore.App.Ref\8.0.19\ref\net8.0\Microsoft.VisualBasic.dll".
             Se encontró una referencia en la ubicación de ruta de acceso de búsqueda "{RawFileName}".
             Esta referencia no es "CopyLocal" porque existe al menos un elemento de origen con "Private" establecido en "false" y ningún elemento de origen con "Private" establecido en "true".
         Referencia principal "Microsoft.Win32.Primitives, Version=8.0.0.0, Culture=neutral, PublicKeyToken=b03f5f7f11d50a3a".
             La ruta de acceso del archivo resuelta es "C:\Program Files\dotnet\packs\Microsoft.NETCore.App.Ref\8.0.19\ref\net8.0\Microsoft.Win32.Primitives.dll".
             Se encontró una referencia en la ubicación de ruta de acceso de búsqueda "{RawFileName}".
             Esta referencia no es "CopyLocal" porque existe al menos un elemento de origen con "Private" establecido en "false" y ningún elemento de origen con "Private" establecido en "true".
         Referencia principal "Microsoft.Win32.Registry, Version=8.0.0.0, Culture=neutral, PublicKeyToken=b03f5f7f11d50a3a".
             La ruta de acceso del archivo resuelta es "C:\Program Files\dotnet\packs\Microsoft.NETCore.App.Ref\8.0.19\ref\net8.0\Microsoft.Win32.Registry.dll".
             Se encontró una referencia en la ubicación de ruta de acceso de búsqueda "{RawFileName}".
             Esta referencia no es "CopyLocal" porque existe al menos un elemento de origen con "Private" establecido en "false" y ningún elemento de origen con "Private" establecido en "true".
         Referencia principal "System.AppContext, Version=8.0.0.0, Culture=neutral, PublicKeyToken=b03f5f7f11d50a3a".
             La ruta de acceso del archivo resuelta es "C:\Program Files\dotnet\packs\Microsoft.NETCore.App.Ref\8.0.19\ref\net8.0\System.AppContext.dll".
             Se encontró una referencia en la ubicación de ruta de acceso de búsqueda "{RawFileName}".
             Esta referencia no es "CopyLocal" porque existe al menos un elemento de origen con "Private" establecido en "false" y ningún elemento de origen con "Private" establecido en "true".
         Referencia principal "System.Buffers, Version=8.0.0.0, Culture=neutral, PublicKeyToken=cc7b13ffcd2ddd51".
             La ruta de acceso del archivo resuelta es "C:\Program Files\dotnet\packs\Microsoft.NETCore.App.Ref\8.0.19\ref\net8.0\System.Buffers.dll".
             Se encontró una referencia en la ubicación de ruta de acceso de búsqueda "{RawFileName}".
             Esta referencia no es "CopyLocal" porque existe al menos un elemento de origen con "Private" establecido en "false" y ningún elemento de origen con "Private" establecido en "true".
         Referencia principal unificada "System.Collections.Concurrent, Version=8.0.0.0, Culture=neutral, PublicKeyToken=b03f5f7f11d50a3a".
             Se usará esta versión en lugar de la versión original "6.0.0.0" en "C:\Users\Sergio\.nuget\packages\microsoft.windowsappsdk.ai\1.8.47\lib\net6.0-windows10.0.17763.0\Microsoft.Graphics.Imaging.Projection.dll" porque AutoUnify es 'true'.
             Se usará esta versión en lugar de la versión original "6.0.0.0" en "C:\Users\Sergio\.nuget\packages\microsoft.windowsappsdk.ai\1.8.47\lib\net6.0-windows10.0.17763.0\Microsoft.Windows.AI.ContentSafety.Projection.dll" porque AutoUnify es 'true'.
             Se usará esta versión en lugar de la versión original "6.0.0.0" en "C:\Users\Sergio\.nuget\packages\microsoft.windowsappsdk.ai\1.8.47\lib\net6.0-windows10.0.17763.0\Microsoft.Windows.AI.Foundation.Projection.dll" porque AutoUnify es 'true'.
             Se usará esta versión en lugar de la versión original "6.0.0.0" en "C:\Users\Sergio\.nuget\packages\microsoft.windowsappsdk.ai\1.8.47\lib\net6.0-windows10.0.17763.0\Microsoft.Windows.AI.Imaging.Projection.dll" porque AutoUnify es 'true'.
             Se usará esta versión en lugar de la versión original "6.0.0.0" en "C:\Users\Sergio\.nuget\packages\microsoft.windowsappsdk.ai\1.8.47\lib\net6.0-windows10.0.17763.0\Microsoft.Windows.AI.Projection.dll" porque AutoUnify es 'true'.
             Se usará esta versión en lugar de la versión original "6.0.0.0" en "C:\Users\Sergio\.nuget\packages\microsoft.windowsappsdk.ai\1.8.47\lib\net6.0-windows10.0.17763.0\Microsoft.Windows.AI.Text.Projection.dll" porque AutoUnify es 'true'.
             Se usará esta versión en lugar de la versión original "6.0.0.0" en "C:\Users\Sergio\.nuget\packages\microsoft.windowsappsdk.foundation\1.8.260203002\lib\net6.0-windows10.0.17763.0\Microsoft.Security.Authentication.OAuth.Projection.dll" porque AutoUnify es 'true'.
             Se usará esta versión en lugar de la versión original "6.0.0.0" en "C:\Users\Sergio\.nuget\packages\microsoft.windowsappsdk.foundation\1.8.260203002\lib\net6.0-windows10.0.17763.0\Microsoft.Windows.AppLifecycle.Projection.dll" porque AutoUnify es 'true'.
             Se usará esta versión en lugar de la versión original "6.0.0.0" en "C:\Users\Sergio\.nuget\packages\microsoft.windowsappsdk.foundation\1.8.260203002\lib\net6.0-windows10.0.17763.0\Microsoft.Windows.AppNotifications.Builder.Projection.dll" porque AutoUnify es 'true'.
             Se usará esta versión en lugar de la versión original "6.0.0.0" en "C:\Users\Sergio\.nuget\packages\microsoft.windowsappsdk.foundation\1.8.260203002\lib\net6.0-windows10.0.17763.0\Microsoft.Windows.AppNotifications.Projection.dll" porque AutoUnify es 'true'.
             Se usará esta versión en lugar de la versión original "6.0.0.0" en "C:\Users\Sergio\.nuget\packages\microsoft.windowsappsdk.foundation\1.8.260203002\lib\net6.0-windows10.0.17763.0\Microsoft.Windows.ApplicationModel.Background.Projection.dll" porque AutoUnify es 'true'.
             Se usará esta versión en lugar de la versión original "6.0.0.0" en "C:\Users\Sergio\.nuget\packages\microsoft.windowsappsdk.foundation\1.8.260203002\lib\net6.0-windows10.0.17763.0\Microsoft.Windows.ApplicationModel.DynamicDependency.Projection.dll" porque AutoUnify es 'true'.
             Se usará esta versión en lugar de la versión original "6.0.0.0" en "C:\Users\Sergio\.nuget\packages\microsoft.windowsappsdk.foundation\1.8.260203002\lib\net6.0-windows10.0.17763.0\Microsoft.Windows.ApplicationModel.Resources.Projection.dll" porque AutoUnify es 'true'.
             Se usará esta versión en lugar de la versión original "6.0.0.0" en "C:\Users\Sergio\.nuget\packages\microsoft.windowsappsdk.foundation\1.8.260203002\lib\net6.0-windows10.0.17763.0\Microsoft.Windows.ApplicationModel.WindowsAppRuntime.Projection.dll" porque AutoUnify es 'true'.
             Se usará esta versión en lugar de la versión original "6.0.0.0" en "C:\Users\Sergio\.nuget\packages\microsoft.windowsappsdk.foundation\1.8.260203002\lib\net6.0-windows10.0.17763.0\Microsoft.Windows.BadgeNotifications.Projection.dll" porque AutoUnify es 'true'.
             Se usará esta versión en lugar de la versión original "6.0.0.0" en "C:\Users\Sergio\.nuget\packages\microsoft.windowsappsdk.foundation\1.8.260203002\lib\net6.0-windows10.0.17763.0\Microsoft.Windows.Management.Deployment.Projection.dll" porque AutoUnify es 'true'.
             Se usará esta versión en lugar de la versión original "6.0.0.0" en "C:\Users\Sergio\.nuget\packages\microsoft.windowsappsdk.foundation\1.8.260203002\lib\net6.0-windows10.0.17763.0\Microsoft.Windows.Media.Capture.Projection.dll" porque AutoUnify es 'true'.
             Se usará esta versión en lugar de la versión original "6.0.0.0" en "C:\Users\Sergio\.nuget\packages\microsoft.windowsappsdk.foundation\1.8.260203002\lib\net6.0-windows10.0.17763.0\Microsoft.Windows.PushNotifications.Projection.dll" porque AutoUnify es 'true'.
             Se usará esta versión en lugar de la versión original "6.0.0.0" en "C:\Users\Sergio\.nuget\packages\microsoft.windowsappsdk.foundation\1.8.260203002\lib\net6.0-windows10.0.17763.0\Microsoft.Windows.Storage.Pickers.Projection.dll" porque AutoUnify es 'true'.
             Se usará esta versión en lugar de la versión original "6.0.0.0" en "C:\Users\Sergio\.nuget\packages\microsoft.windowsappsdk.foundation\1.8.260203002\lib\net6.0-windows10.0.17763.0\Microsoft.Windows.Storage.Projection.dll" porque AutoUnify es 'true'.
             Se usará esta versión en lugar de la versión original "6.0.0.0" en "C:\Users\Sergio\.nuget\packages\microsoft.windowsappsdk.foundation\1.8.260203002\lib\net6.0-windows10.0.17763.0\Microsoft.Windows.System.Projection.dll" porque AutoUnify es 'true'.
             Se usará esta versión en lugar de la versión original "6.0.0.0" en "C:\Users\Sergio\.nuget\packages\microsoft.windowsappsdk.interactiveexperiences\1.8.260125001\lib\net6.0-windows10.0.18362.0\Microsoft.InteractiveExperiences.Projection.dll" porque AutoUnify es 'true'.
             Se usará esta versión en lugar de la versión original "6.0.0.0" en "C:\Users\Sergio\.nuget\packages\microsoft.windowsappsdk.ml\1.8.2124\lib\net8.0-windows10.0.17763.0\Microsoft.Windows.AI.MachineLearning.Projection.dll" porque AutoUnify es 'true'.
             Se usará esta versión en lugar de la versión original "6.0.0.0" en "C:\Users\Sergio\.nuget\packages\microsoft.windowsappsdk.widgets\1.8.251231004\lib\net6.0-windows10.0.17763.0\Microsoft.Windows.Widgets.Projection.dll" porque AutoUnify es 'true'.
             Se usará esta versión en lugar de la versión original "6.0.0.0" en "C:\Users\Sergio\.nuget\packages\microsoft.windowsappsdk.winui\1.8.260204000\lib\net6.0-windows10.0.17763.0\Microsoft.WinUI.dll" porque AutoUnify es 'true'.
             La ruta de acceso del archivo resuelta es "C:\Program Files\dotnet\packs\Microsoft.NETCore.App.Ref\8.0.19\ref\net8.0\System.Collections.Concurrent.dll".
             Se encontró una referencia en la ubicación de ruta de acceso de búsqueda "{RawFileName}".
             Esta referencia no es "CopyLocal" porque existe al menos un elemento de origen con "Private" establecido en "false" y ningún elemento de origen con "Private" establecido en "true".
         Referencia principal "System.Collections.Immutable, Version=8.0.0.0, Culture=neutral, PublicKeyToken=b03f5f7f11d50a3a".
             La ruta de acceso del archivo resuelta es "C:\Program Files\dotnet\packs\Microsoft.NETCore.App.Ref\8.0.19\ref\net8.0\System.Collections.Immutable.dll".
             Se encontró una referencia en la ubicación de ruta de acceso de búsqueda "{RawFileName}".
             Esta referencia no es "CopyLocal" porque existe al menos un elemento de origen con "Private" establecido en "false" y ningún elemento de origen con "Private" establecido en "true".
         Referencia principal "System.Collections.NonGeneric, Version=8.0.0.0, Culture=neutral, PublicKeyToken=b03f5f7f11d50a3a".
             La ruta de acceso del archivo resuelta es "C:\Program Files\dotnet\packs\Microsoft.NETCore.App.Ref\8.0.19\ref\net8.0\System.Collections.NonGeneric.dll".
             Se encontró una referencia en la ubicación de ruta de acceso de búsqueda "{RawFileName}".
             Esta referencia no es "CopyLocal" porque existe al menos un elemento de origen con "Private" establecido en "false" y ningún elemento de origen con "Private" establecido en "true".
         Referencia principal "System.Collections.Specialized, Version=8.0.0.0, Culture=neutral, PublicKeyToken=b03f5f7f11d50a3a".
             La ruta de acceso del archivo resuelta es "C:\Program Files\dotnet\packs\Microsoft.NETCore.App.Ref\8.0.19\ref\net8.0\System.Collections.Specialized.dll".
             Se encontró una referencia en la ubicación de ruta de acceso de búsqueda "{RawFileName}".
             Esta referencia no es "CopyLocal" porque existe al menos un elemento de origen con "Private" establecido en "false" y ningún elemento de origen con "Private" establecido en "true".
         Referencia principal unificada "System.Collections, Version=8.0.0.0, Culture=neutral, PublicKeyToken=b03f5f7f11d50a3a".
             Se usará esta versión en lugar de la versión original "6.0.0.0" en "C:\Users\Sergio\.nuget\packages\microsoft.windowsappsdk.interactiveexperiences\1.8.260125001\lib\net6.0-windows10.0.18362.0\Microsoft.InteractiveExperiences.Projection.dll" porque AutoUnify es 'true'.
             Se usará esta versión en lugar de la versión original "6.0.0.0" en "C:\Users\Sergio\.nuget\packages\microsoft.windowsappsdk.winui\1.8.260204000\lib\net6.0-windows10.0.17763.0\Microsoft.WinUI.dll" porque AutoUnify es 'true'.
             La ruta de acceso del archivo resuelta es "C:\Program Files\dotnet\packs\Microsoft.NETCore.App.Ref\8.0.19\ref\net8.0\System.Collections.dll".
             Se encontró una referencia en la ubicación de ruta de acceso de búsqueda "{RawFileName}".
             Esta referencia no es "CopyLocal" porque existe al menos un elemento de origen con "Private" establecido en "false" y ningún elemento de origen con "Private" establecido en "true".
         Referencia principal "System.ComponentModel.Annotations, Version=8.0.0.0, Culture=neutral, PublicKeyToken=b03f5f7f11d50a3a".
             La ruta de acceso del archivo resuelta es "C:\Program Files\dotnet\packs\Microsoft.NETCore.App.Ref\8.0.19\ref\net8.0\System.ComponentModel.Annotations.dll".
             Se encontró una referencia en la ubicación de ruta de acceso de búsqueda "{RawFileName}".
             Esta referencia no es "CopyLocal" porque existe al menos un elemento de origen con "Private" establecido en "false" y ningún elemento de origen con "Private" establecido en "true".
         Referencia principal "System.ComponentModel.DataAnnotations, Version=4.0.0.0, Culture=neutral, PublicKeyToken=31bf3856ad364e35".
             La ruta de acceso del archivo resuelta es "C:\Program Files\dotnet\packs\Microsoft.NETCore.App.Ref\8.0.19\ref\net8.0\System.ComponentModel.DataAnnotations.dll".
             Se encontró una referencia en la ubicación de ruta de acceso de búsqueda "{RawFileName}".
             Esta referencia no es "CopyLocal" porque existe al menos un elemento de origen con "Private" establecido en "false" y ningún elemento de origen con "Private" establecido en "true".
         Referencia principal "System.ComponentModel.EventBasedAsync, Version=8.0.0.0, Culture=neutral, PublicKeyToken=b03f5f7f11d50a3a".
             La ruta de acceso del archivo resuelta es "C:\Program Files\dotnet\packs\Microsoft.NETCore.App.Ref\8.0.19\ref\net8.0\System.ComponentModel.EventBasedAsync.dll".
             Se encontró una referencia en la ubicación de ruta de acceso de búsqueda "{RawFileName}".
             Esta referencia no es "CopyLocal" porque existe al menos un elemento de origen con "Private" establecido en "false" y ningún elemento de origen con "Private" establecido en "true".
         Referencia principal "System.ComponentModel.Primitives, Version=8.0.0.0, Culture=neutral, PublicKeyToken=b03f5f7f11d50a3a".
             La ruta de acceso del archivo resuelta es "C:\Program Files\dotnet\packs\Microsoft.NETCore.App.Ref\8.0.19\ref\net8.0\System.ComponentModel.Primitives.dll".
             Se encontró una referencia en la ubicación de ruta de acceso de búsqueda "{RawFileName}".
             Esta referencia no es "CopyLocal" porque existe al menos un elemento de origen con "Private" establecido en "false" y ningún elemento de origen con "Private" establecido en "true".
         Referencia principal "System.ComponentModel.TypeConverter, Version=8.0.0.0, Culture=neutral, PublicKeyToken=b03f5f7f11d50a3a".
             La ruta de acceso del archivo resuelta es "C:\Program Files\dotnet\packs\Microsoft.NETCore.App.Ref\8.0.19\ref\net8.0\System.ComponentModel.TypeConverter.dll".
             Se encontró una referencia en la ubicación de ruta de acceso de búsqueda "{RawFileName}".
             Esta referencia no es "CopyLocal" porque existe al menos un elemento de origen con "Private" establecido en "false" y ningún elemento de origen con "Private" establecido en "true".
         Referencia principal "System.ComponentModel, Version=8.0.0.0, Culture=neutral, PublicKeyToken=b03f5f7f11d50a3a".
             La ruta de acceso del archivo resuelta es "C:\Program Files\dotnet\packs\Microsoft.NETCore.App.Ref\8.0.19\ref\net8.0\System.ComponentModel.dll".
             Se encontró una referencia en la ubicación de ruta de acceso de búsqueda "{RawFileName}".
             Esta referencia no es "CopyLocal" porque existe al menos un elemento de origen con "Private" establecido en "false" y ningún elemento de origen con "Private" establecido en "true".
         Referencia principal "System.Configuration, Version=4.0.0.0, Culture=neutral, PublicKeyToken=b03f5f7f11d50a3a".
             La ruta de acceso del archivo resuelta es "C:\Program Files\dotnet\packs\Microsoft.NETCore.App.Ref\8.0.19\ref\net8.0\System.Configuration.dll".
             Se encontró una referencia en la ubicación de ruta de acceso de búsqueda "{RawFileName}".
             Esta referencia no es "CopyLocal" porque existe al menos un elemento de origen con "Private" establecido en "false" y ningún elemento de origen con "Private" establecido en "true".
         Referencia principal "System.Console, Version=8.0.0.0, Culture=neutral, PublicKeyToken=b03f5f7f11d50a3a".
             La ruta de acceso del archivo resuelta es "C:\Program Files\dotnet\packs\Microsoft.NETCore.App.Ref\8.0.19\ref\net8.0\System.Console.dll".
             Se encontró una referencia en la ubicación de ruta de acceso de búsqueda "{RawFileName}".
             Esta referencia no es "CopyLocal" porque existe al menos un elemento de origen con "Private" establecido en "false" y ningún elemento de origen con "Private" establecido en "true".
         Referencia principal "System.Core, Version=4.0.0.0, Culture=neutral, PublicKeyToken=b77a5c561934e089".
             La ruta de acceso del archivo resuelta es "C:\Program Files\dotnet\packs\Microsoft.NETCore.App.Ref\8.0.19\ref\net8.0\System.Core.dll".
             Se encontró una referencia en la ubicación de ruta de acceso de búsqueda "{RawFileName}".
             Esta referencia no es "CopyLocal" porque existe al menos un elemento de origen con "Private" establecido en "false" y ningún elemento de origen con "Private" establecido en "true".
         Referencia principal "System.Data.Common, Version=8.0.0.0, Culture=neutral, PublicKeyToken=b03f5f7f11d50a3a".
             La ruta de acceso del archivo resuelta es "C:\Program Files\dotnet\packs\Microsoft.NETCore.App.Ref\8.0.19\ref\net8.0\System.Data.Common.dll".
             Se encontró una referencia en la ubicación de ruta de acceso de búsqueda "{RawFileName}".
             Esta referencia no es "CopyLocal" porque existe al menos un elemento de origen con "Private" establecido en "false" y ningún elemento de origen con "Private" establecido en "true".
         Referencia principal "System.Data.DataSetExtensions, Version=8.0.0.0, Culture=neutral, PublicKeyToken=b77a5c561934e089".
             La ruta de acceso del archivo resuelta es "C:\Program Files\dotnet\packs\Microsoft.NETCore.App.Ref\8.0.19\ref\net8.0\System.Data.DataSetExtensions.dll".
             Se encontró una referencia en la ubicación de ruta de acceso de búsqueda "{RawFileName}".
             Esta referencia no es "CopyLocal" porque existe al menos un elemento de origen con "Private" establecido en "false" y ningún elemento de origen con "Private" establecido en "true".
         Referencia principal "System.Data, Version=4.0.0.0, Culture=neutral, PublicKeyToken=b77a5c561934e089".
             La ruta de acceso del archivo resuelta es "C:\Program Files\dotnet\packs\Microsoft.NETCore.App.Ref\8.0.19\ref\net8.0\System.Data.dll".
             Se encontró una referencia en la ubicación de ruta de acceso de búsqueda "{RawFileName}".
             Esta referencia no es "CopyLocal" porque existe al menos un elemento de origen con "Private" establecido en "false" y ningún elemento de origen con "Private" establecido en "true".
         Referencia principal "System.Diagnostics.Contracts, Version=8.0.0.0, Culture=neutral, PublicKeyToken=b03f5f7f11d50a3a".
             La ruta de acceso del archivo resuelta es "C:\Program Files\dotnet\packs\Microsoft.NETCore.App.Ref\8.0.19\ref\net8.0\System.Diagnostics.Contracts.dll".
             Se encontró una referencia en la ubicación de ruta de acceso de búsqueda "{RawFileName}".
             Esta referencia no es "CopyLocal" porque existe al menos un elemento de origen con "Private" establecido en "false" y ningún elemento de origen con "Private" establecido en "true".
         Referencia principal "System.Diagnostics.Debug, Version=8.0.0.0, Culture=neutral, PublicKeyToken=b03f5f7f11d50a3a".
             La ruta de acceso del archivo resuelta es "C:\Program Files\dotnet\packs\Microsoft.NETCore.App.Ref\8.0.19\ref\net8.0\System.Diagnostics.Debug.dll".
             Se encontró una referencia en la ubicación de ruta de acceso de búsqueda "{RawFileName}".
             Esta referencia no es "CopyLocal" porque existe al menos un elemento de origen con "Private" establecido en "false" y ningún elemento de origen con "Private" establecido en "true".
         Referencia principal "System.Diagnostics.DiagnosticSource, Version=8.0.0.0, Culture=neutral, PublicKeyToken=cc7b13ffcd2ddd51".
             La ruta de acceso del archivo resuelta es "C:\Program Files\dotnet\packs\Microsoft.NETCore.App.Ref\8.0.19\ref\net8.0\System.Diagnostics.DiagnosticSource.dll".
             Se encontró una referencia en la ubicación de ruta de acceso de búsqueda "{RawFileName}".
             Esta referencia no es "CopyLocal" porque existe al menos un elemento de origen con "Private" establecido en "false" y ningún elemento de origen con "Private" establecido en "true".
         Referencia principal "System.Diagnostics.FileVersionInfo, Version=8.0.0.0, Culture=neutral, PublicKeyToken=b03f5f7f11d50a3a".
             La ruta de acceso del archivo resuelta es "C:\Program Files\dotnet\packs\Microsoft.NETCore.App.Ref\8.0.19\ref\net8.0\System.Diagnostics.FileVersionInfo.dll".
             Se encontró una referencia en la ubicación de ruta de acceso de búsqueda "{RawFileName}".
             Esta referencia no es "CopyLocal" porque existe al menos un elemento de origen con "Private" establecido en "false" y ningún elemento de origen con "Private" establecido en "true".
         Referencia principal "System.Diagnostics.Process, Version=8.0.0.0, Culture=neutral, PublicKeyToken=b03f5f7f11d50a3a".
             La ruta de acceso del archivo resuelta es "C:\Program Files\dotnet\packs\Microsoft.NETCore.App.Ref\8.0.19\ref\net8.0\System.Diagnostics.Process.dll".
             Se encontró una referencia en la ubicación de ruta de acceso de búsqueda "{RawFileName}".
             Esta referencia no es "CopyLocal" porque existe al menos un elemento de origen con "Private" establecido en "false" y ningún elemento de origen con "Private" establecido en "true".
         Referencia principal "System.Diagnostics.StackTrace, Version=8.0.0.0, Culture=neutral, PublicKeyToken=b03f5f7f11d50a3a".
             La ruta de acceso del archivo resuelta es "C:\Program Files\dotnet\packs\Microsoft.NETCore.App.Ref\8.0.19\ref\net8.0\System.Diagnostics.StackTrace.dll".
             Se encontró una referencia en la ubicación de ruta de acceso de búsqueda "{RawFileName}".
             Esta referencia no es "CopyLocal" porque existe al menos un elemento de origen con "Private" establecido en "false" y ningún elemento de origen con "Private" establecido en "true".
         Referencia principal "System.Diagnostics.TextWriterTraceListener, Version=8.0.0.0, Culture=neutral, PublicKeyToken=b03f5f7f11d50a3a".
             La ruta de acceso del archivo resuelta es "C:\Program Files\dotnet\packs\Microsoft.NETCore.App.Ref\8.0.19\ref\net8.0\System.Diagnostics.TextWriterTraceListener.dll".
             Se encontró una referencia en la ubicación de ruta de acceso de búsqueda "{RawFileName}".
             Esta referencia no es "CopyLocal" porque existe al menos un elemento de origen con "Private" establecido en "false" y ningún elemento de origen con "Private" establecido en "true".
         Referencia principal "System.Diagnostics.Tools, Version=8.0.0.0, Culture=neutral, PublicKeyToken=b03f5f7f11d50a3a".
             La ruta de acceso del archivo resuelta es "C:\Program Files\dotnet\packs\Microsoft.NETCore.App.Ref\8.0.19\ref\net8.0\System.Diagnostics.Tools.dll".
             Se encontró una referencia en la ubicación de ruta de acceso de búsqueda "{RawFileName}".
             Esta referencia no es "CopyLocal" porque existe al menos un elemento de origen con "Private" establecido en "false" y ningún elemento de origen con "Private" establecido en "true".
         Referencia principal "System.Diagnostics.TraceSource, Version=8.0.0.0, Culture=neutral, PublicKeyToken=b03f5f7f11d50a3a".
             La ruta de acceso del archivo resuelta es "C:\Program Files\dotnet\packs\Microsoft.NETCore.App.Ref\8.0.19\ref\net8.0\System.Diagnostics.TraceSource.dll".
             Se encontró una referencia en la ubicación de ruta de acceso de búsqueda "{RawFileName}".
             Esta referencia no es "CopyLocal" porque existe al menos un elemento de origen con "Private" establecido en "false" y ningún elemento de origen con "Private" establecido en "true".
         Referencia principal "System.Diagnostics.Tracing, Version=8.0.0.0, Culture=neutral, PublicKeyToken=b03f5f7f11d50a3a".
             La ruta de acceso del archivo resuelta es "C:\Program Files\dotnet\packs\Microsoft.NETCore.App.Ref\8.0.19\ref\net8.0\System.Diagnostics.Tracing.dll".
             Se encontró una referencia en la ubicación de ruta de acceso de búsqueda "{RawFileName}".
             Esta referencia no es "CopyLocal" porque existe al menos un elemento de origen con "Private" establecido en "false" y ningún elemento de origen con "Private" establecido en "true".
         Referencia principal "System.Drawing.Primitives, Version=8.0.0.0, Culture=neutral, PublicKeyToken=b03f5f7f11d50a3a".
             La ruta de acceso del archivo resuelta es "C:\Program Files\dotnet\packs\Microsoft.NETCore.App.Ref\8.0.19\ref\net8.0\System.Drawing.Primitives.dll".
             Se encontró una referencia en la ubicación de ruta de acceso de búsqueda "{RawFileName}".
             Esta referencia no es "CopyLocal" porque existe al menos un elemento de origen con "Private" establecido en "false" y ningún elemento de origen con "Private" establecido en "true".
         Referencia principal "System.Drawing, Version=4.0.0.0, Culture=neutral, PublicKeyToken=b03f5f7f11d50a3a".
             La ruta de acceso del archivo resuelta es "C:\Program Files\dotnet\packs\Microsoft.NETCore.App.Ref\8.0.19\ref\net8.0\System.Drawing.dll".
             Se encontró una referencia en la ubicación de ruta de acceso de búsqueda "{RawFileName}".
             Esta referencia no es "CopyLocal" porque existe al menos un elemento de origen con "Private" establecido en "false" y ningún elemento de origen con "Private" establecido en "true".
         Referencia principal "System.Dynamic.Runtime, Version=8.0.0.0, Culture=neutral, PublicKeyToken=b03f5f7f11d50a3a".
             La ruta de acceso del archivo resuelta es "C:\Program Files\dotnet\packs\Microsoft.NETCore.App.Ref\8.0.19\ref\net8.0\System.Dynamic.Runtime.dll".
             Se encontró una referencia en la ubicación de ruta de acceso de búsqueda "{RawFileName}".
             Esta referencia no es "CopyLocal" porque existe al menos un elemento de origen con "Private" establecido en "false" y ningún elemento de origen con "Private" establecido en "true".
         Referencia principal "System.Formats.Asn1, Version=8.0.0.0, Culture=neutral, PublicKeyToken=cc7b13ffcd2ddd51".
             La ruta de acceso del archivo resuelta es "C:\Program Files\dotnet\packs\Microsoft.NETCore.App.Ref\8.0.19\ref\net8.0\System.Formats.Asn1.dll".
             Se encontró una referencia en la ubicación de ruta de acceso de búsqueda "{RawFileName}".
             Esta referencia no es "CopyLocal" porque existe al menos un elemento de origen con "Private" establecido en "false" y ningún elemento de origen con "Private" establecido en "true".
         Referencia principal "System.Formats.Tar, Version=8.0.0.0, Culture=neutral, PublicKeyToken=cc7b13ffcd2ddd51".
             La ruta de acceso del archivo resuelta es "C:\Program Files\dotnet\packs\Microsoft.NETCore.App.Ref\8.0.19\ref\net8.0\System.Formats.Tar.dll".
             Se encontró una referencia en la ubicación de ruta de acceso de búsqueda "{RawFileName}".
             Esta referencia no es "CopyLocal" porque existe al menos un elemento de origen con "Private" establecido en "false" y ningún elemento de origen con "Private" establecido en "true".
         Referencia principal "System.Globalization.Calendars, Version=8.0.0.0, Culture=neutral, PublicKeyToken=b03f5f7f11d50a3a".
             La ruta de acceso del archivo resuelta es "C:\Program Files\dotnet\packs\Microsoft.NETCore.App.Ref\8.0.19\ref\net8.0\System.Globalization.Calendars.dll".
             Se encontró una referencia en la ubicación de ruta de acceso de búsqueda "{RawFileName}".
             Esta referencia no es "CopyLocal" porque existe al menos un elemento de origen con "Private" establecido en "false" y ningún elemento de origen con "Private" establecido en "true".
         Referencia principal "System.Globalization.Extensions, Version=8.0.0.0, Culture=neutral, PublicKeyToken=b03f5f7f11d50a3a".
             La ruta de acceso del archivo resuelta es "C:\Program Files\dotnet\packs\Microsoft.NETCore.App.Ref\8.0.19\ref\net8.0\System.Globalization.Extensions.dll".
             Se encontró una referencia en la ubicación de ruta de acceso de búsqueda "{RawFileName}".
             Esta referencia no es "CopyLocal" porque existe al menos un elemento de origen con "Private" establecido en "false" y ningún elemento de origen con "Private" establecido en "true".
         Referencia principal "System.Globalization, Version=8.0.0.0, Culture=neutral, PublicKeyToken=b03f5f7f11d50a3a".
             La ruta de acceso del archivo resuelta es "C:\Program Files\dotnet\packs\Microsoft.NETCore.App.Ref\8.0.19\ref\net8.0\System.Globalization.dll".
             Se encontró una referencia en la ubicación de ruta de acceso de búsqueda "{RawFileName}".
             Esta referencia no es "CopyLocal" porque existe al menos un elemento de origen con "Private" establecido en "false" y ningún elemento de origen con "Private" establecido en "true".
         Referencia principal "System.IO.Compression.Brotli, Version=8.0.0.0, Culture=neutral, PublicKeyToken=b77a5c561934e089".
             La ruta de acceso del archivo resuelta es "C:\Program Files\dotnet\packs\Microsoft.NETCore.App.Ref\8.0.19\ref\net8.0\System.IO.Compression.Brotli.dll".
             Se encontró una referencia en la ubicación de ruta de acceso de búsqueda "{RawFileName}".
             Esta referencia no es "CopyLocal" porque existe al menos un elemento de origen con "Private" establecido en "false" y ningún elemento de origen con "Private" establecido en "true".
         Referencia principal "System.IO.Compression.FileSystem, Version=4.0.0.0, Culture=neutral, PublicKeyToken=b77a5c561934e089".
             La ruta de acceso del archivo resuelta es "C:\Program Files\dotnet\packs\Microsoft.NETCore.App.Ref\8.0.19\ref\net8.0\System.IO.Compression.FileSystem.dll".
             Se encontró una referencia en la ubicación de ruta de acceso de búsqueda "{RawFileName}".
             Esta referencia no es "CopyLocal" porque existe al menos un elemento de origen con "Private" establecido en "false" y ningún elemento de origen con "Private" establecido en "true".
         Referencia principal "System.IO.Compression.ZipFile, Version=8.0.0.0, Culture=neutral, PublicKeyToken=b77a5c561934e089".
             La ruta de acceso del archivo resuelta es "C:\Program Files\dotnet\packs\Microsoft.NETCore.App.Ref\8.0.19\ref\net8.0\System.IO.Compression.ZipFile.dll".
             Se encontró una referencia en la ubicación de ruta de acceso de búsqueda "{RawFileName}".
             Esta referencia no es "CopyLocal" porque existe al menos un elemento de origen con "Private" establecido en "false" y ningún elemento de origen con "Private" establecido en "true".
         Referencia principal "System.IO.Compression, Version=8.0.0.0, Culture=neutral, PublicKeyToken=b77a5c561934e089".
             La ruta de acceso del archivo resuelta es "C:\Program Files\dotnet\packs\Microsoft.NETCore.App.Ref\8.0.19\ref\net8.0\System.IO.Compression.dll".
             Se encontró una referencia en la ubicación de ruta de acceso de búsqueda "{RawFileName}".
             Esta referencia no es "CopyLocal" porque existe al menos un elemento de origen con "Private" establecido en "false" y ningún elemento de origen con "Private" establecido en "true".
         Referencia principal "System.IO.FileSystem.AccessControl, Version=8.0.0.0, Culture=neutral, PublicKeyToken=b03f5f7f11d50a3a".
             La ruta de acceso del archivo resuelta es "C:\Program Files\dotnet\packs\Microsoft.NETCore.App.Ref\8.0.19\ref\net8.0\System.IO.FileSystem.AccessControl.dll".
             Se encontró una referencia en la ubicación de ruta de acceso de búsqueda "{RawFileName}".
             Esta referencia no es "CopyLocal" porque existe al menos un elemento de origen con "Private" establecido en "false" y ningún elemento de origen con "Private" establecido en "true".
         Referencia principal "System.IO.FileSystem.DriveInfo, Version=8.0.0.0, Culture=neutral, PublicKeyToken=b03f5f7f11d50a3a".
             La ruta de acceso del archivo resuelta es "C:\Program Files\dotnet\packs\Microsoft.NETCore.App.Ref\8.0.19\ref\net8.0\System.IO.FileSystem.DriveInfo.dll".
             Se encontró una referencia en la ubicación de ruta de acceso de búsqueda "{RawFileName}".
             Esta referencia no es "CopyLocal" porque existe al menos un elemento de origen con "Private" establecido en "false" y ningún elemento de origen con "Private" establecido en "true".
         Referencia principal "System.IO.FileSystem.Primitives, Version=8.0.0.0, Culture=neutral, PublicKeyToken=b03f5f7f11d50a3a".
             La ruta de acceso del archivo resuelta es "C:\Program Files\dotnet\packs\Microsoft.NETCore.App.Ref\8.0.19\ref\net8.0\System.IO.FileSystem.Primitives.dll".
             Se encontró una referencia en la ubicación de ruta de acceso de búsqueda "{RawFileName}".
             Esta referencia no es "CopyLocal" porque existe al menos un elemento de origen con "Private" establecido en "false" y ningún elemento de origen con "Private" establecido en "true".
         Referencia principal "System.IO.FileSystem.Watcher, Version=8.0.0.0, Culture=neutral, PublicKeyToken=b03f5f7f11d50a3a".
             La ruta de acceso del archivo resuelta es "C:\Program Files\dotnet\packs\Microsoft.NETCore.App.Ref\8.0.19\ref\net8.0\System.IO.FileSystem.Watcher.dll".
             Se encontró una referencia en la ubicación de ruta de acceso de búsqueda "{RawFileName}".
             Esta referencia no es "CopyLocal" porque existe al menos un elemento de origen con "Private" establecido en "false" y ningún elemento de origen con "Private" establecido en "true".
         Referencia principal "System.IO.FileSystem, Version=8.0.0.0, Culture=neutral, PublicKeyToken=b03f5f7f11d50a3a".
             La ruta de acceso del archivo resuelta es "C:\Program Files\dotnet\packs\Microsoft.NETCore.App.Ref\8.0.19\ref\net8.0\System.IO.FileSystem.dll".
             Se encontró una referencia en la ubicación de ruta de acceso de búsqueda "{RawFileName}".
             Esta referencia no es "CopyLocal" porque existe al menos un elemento de origen con "Private" establecido en "false" y ningún elemento de origen con "Private" establecido en "true".
         Referencia principal "System.IO.IsolatedStorage, Version=8.0.0.0, Culture=neutral, PublicKeyToken=b03f5f7f11d50a3a".
             La ruta de acceso del archivo resuelta es "C:\Program Files\dotnet\packs\Microsoft.NETCore.App.Ref\8.0.19\ref\net8.0\System.IO.IsolatedStorage.dll".
             Se encontró una referencia en la ubicación de ruta de acceso de búsqueda "{RawFileName}".
             Esta referencia no es "CopyLocal" porque existe al menos un elemento de origen con "Private" establecido en "false" y ningún elemento de origen con "Private" establecido en "true".
         Referencia principal "System.IO.MemoryMappedFiles, Version=8.0.0.0, Culture=neutral, PublicKeyToken=b03f5f7f11d50a3a".
             La ruta de acceso del archivo resuelta es "C:\Program Files\dotnet\packs\Microsoft.NETCore.App.Ref\8.0.19\ref\net8.0\System.IO.MemoryMappedFiles.dll".
             Se encontró una referencia en la ubicación de ruta de acceso de búsqueda "{RawFileName}".
             Esta referencia no es "CopyLocal" porque existe al menos un elemento de origen con "Private" establecido en "false" y ningún elemento de origen con "Private" establecido en "true".
         Referencia principal "System.IO.Pipes.AccessControl, Version=8.0.0.0, Culture=neutral, PublicKeyToken=b03f5f7f11d50a3a".
             La ruta de acceso del archivo resuelta es "C:\Program Files\dotnet\packs\Microsoft.NETCore.App.Ref\8.0.19\ref\net8.0\System.IO.Pipes.AccessControl.dll".
             Se encontró una referencia en la ubicación de ruta de acceso de búsqueda "{RawFileName}".
             Esta referencia no es "CopyLocal" porque existe al menos un elemento de origen con "Private" establecido en "false" y ningún elemento de origen con "Private" establecido en "true".
         Referencia principal "System.IO.Pipes, Version=8.0.0.0, Culture=neutral, PublicKeyToken=b03f5f7f11d50a3a".
             La ruta de acceso del archivo resuelta es "C:\Program Files\dotnet\packs\Microsoft.NETCore.App.Ref\8.0.19\ref\net8.0\System.IO.Pipes.dll".
             Se encontró una referencia en la ubicación de ruta de acceso de búsqueda "{RawFileName}".
             Esta referencia no es "CopyLocal" porque existe al menos un elemento de origen con "Private" establecido en "false" y ningún elemento de origen con "Private" establecido en "true".
         Referencia principal "System.IO.UnmanagedMemoryStream, Version=8.0.0.0, Culture=neutral, PublicKeyToken=b03f5f7f11d50a3a".
             La ruta de acceso del archivo resuelta es "C:\Program Files\dotnet\packs\Microsoft.NETCore.App.Ref\8.0.19\ref\net8.0\System.IO.UnmanagedMemoryStream.dll".
             Se encontró una referencia en la ubicación de ruta de acceso de búsqueda "{RawFileName}".
             Esta referencia no es "CopyLocal" porque existe al menos un elemento de origen con "Private" establecido en "false" y ningún elemento de origen con "Private" establecido en "true".
         Referencia principal "System.IO, Version=8.0.0.0, Culture=neutral, PublicKeyToken=b03f5f7f11d50a3a".
             La ruta de acceso del archivo resuelta es "C:\Program Files\dotnet\packs\Microsoft.NETCore.App.Ref\8.0.19\ref\net8.0\System.IO.dll".
             Se encontró una referencia en la ubicación de ruta de acceso de búsqueda "{RawFileName}".
             Esta referencia no es "CopyLocal" porque existe al menos un elemento de origen con "Private" establecido en "false" y ningún elemento de origen con "Private" establecido en "true".
         Referencia principal "System.Linq.Expressions, Version=8.0.0.0, Culture=neutral, PublicKeyToken=b03f5f7f11d50a3a".
             La ruta de acceso del archivo resuelta es "C:\Program Files\dotnet\packs\Microsoft.NETCore.App.Ref\8.0.19\ref\net8.0\System.Linq.Expressions.dll".
             Se encontró una referencia en la ubicación de ruta de acceso de búsqueda "{RawFileName}".
             Esta referencia no es "CopyLocal" porque existe al menos un elemento de origen con "Private" establecido en "false" y ningún elemento de origen con "Private" establecido en "true".
         Referencia principal "System.Linq.Parallel, Version=8.0.0.0, Culture=neutral, PublicKeyToken=b03f5f7f11d50a3a".
             La ruta de acceso del archivo resuelta es "C:\Program Files\dotnet\packs\Microsoft.NETCore.App.Ref\8.0.19\ref\net8.0\System.Linq.Parallel.dll".
             Se encontró una referencia en la ubicación de ruta de acceso de búsqueda "{RawFileName}".
             Esta referencia no es "CopyLocal" porque existe al menos un elemento de origen con "Private" establecido en "false" y ningún elemento de origen con "Private" establecido en "true".
         Referencia principal "System.Linq.Queryable, Version=8.0.0.0, Culture=neutral, PublicKeyToken=b03f5f7f11d50a3a".
             La ruta de acceso del archivo resuelta es "C:\Program Files\dotnet\packs\Microsoft.NETCore.App.Ref\8.0.19\ref\net8.0\System.Linq.Queryable.dll".
             Se encontró una referencia en la ubicación de ruta de acceso de búsqueda "{RawFileName}".
             Esta referencia no es "CopyLocal" porque existe al menos un elemento de origen con "Private" establecido en "false" y ningún elemento de origen con "Private" establecido en "true".
         Referencia principal "System.Linq, Version=8.0.0.0, Culture=neutral, PublicKeyToken=b03f5f7f11d50a3a".
             La ruta de acceso del archivo resuelta es "C:\Program Files\dotnet\packs\Microsoft.NETCore.App.Ref\8.0.19\ref\net8.0\System.Linq.dll".
             Se encontró una referencia en la ubicación de ruta de acceso de búsqueda "{RawFileName}".
             Esta referencia no es "CopyLocal" porque existe al menos un elemento de origen con "Private" establecido en "false" y ningún elemento de origen con "Private" establecido en "true".
         Referencia principal unificada "System.Memory, Version=8.0.0.0, Culture=neutral, PublicKeyToken=cc7b13ffcd2ddd51".
             Se usará esta versión en lugar de la versión original "6.0.0.0" en "C:\Users\Sergio\.nuget\packages\microsoft.windowsappsdk.ai\1.8.47\lib\net6.0-windows10.0.17763.0\Microsoft.Graphics.Imaging.Projection.dll" porque AutoUnify es 'true'.
             Se usará esta versión en lugar de la versión original "6.0.0.0" en "C:\Users\Sergio\.nuget\packages\microsoft.windowsappsdk.ai\1.8.47\lib\net6.0-windows10.0.17763.0\Microsoft.Windows.AI.ContentSafety.Projection.dll" porque AutoUnify es 'true'.
             Se usará esta versión en lugar de la versión original "6.0.0.0" en "C:\Users\Sergio\.nuget\packages\microsoft.windowsappsdk.ai\1.8.47\lib\net6.0-windows10.0.17763.0\Microsoft.Windows.AI.Foundation.Projection.dll" porque AutoUnify es 'true'.
             Se usará esta versión en lugar de la versión original "6.0.0.0" en "C:\Users\Sergio\.nuget\packages\microsoft.windowsappsdk.ai\1.8.47\lib\net6.0-windows10.0.17763.0\Microsoft.Windows.AI.Imaging.Projection.dll" porque AutoUnify es 'true'.
             Se usará esta versión en lugar de la versión original "6.0.0.0" en "C:\Users\Sergio\.nuget\packages\microsoft.windowsappsdk.ai\1.8.47\lib\net6.0-windows10.0.17763.0\Microsoft.Windows.AI.Projection.dll" porque AutoUnify es 'true'.
             Se usará esta versión en lugar de la versión original "6.0.0.0" en "C:\Users\Sergio\.nuget\packages\microsoft.windowsappsdk.ai\1.8.47\lib\net6.0-windows10.0.17763.0\Microsoft.Windows.AI.Text.Projection.dll" porque AutoUnify es 'true'.
             Se usará esta versión en lugar de la versión original "6.0.0.0" en "C:\Users\Sergio\.nuget\packages\microsoft.windowsappsdk.foundation\1.8.260203002\lib\net6.0-windows10.0.17763.0\Microsoft.Security.Authentication.OAuth.Projection.dll" porque AutoUnify es 'true'.
             Se usará esta versión en lugar de la versión original "6.0.0.0" en "C:\Users\Sergio\.nuget\packages\microsoft.windowsappsdk.foundation\1.8.260203002\lib\net6.0-windows10.0.17763.0\Microsoft.Windows.AppLifecycle.Projection.dll" porque AutoUnify es 'true'.
             Se usará esta versión en lugar de la versión original "6.0.0.0" en "C:\Users\Sergio\.nuget\packages\microsoft.windowsappsdk.foundation\1.8.260203002\lib\net6.0-windows10.0.17763.0\Microsoft.Windows.AppNotifications.Builder.Projection.dll" porque AutoUnify es 'true'.
             Se usará esta versión en lugar de la versión original "6.0.0.0" en "C:\Users\Sergio\.nuget\packages\microsoft.windowsappsdk.foundation\1.8.260203002\lib\net6.0-windows10.0.17763.0\Microsoft.Windows.AppNotifications.Projection.dll" porque AutoUnify es 'true'.
             Se usará esta versión en lugar de la versión original "6.0.0.0" en "C:\Users\Sergio\.nuget\packages\microsoft.windowsappsdk.foundation\1.8.260203002\lib\net6.0-windows10.0.17763.0\Microsoft.Windows.ApplicationModel.Background.Projection.dll" porque AutoUnify es 'true'.
             Se usará esta versión en lugar de la versión original "6.0.0.0" en "C:\Users\Sergio\.nuget\packages\microsoft.windowsappsdk.foundation\1.8.260203002\lib\net6.0-windows10.0.17763.0\Microsoft.Windows.ApplicationModel.DynamicDependency.Projection.dll" porque AutoUnify es 'true'.
             Se usará esta versión en lugar de la versión original "6.0.0.0" en "C:\Users\Sergio\.nuget\packages\microsoft.windowsappsdk.foundation\1.8.260203002\lib\net6.0-windows10.0.17763.0\Microsoft.Windows.ApplicationModel.Resources.Projection.dll" porque AutoUnify es 'true'.
             Se usará esta versión en lugar de la versión original "6.0.0.0" en "C:\Users\Sergio\.nuget\packages\microsoft.windowsappsdk.foundation\1.8.260203002\lib\net6.0-windows10.0.17763.0\Microsoft.Windows.ApplicationModel.WindowsAppRuntime.Projection.dll" porque AutoUnify es 'true'.
             Se usará esta versión en lugar de la versión original "6.0.0.0" en "C:\Users\Sergio\.nuget\packages\microsoft.windowsappsdk.foundation\1.8.260203002\lib\net6.0-windows10.0.17763.0\Microsoft.Windows.BadgeNotifications.Projection.dll" porque AutoUnify es 'true'.
             Se usará esta versión en lugar de la versión original "6.0.0.0" en "C:\Users\Sergio\.nuget\packages\microsoft.windowsappsdk.foundation\1.8.260203002\lib\net6.0-windows10.0.17763.0\Microsoft.Windows.Foundation.Projection.dll" porque AutoUnify es 'true'.
             Se usará esta versión en lugar de la versión original "6.0.0.0" en "C:\Users\Sergio\.nuget\packages\microsoft.windowsappsdk.foundation\1.8.260203002\lib\net6.0-windows10.0.17763.0\Microsoft.Windows.Management.Deployment.Projection.dll" porque AutoUnify es 'true'.
             Se usará esta versión en lugar de la versión original "6.0.0.0" en "C:\Users\Sergio\.nuget\packages\microsoft.windowsappsdk.foundation\1.8.260203002\lib\net6.0-windows10.0.17763.0\Microsoft.Windows.Media.Capture.Projection.dll" porque AutoUnify es 'true'.
             Se usará esta versión en lugar de la versión original "6.0.0.0" en "C:\Users\Sergio\.nuget\packages\microsoft.windowsappsdk.foundation\1.8.260203002\lib\net6.0-windows10.0.17763.0\Microsoft.Windows.PushNotifications.Projection.dll" porque AutoUnify es 'true'.
             Se usará esta versión en lugar de la versión original "6.0.0.0" en "C:\Users\Sergio\.nuget\packages\microsoft.windowsappsdk.foundation\1.8.260203002\lib\net6.0-windows10.0.17763.0\Microsoft.Windows.Security.AccessControl.Projection.dll" porque AutoUnify es 'true'.
             Se usará esta versión en lugar de la versión original "6.0.0.0" en "C:\Users\Sergio\.nuget\packages\microsoft.windowsappsdk.foundation\1.8.260203002\lib\net6.0-windows10.0.17763.0\Microsoft.Windows.Storage.Pickers.Projection.dll" porque AutoUnify es 'true'.
             Se usará esta versión en lugar de la versión original "6.0.0.0" en "C:\Users\Sergio\.nuget\packages\microsoft.windowsappsdk.foundation\1.8.260203002\lib\net6.0-windows10.0.17763.0\Microsoft.Windows.Storage.Projection.dll" porque AutoUnify es 'true'.
             Se usará esta versión en lugar de la versión original "6.0.0.0" en "C:\Users\Sergio\.nuget\packages\microsoft.windowsappsdk.foundation\1.8.260203002\lib\net6.0-windows10.0.17763.0\Microsoft.Windows.System.Power.Projection.dll" porque AutoUnify es 'true'.
             Se usará esta versión en lugar de la versión original "6.0.0.0" en "C:\Users\Sergio\.nuget\packages\microsoft.windowsappsdk.foundation\1.8.260203002\lib\net6.0-windows10.0.17763.0\Microsoft.Windows.System.Projection.dll" porque AutoUnify es 'true'.
             Se usará esta versión en lugar de la versión original "6.0.0.0" en "C:\Users\Sergio\.nuget\packages\microsoft.windowsappsdk.interactiveexperiences\1.8.260125001\lib\net6.0-windows10.0.18362.0\Microsoft.InteractiveExperiences.Projection.dll" porque AutoUnify es 'true'.
             Se usará esta versión en lugar de la versión original "6.0.0.0" en "C:\Users\Sergio\.nuget\packages\microsoft.windowsappsdk.ml\1.8.2124\lib\net8.0-windows10.0.17763.0\Microsoft.Windows.AI.MachineLearning.Projection.dll" porque AutoUnify es 'true'.
             Se usará esta versión en lugar de la versión original "6.0.0.0" en "C:\Users\Sergio\.nuget\packages\microsoft.windowsappsdk.widgets\1.8.251231004\lib\net6.0-windows10.0.17763.0\Microsoft.Windows.Widgets.Projection.dll" porque AutoUnify es 'true'.
             Se usará esta versión en lugar de la versión original "6.0.0.0" en "C:\Users\Sergio\.nuget\packages\microsoft.windowsappsdk.winui\1.8.260204000\lib\net6.0-windows10.0.17763.0\Microsoft.WinUI.dll" porque AutoUnify es 'true'.
             La ruta de acceso del archivo resuelta es "C:\Program Files\dotnet\packs\Microsoft.NETCore.App.Ref\8.0.19\ref\net8.0\System.Memory.dll".
             Se encontró una referencia en la ubicación de ruta de acceso de búsqueda "{RawFileName}".
             Esta referencia no es "CopyLocal" porque existe al menos un elemento de origen con "Private" establecido en "false" y ningún elemento de origen con "Private" establecido en "true".
         Referencia principal "System.Net.Http.Json, Version=8.0.0.0, Culture=neutral, PublicKeyToken=cc7b13ffcd2ddd51".
             La ruta de acceso del archivo resuelta es "C:\Program Files\dotnet\packs\Microsoft.NETCore.App.Ref\8.0.19\ref\net8.0\System.Net.Http.Json.dll".
             Se encontró una referencia en la ubicación de ruta de acceso de búsqueda "{RawFileName}".
             Esta referencia no es "CopyLocal" porque existe al menos un elemento de origen con "Private" establecido en "false" y ningún elemento de origen con "Private" establecido en "true".
         Referencia principal "System.Net.Http, Version=8.0.0.0, Culture=neutral, PublicKeyToken=b03f5f7f11d50a3a".
             La ruta de acceso del archivo resuelta es "C:\Program Files\dotnet\packs\Microsoft.NETCore.App.Ref\8.0.19\ref\net8.0\System.Net.Http.dll".
             Se encontró una referencia en la ubicación de ruta de acceso de búsqueda "{RawFileName}".
             Esta referencia no es "CopyLocal" porque existe al menos un elemento de origen con "Private" establecido en "false" y ningún elemento de origen con "Private" establecido en "true".
         Referencia principal "System.Net.HttpListener, Version=8.0.0.0, Culture=neutral, PublicKeyToken=cc7b13ffcd2ddd51".
             La ruta de acceso del archivo resuelta es "C:\Program Files\dotnet\packs\Microsoft.NETCore.App.Ref\8.0.19\ref\net8.0\System.Net.HttpListener.dll".
             Se encontró una referencia en la ubicación de ruta de acceso de búsqueda "{RawFileName}".
             Esta referencia no es "CopyLocal" porque existe al menos un elemento de origen con "Private" establecido en "false" y ningún elemento de origen con "Private" establecido en "true".
         Referencia principal "System.Net.Mail, Version=8.0.0.0, Culture=neutral, PublicKeyToken=cc7b13ffcd2ddd51".
             La ruta de acceso del archivo resuelta es "C:\Program Files\dotnet\packs\Microsoft.NETCore.App.Ref\8.0.19\ref\net8.0\System.Net.Mail.dll".
             Se encontró una referencia en la ubicación de ruta de acceso de búsqueda "{RawFileName}".
             Esta referencia no es "CopyLocal" porque existe al menos un elemento de origen con "Private" establecido en "false" y ningún elemento de origen con "Private" establecido en "true".
         Referencia principal "System.Net.NameResolution, Version=8.0.0.0, Culture=neutral, PublicKeyToken=b03f5f7f11d50a3a".
             La ruta de acceso del archivo resuelta es "C:\Program Files\dotnet\packs\Microsoft.NETCore.App.Ref\8.0.19\ref\net8.0\System.Net.NameResolution.dll".
             Se encontró una referencia en la ubicación de ruta de acceso de búsqueda "{RawFileName}".
             Esta referencia no es "CopyLocal" porque existe al menos un elemento de origen con "Private" establecido en "false" y ningún elemento de origen con "Private" establecido en "true".
         Referencia principal "System.Net.NetworkInformation, Version=8.0.0.0, Culture=neutral, PublicKeyToken=b03f5f7f11d50a3a".
             La ruta de acceso del archivo resuelta es "C:\Program Files\dotnet\packs\Microsoft.NETCore.App.Ref\8.0.19\ref\net8.0\System.Net.NetworkInformation.dll".
             Se encontró una referencia en la ubicación de ruta de acceso de búsqueda "{RawFileName}".
             Esta referencia no es "CopyLocal" porque existe al menos un elemento de origen con "Private" establecido en "false" y ningún elemento de origen con "Private" establecido en "true".
         Referencia principal "System.Net.Ping, Version=8.0.0.0, Culture=neutral, PublicKeyToken=b03f5f7f11d50a3a".
             La ruta de acceso del archivo resuelta es "C:\Program Files\dotnet\packs\Microsoft.NETCore.App.Ref\8.0.19\ref\net8.0\System.Net.Ping.dll".
             Se encontró una referencia en la ubicación de ruta de acceso de búsqueda "{RawFileName}".
             Esta referencia no es "CopyLocal" porque existe al menos un elemento de origen con "Private" establecido en "false" y ningún elemento de origen con "Private" establecido en "true".
         Referencia principal "System.Net.Primitives, Version=8.0.0.0, Culture=neutral, PublicKeyToken=b03f5f7f11d50a3a".
             La ruta de acceso del archivo resuelta es "C:\Program Files\dotnet\packs\Microsoft.NETCore.App.Ref\8.0.19\ref\net8.0\System.Net.Primitives.dll".
             Se encontró una referencia en la ubicación de ruta de acceso de búsqueda "{RawFileName}".
             Esta referencia no es "CopyLocal" porque existe al menos un elemento de origen con "Private" establecido en "false" y ningún elemento de origen con "Private" establecido en "true".
         Referencia principal "System.Net.Quic, Version=8.0.0.0, Culture=neutral, PublicKeyToken=b03f5f7f11d50a3a".
             La ruta de acceso del archivo resuelta es "C:\Program Files\dotnet\packs\Microsoft.NETCore.App.Ref\8.0.19\ref\net8.0\System.Net.Quic.dll".
             Se encontró una referencia en la ubicación de ruta de acceso de búsqueda "{RawFileName}".
             Esta referencia no es "CopyLocal" porque existe al menos un elemento de origen con "Private" establecido en "false" y ningún elemento de origen con "Private" establecido en "true".
         Referencia principal "System.Net.Requests, Version=8.0.0.0, Culture=neutral, PublicKeyToken=b03f5f7f11d50a3a".
             La ruta de acceso del archivo resuelta es "C:\Program Files\dotnet\packs\Microsoft.NETCore.App.Ref\8.0.19\ref\net8.0\System.Net.Requests.dll".
             Se encontró una referencia en la ubicación de ruta de acceso de búsqueda "{RawFileName}".
             Esta referencia no es "CopyLocal" porque existe al menos un elemento de origen con "Private" establecido en "false" y ningún elemento de origen con "Private" establecido en "true".
         Referencia principal "System.Net.Security, Version=8.0.0.0, Culture=neutral, PublicKeyToken=b03f5f7f11d50a3a".
             La ruta de acceso del archivo resuelta es "C:\Program Files\dotnet\packs\Microsoft.NETCore.App.Ref\8.0.19\ref\net8.0\System.Net.Security.dll".
             Se encontró una referencia en la ubicación de ruta de acceso de búsqueda "{RawFileName}".
             Esta referencia no es "CopyLocal" porque existe al menos un elemento de origen con "Private" establecido en "false" y ningún elemento de origen con "Private" establecido en "true".
         Referencia principal "System.Net.ServicePoint, Version=8.0.0.0, Culture=neutral, PublicKeyToken=cc7b13ffcd2ddd51".
             La ruta de acceso del archivo resuelta es "C:\Program Files\dotnet\packs\Microsoft.NETCore.App.Ref\8.0.19\ref\net8.0\System.Net.ServicePoint.dll".
             Se encontró una referencia en la ubicación de ruta de acceso de búsqueda "{RawFileName}".
             Esta referencia no es "CopyLocal" porque existe al menos un elemento de origen con "Private" establecido en "false" y ningún elemento de origen con "Private" establecido en "true".
         Referencia principal "System.Net.Sockets, Version=8.0.0.0, Culture=neutral, PublicKeyToken=b03f5f7f11d50a3a".
             La ruta de acceso del archivo resuelta es "C:\Program Files\dotnet\packs\Microsoft.NETCore.App.Ref\8.0.19\ref\net8.0\System.Net.Sockets.dll".
             Se encontró una referencia en la ubicación de ruta de acceso de búsqueda "{RawFileName}".
             Esta referencia no es "CopyLocal" porque existe al menos un elemento de origen con "Private" establecido en "false" y ningún elemento de origen con "Private" establecido en "true".
         Referencia principal "System.Net.WebClient, Version=8.0.0.0, Culture=neutral, PublicKeyToken=cc7b13ffcd2ddd51".
             La ruta de acceso del archivo resuelta es "C:\Program Files\dotnet\packs\Microsoft.NETCore.App.Ref\8.0.19\ref\net8.0\System.Net.WebClient.dll".
             Se encontró una referencia en la ubicación de ruta de acceso de búsqueda "{RawFileName}".
             Esta referencia no es "CopyLocal" porque existe al menos un elemento de origen con "Private" establecido en "false" y ningún elemento de origen con "Private" establecido en "true".
         Referencia principal "System.Net.WebHeaderCollection, Version=8.0.0.0, Culture=neutral, PublicKeyToken=b03f5f7f11d50a3a".
             La ruta de acceso del archivo resuelta es "C:\Program Files\dotnet\packs\Microsoft.NETCore.App.Ref\8.0.19\ref\net8.0\System.Net.WebHeaderCollection.dll".
             Se encontró una referencia en la ubicación de ruta de acceso de búsqueda "{RawFileName}".
             Esta referencia no es "CopyLocal" porque existe al menos un elemento de origen con "Private" establecido en "false" y ningún elemento de origen con "Private" establecido en "true".
         Referencia principal "System.Net.WebProxy, Version=8.0.0.0, Culture=neutral, PublicKeyToken=cc7b13ffcd2ddd51".
             La ruta de acceso del archivo resuelta es "C:\Program Files\dotnet\packs\Microsoft.NETCore.App.Ref\8.0.19\ref\net8.0\System.Net.WebProxy.dll".
             Se encontró una referencia en la ubicación de ruta de acceso de búsqueda "{RawFileName}".
             Esta referencia no es "CopyLocal" porque existe al menos un elemento de origen con "Private" establecido en "false" y ningún elemento de origen con "Private" establecido en "true".
         Referencia principal "System.Net.WebSockets.Client, Version=8.0.0.0, Culture=neutral, PublicKeyToken=b03f5f7f11d50a3a".
             La ruta de acceso del archivo resuelta es "C:\Program Files\dotnet\packs\Microsoft.NETCore.App.Ref\8.0.19\ref\net8.0\System.Net.WebSockets.Client.dll".
             Se encontró una referencia en la ubicación de ruta de acceso de búsqueda "{RawFileName}".
             Esta referencia no es "CopyLocal" porque existe al menos un elemento de origen con "Private" establecido en "false" y ningún elemento de origen con "Private" establecido en "true".
         Referencia principal "System.Net.WebSockets, Version=8.0.0.0, Culture=neutral, PublicKeyToken=b03f5f7f11d50a3a".
             La ruta de acceso del archivo resuelta es "C:\Program Files\dotnet\packs\Microsoft.NETCore.App.Ref\8.0.19\ref\net8.0\System.Net.WebSockets.dll".
             Se encontró una referencia en la ubicación de ruta de acceso de búsqueda "{RawFileName}".
             Esta referencia no es "CopyLocal" porque existe al menos un elemento de origen con "Private" establecido en "false" y ningún elemento de origen con "Private" establecido en "true".
         Referencia principal "System.Net, Version=4.0.0.0, Culture=neutral, PublicKeyToken=b03f5f7f11d50a3a".
             La ruta de acceso del archivo resuelta es "C:\Program Files\dotnet\packs\Microsoft.NETCore.App.Ref\8.0.19\ref\net8.0\System.Net.dll".
             Se encontró una referencia en la ubicación de ruta de acceso de búsqueda "{RawFileName}".
             Esta referencia no es "CopyLocal" porque existe al menos un elemento de origen con "Private" establecido en "false" y ningún elemento de origen con "Private" establecido en "true".
         Referencia principal unificada "System.Numerics.Vectors, Version=8.0.0.0, Culture=neutral, PublicKeyToken=b03f5f7f11d50a3a".
             Se usará esta versión en lugar de la versión original "6.0.0.0" en "C:\Users\Sergio\.nuget\packages\microsoft.windowsappsdk.interactiveexperiences\1.8.260125001\lib\net6.0-windows10.0.18362.0\Microsoft.InteractiveExperiences.Projection.dll" porque AutoUnify es 'true'.
             Se usará esta versión en lugar de la versión original "6.0.0.0" en "C:\Users\Sergio\.nuget\packages\microsoft.windowsappsdk.winui\1.8.260204000\lib\net6.0-windows10.0.17763.0\Microsoft.WinUI.dll" porque AutoUnify es 'true'.
             La ruta de acceso del archivo resuelta es "C:\Program Files\dotnet\packs\Microsoft.NETCore.App.Ref\8.0.19\ref\net8.0\System.Numerics.Vectors.dll".
             Se encontró una referencia en la ubicación de ruta de acceso de búsqueda "{RawFileName}".
             Esta referencia no es "CopyLocal" porque existe al menos un elemento de origen con "Private" establecido en "false" y ningún elemento de origen con "Private" establecido en "true".
         Referencia principal "System.Numerics, Version=4.0.0.0, Culture=neutral, PublicKeyToken=b77a5c561934e089".
             La ruta de acceso del archivo resuelta es "C:\Program Files\dotnet\packs\Microsoft.NETCore.App.Ref\8.0.19\ref\net8.0\System.Numerics.dll".
             Se encontró una referencia en la ubicación de ruta de acceso de búsqueda "{RawFileName}".
             Esta referencia no es "CopyLocal" porque existe al menos un elemento de origen con "Private" establecido en "false" y ningún elemento de origen con "Private" establecido en "true".
         Referencia principal unificada "System.ObjectModel, Version=8.0.0.0, Culture=neutral, PublicKeyToken=b03f5f7f11d50a3a".
             Se usará esta versión en lugar de la versión original "6.0.0.0" en "C:\Users\Sergio\.nuget\packages\microsoft.windowsappsdk.winui\1.8.260204000\lib\net6.0-windows10.0.17763.0\Microsoft.WinUI.dll" porque AutoUnify es 'true'.
             La ruta de acceso del archivo resuelta es "C:\Program Files\dotnet\packs\Microsoft.NETCore.App.Ref\8.0.19\ref\net8.0\System.ObjectModel.dll".
             Se encontró una referencia en la ubicación de ruta de acceso de búsqueda "{RawFileName}".
             Esta referencia no es "CopyLocal" porque existe al menos un elemento de origen con "Private" establecido en "false" y ningún elemento de origen con "Private" establecido en "true".
         Referencia principal "System.Reflection.DispatchProxy, Version=8.0.0.0, Culture=neutral, PublicKeyToken=b03f5f7f11d50a3a".
             La ruta de acceso del archivo resuelta es "C:\Program Files\dotnet\packs\Microsoft.NETCore.App.Ref\8.0.19\ref\net8.0\System.Reflection.DispatchProxy.dll".
             Se encontró una referencia en la ubicación de ruta de acceso de búsqueda "{RawFileName}".
             Esta referencia no es "CopyLocal" porque existe al menos un elemento de origen con "Private" establecido en "false" y ningún elemento de origen con "Private" establecido en "true".
         Referencia principal "System.Reflection.Emit.ILGeneration, Version=8.0.0.0, Culture=neutral, PublicKeyToken=b03f5f7f11d50a3a".
             La ruta de acceso del archivo resuelta es "C:\Program Files\dotnet\packs\Microsoft.NETCore.App.Ref\8.0.19\ref\net8.0\System.Reflection.Emit.ILGeneration.dll".
             Se encontró una referencia en la ubicación de ruta de acceso de búsqueda "{RawFileName}".
             Esta referencia no es "CopyLocal" porque existe al menos un elemento de origen con "Private" establecido en "false" y ningún elemento de origen con "Private" establecido en "true".
         Referencia principal "System.Reflection.Emit.Lightweight, Version=8.0.0.0, Culture=neutral, PublicKeyToken=b03f5f7f11d50a3a".
             La ruta de acceso del archivo resuelta es "C:\Program Files\dotnet\packs\Microsoft.NETCore.App.Ref\8.0.19\ref\net8.0\System.Reflection.Emit.Lightweight.dll".
             Se encontró una referencia en la ubicación de ruta de acceso de búsqueda "{RawFileName}".
             Esta referencia no es "CopyLocal" porque existe al menos un elemento de origen con "Private" establecido en "false" y ningún elemento de origen con "Private" establecido en "true".
         Referencia principal "System.Reflection.Emit, Version=8.0.0.0, Culture=neutral, PublicKeyToken=b03f5f7f11d50a3a".
             La ruta de acceso del archivo resuelta es "C:\Program Files\dotnet\packs\Microsoft.NETCore.App.Ref\8.0.19\ref\net8.0\System.Reflection.Emit.dll".
             Se encontró una referencia en la ubicación de ruta de acceso de búsqueda "{RawFileName}".
             Esta referencia no es "CopyLocal" porque existe al menos un elemento de origen con "Private" establecido en "false" y ningún elemento de origen con "Private" establecido en "true".
         Referencia principal "System.Reflection.Extensions, Version=8.0.0.0, Culture=neutral, PublicKeyToken=b03f5f7f11d50a3a".
             La ruta de acceso del archivo resuelta es "C:\Program Files\dotnet\packs\Microsoft.NETCore.App.Ref\8.0.19\ref\net8.0\System.Reflection.Extensions.dll".
             Se encontró una referencia en la ubicación de ruta de acceso de búsqueda "{RawFileName}".
             Esta referencia no es "CopyLocal" porque existe al menos un elemento de origen con "Private" establecido en "false" y ningún elemento de origen con "Private" establecido en "true".
         Referencia principal "System.Reflection.Metadata, Version=8.0.0.0, Culture=neutral, PublicKeyToken=b03f5f7f11d50a3a".
             La ruta de acceso del archivo resuelta es "C:\Program Files\dotnet\packs\Microsoft.NETCore.App.Ref\8.0.19\ref\net8.0\System.Reflection.Metadata.dll".
             Se encontró una referencia en la ubicación de ruta de acceso de búsqueda "{RawFileName}".
             Esta referencia no es "CopyLocal" porque existe al menos un elemento de origen con "Private" establecido en "false" y ningún elemento de origen con "Private" establecido en "true".
         Referencia principal "System.Reflection.Primitives, Version=8.0.0.0, Culture=neutral, PublicKeyToken=b03f5f7f11d50a3a".
             La ruta de acceso del archivo resuelta es "C:\Program Files\dotnet\packs\Microsoft.NETCore.App.Ref\8.0.19\ref\net8.0\System.Reflection.Primitives.dll".
             Se encontró una referencia en la ubicación de ruta de acceso de búsqueda "{RawFileName}".
             Esta referencia no es "CopyLocal" porque existe al menos un elemento de origen con "Private" establecido en "false" y ningún elemento de origen con "Private" establecido en "true".
         Referencia principal "System.Reflection.TypeExtensions, Version=8.0.0.0, Culture=neutral, PublicKeyToken=b03f5f7f11d50a3a".
             La ruta de acceso del archivo resuelta es "C:\Program Files\dotnet\packs\Microsoft.NETCore.App.Ref\8.0.19\ref\net8.0\System.Reflection.TypeExtensions.dll".
             Se encontró una referencia en la ubicación de ruta de acceso de búsqueda "{RawFileName}".
             Esta referencia no es "CopyLocal" porque existe al menos un elemento de origen con "Private" establecido en "false" y ningún elemento de origen con "Private" establecido en "true".
         Referencia principal "System.Reflection, Version=8.0.0.0, Culture=neutral, PublicKeyToken=b03f5f7f11d50a3a".
             La ruta de acceso del archivo resuelta es "C:\Program Files\dotnet\packs\Microsoft.NETCore.App.Ref\8.0.19\ref\net8.0\System.Reflection.dll".
             Se encontró una referencia en la ubicación de ruta de acceso de búsqueda "{RawFileName}".
             Esta referencia no es "CopyLocal" porque existe al menos un elemento de origen con "Private" establecido en "false" y ningún elemento de origen con "Private" establecido en "true".
         Referencia principal "System.Resources.Reader, Version=8.0.0.0, Culture=neutral, PublicKeyToken=b03f5f7f11d50a3a".
             La ruta de acceso del archivo resuelta es "C:\Program Files\dotnet\packs\Microsoft.NETCore.App.Ref\8.0.19\ref\net8.0\System.Resources.Reader.dll".
             Se encontró una referencia en la ubicación de ruta de acceso de búsqueda "{RawFileName}".
             Esta referencia no es "CopyLocal" porque existe al menos un elemento de origen con "Private" establecido en "false" y ningún elemento de origen con "Private" establecido en "true".
         Referencia principal "System.Resources.ResourceManager, Version=8.0.0.0, Culture=neutral, PublicKeyToken=b03f5f7f11d50a3a".
             La ruta de acceso del archivo resuelta es "C:\Program Files\dotnet\packs\Microsoft.NETCore.App.Ref\8.0.19\ref\net8.0\System.Resources.ResourceManager.dll".
             Se encontró una referencia en la ubicación de ruta de acceso de búsqueda "{RawFileName}".
             Esta referencia no es "CopyLocal" porque existe al menos un elemento de origen con "Private" establecido en "false" y ningún elemento de origen con "Private" establecido en "true".
         Referencia principal "System.Resources.Writer, Version=8.0.0.0, Culture=neutral, PublicKeyToken=b03f5f7f11d50a3a".
             La ruta de acceso del archivo resuelta es "C:\Program Files\dotnet\packs\Microsoft.NETCore.App.Ref\8.0.19\ref\net8.0\System.Resources.Writer.dll".
             Se encontró una referencia en la ubicación de ruta de acceso de búsqueda "{RawFileName}".
             Esta referencia no es "CopyLocal" porque existe al menos un elemento de origen con "Private" establecido en "false" y ningún elemento de origen con "Private" establecido en "true".
         Referencia principal unificada "System.Runtime.CompilerServices.Unsafe, Version=8.0.0.0, Culture=neutral, PublicKeyToken=b03f5f7f11d50a3a".
             Se usará esta versión en lugar de la versión original "6.0.0.0" en "C:\Users\Sergio\.nuget\packages\microsoft.windowsappsdk.ai\1.8.47\lib\net6.0-windows10.0.17763.0\Microsoft.Graphics.Imaging.Projection.dll" porque AutoUnify es 'true'.
             Se usará esta versión en lugar de la versión original "6.0.0.0" en "C:\Users\Sergio\.nuget\packages\microsoft.windowsappsdk.ai\1.8.47\lib\net6.0-windows10.0.17763.0\Microsoft.Windows.AI.ContentSafety.Projection.dll" porque AutoUnify es 'true'.
             Se usará esta versión en lugar de la versión original "6.0.0.0" en "C:\Users\Sergio\.nuget\packages\microsoft.windowsappsdk.ai\1.8.47\lib\net6.0-windows10.0.17763.0\Microsoft.Windows.AI.Foundation.Projection.dll" porque AutoUnify es 'true'.
             Se usará esta versión en lugar de la versión original "6.0.0.0" en "C:\Users\Sergio\.nuget\packages\microsoft.windowsappsdk.ai\1.8.47\lib\net6.0-windows10.0.17763.0\Microsoft.Windows.AI.Imaging.Projection.dll" porque AutoUnify es 'true'.
             Se usará esta versión en lugar de la versión original "6.0.0.0" en "C:\Users\Sergio\.nuget\packages\microsoft.windowsappsdk.ai\1.8.47\lib\net6.0-windows10.0.17763.0\Microsoft.Windows.AI.Projection.dll" porque AutoUnify es 'true'.
             Se usará esta versión en lugar de la versión original "6.0.0.0" en "C:\Users\Sergio\.nuget\packages\microsoft.windowsappsdk.ai\1.8.47\lib\net6.0-windows10.0.17763.0\Microsoft.Windows.AI.Text.Projection.dll" porque AutoUnify es 'true'.
             Se usará esta versión en lugar de la versión original "6.0.0.0" en "C:\Users\Sergio\.nuget\packages\microsoft.windowsappsdk.foundation\1.8.260203002\lib\net6.0-windows10.0.17763.0\Microsoft.Security.Authentication.OAuth.Projection.dll" porque AutoUnify es 'true'.
             Se usará esta versión en lugar de la versión original "6.0.0.0" en "C:\Users\Sergio\.nuget\packages\microsoft.windowsappsdk.foundation\1.8.260203002\lib\net6.0-windows10.0.17763.0\Microsoft.Windows.AppLifecycle.Projection.dll" porque AutoUnify es 'true'.
             Se usará esta versión en lugar de la versión original "6.0.0.0" en "C:\Users\Sergio\.nuget\packages\microsoft.windowsappsdk.foundation\1.8.260203002\lib\net6.0-windows10.0.17763.0\Microsoft.Windows.AppNotifications.Builder.Projection.dll" porque AutoUnify es 'true'.
             Se usará esta versión en lugar de la versión original "6.0.0.0" en "C:\Users\Sergio\.nuget\packages\microsoft.windowsappsdk.foundation\1.8.260203002\lib\net6.0-windows10.0.17763.0\Microsoft.Windows.AppNotifications.Projection.dll" porque AutoUnify es 'true'.
             Se usará esta versión en lugar de la versión original "6.0.0.0" en "C:\Users\Sergio\.nuget\packages\microsoft.windowsappsdk.foundation\1.8.260203002\lib\net6.0-windows10.0.17763.0\Microsoft.Windows.ApplicationModel.Background.Projection.dll" porque AutoUnify es 'true'.
             Se usará esta versión en lugar de la versión original "6.0.0.0" en "C:\Users\Sergio\.nuget\packages\microsoft.windowsappsdk.foundation\1.8.260203002\lib\net6.0-windows10.0.17763.0\Microsoft.Windows.ApplicationModel.DynamicDependency.Projection.dll" porque AutoUnify es 'true'.
             Se usará esta versión en lugar de la versión original "6.0.0.0" en "C:\Users\Sergio\.nuget\packages\microsoft.windowsappsdk.foundation\1.8.260203002\lib\net6.0-windows10.0.17763.0\Microsoft.Windows.ApplicationModel.Resources.Projection.dll" porque AutoUnify es 'true'.
             Se usará esta versión en lugar de la versión original "6.0.0.0" en "C:\Users\Sergio\.nuget\packages\microsoft.windowsappsdk.foundation\1.8.260203002\lib\net6.0-windows10.0.17763.0\Microsoft.Windows.ApplicationModel.WindowsAppRuntime.Projection.dll" porque AutoUnify es 'true'.
             Se usará esta versión en lugar de la versión original "6.0.0.0" en "C:\Users\Sergio\.nuget\packages\microsoft.windowsappsdk.foundation\1.8.260203002\lib\net6.0-windows10.0.17763.0\Microsoft.Windows.BadgeNotifications.Projection.dll" porque AutoUnify es 'true'.
             Se usará esta versión en lugar de la versión original "6.0.0.0" en "C:\Users\Sergio\.nuget\packages\microsoft.windowsappsdk.foundation\1.8.260203002\lib\net6.0-windows10.0.17763.0\Microsoft.Windows.Foundation.Projection.dll" porque AutoUnify es 'true'.
             Se usará esta versión en lugar de la versión original "6.0.0.0" en "C:\Users\Sergio\.nuget\packages\microsoft.windowsappsdk.foundation\1.8.260203002\lib\net6.0-windows10.0.17763.0\Microsoft.Windows.Management.Deployment.Projection.dll" porque AutoUnify es 'true'.
             Se usará esta versión en lugar de la versión original "6.0.0.0" en "C:\Users\Sergio\.nuget\packages\microsoft.windowsappsdk.foundation\1.8.260203002\lib\net6.0-windows10.0.17763.0\Microsoft.Windows.Media.Capture.Projection.dll" porque AutoUnify es 'true'.
             Se usará esta versión en lugar de la versión original "6.0.0.0" en "C:\Users\Sergio\.nuget\packages\microsoft.windowsappsdk.foundation\1.8.260203002\lib\net6.0-windows10.0.17763.0\Microsoft.Windows.PushNotifications.Projection.dll" porque AutoUnify es 'true'.
             Se usará esta versión en lugar de la versión original "6.0.0.0" en "C:\Users\Sergio\.nuget\packages\microsoft.windowsappsdk.foundation\1.8.260203002\lib\net6.0-windows10.0.17763.0\Microsoft.Windows.Security.AccessControl.Projection.dll" porque AutoUnify es 'true'.
             Se usará esta versión en lugar de la versión original "6.0.0.0" en "C:\Users\Sergio\.nuget\packages\microsoft.windowsappsdk.foundation\1.8.260203002\lib\net6.0-windows10.0.17763.0\Microsoft.Windows.Storage.Pickers.Projection.dll" porque AutoUnify es 'true'.
             Se usará esta versión en lugar de la versión original "6.0.0.0" en "C:\Users\Sergio\.nuget\packages\microsoft.windowsappsdk.foundation\1.8.260203002\lib\net6.0-windows10.0.17763.0\Microsoft.Windows.Storage.Projection.dll" porque AutoUnify es 'true'.
             Se usará esta versión en lugar de la versión original "6.0.0.0" en "C:\Users\Sergio\.nuget\packages\microsoft.windowsappsdk.foundation\1.8.260203002\lib\net6.0-windows10.0.17763.0\Microsoft.Windows.System.Power.Projection.dll" porque AutoUnify es 'true'.
             Se usará esta versión en lugar de la versión original "6.0.0.0" en "C:\Users\Sergio\.nuget\packages\microsoft.windowsappsdk.foundation\1.8.260203002\lib\net6.0-windows10.0.17763.0\Microsoft.Windows.System.Projection.dll" porque AutoUnify es 'true'.
             Se usará esta versión en lugar de la versión original "6.0.0.0" en "C:\Users\Sergio\.nuget\packages\microsoft.windowsappsdk.interactiveexperiences\1.8.260125001\lib\net6.0-windows10.0.18362.0\Microsoft.InteractiveExperiences.Projection.dll" porque AutoUnify es 'true'.
             Se usará esta versión en lugar de la versión original "6.0.0.0" en "C:\Users\Sergio\.nuget\packages\microsoft.windowsappsdk.ml\1.8.2124\lib\net8.0-windows10.0.17763.0\Microsoft.Windows.AI.MachineLearning.Projection.dll" porque AutoUnify es 'true'.
             Se usará esta versión en lugar de la versión original "6.0.0.0" en "C:\Users\Sergio\.nuget\packages\microsoft.windowsappsdk.widgets\1.8.251231004\lib\net6.0-windows10.0.17763.0\Microsoft.Windows.Widgets.Projection.dll" porque AutoUnify es 'true'.
             Se usará esta versión en lugar de la versión original "6.0.0.0" en "C:\Users\Sergio\.nuget\packages\microsoft.windowsappsdk.winui\1.8.260204000\lib\net6.0-windows10.0.17763.0\Microsoft.WinUI.dll" porque AutoUnify es 'true'.
             La ruta de acceso del archivo resuelta es "C:\Program Files\dotnet\packs\Microsoft.NETCore.App.Ref\8.0.19\ref\net8.0\System.Runtime.CompilerServices.Unsafe.dll".
             Se encontró una referencia en la ubicación de ruta de acceso de búsqueda "{RawFileName}".
             Esta referencia no es "CopyLocal" porque existe al menos un elemento de origen con "Private" establecido en "false" y ningún elemento de origen con "Private" establecido en "true".
         Referencia principal "System.Runtime.CompilerServices.VisualC, Version=8.0.0.0, Culture=neutral, PublicKeyToken=b03f5f7f11d50a3a".
             La ruta de acceso del archivo resuelta es "C:\Program Files\dotnet\packs\Microsoft.NETCore.App.Ref\8.0.19\ref\net8.0\System.Runtime.CompilerServices.VisualC.dll".
             Se encontró una referencia en la ubicación de ruta de acceso de búsqueda "{RawFileName}".
             Esta referencia no es "CopyLocal" porque existe al menos un elemento de origen con "Private" establecido en "false" y ningún elemento de origen con "Private" establecido en "true".
         Referencia principal "System.Runtime.Extensions, Version=8.0.0.0, Culture=neutral, PublicKeyToken=b03f5f7f11d50a3a".
             La ruta de acceso del archivo resuelta es "C:\Program Files\dotnet\packs\Microsoft.NETCore.App.Ref\8.0.19\ref\net8.0\System.Runtime.Extensions.dll".
             Se encontró una referencia en la ubicación de ruta de acceso de búsqueda "{RawFileName}".
             Esta referencia no es "CopyLocal" porque existe al menos un elemento de origen con "Private" establecido en "false" y ningún elemento de origen con "Private" establecido en "true".
         Referencia principal "System.Runtime.Handles, Version=8.0.0.0, Culture=neutral, PublicKeyToken=b03f5f7f11d50a3a".
             La ruta de acceso del archivo resuelta es "C:\Program Files\dotnet\packs\Microsoft.NETCore.App.Ref\8.0.19\ref\net8.0\System.Runtime.Handles.dll".
             Se encontró una referencia en la ubicación de ruta de acceso de búsqueda "{RawFileName}".
             Esta referencia no es "CopyLocal" porque existe al menos un elemento de origen con "Private" establecido en "false" y ningún elemento de origen con "Private" establecido en "true".
         Referencia principal "System.Runtime.InteropServices.JavaScript, Version=8.0.0.0, Culture=neutral, PublicKeyToken=b03f5f7f11d50a3a".
             La ruta de acceso del archivo resuelta es "C:\Program Files\dotnet\packs\Microsoft.NETCore.App.Ref\8.0.19\ref\net8.0\System.Runtime.InteropServices.JavaScript.dll".
             Se encontró una referencia en la ubicación de ruta de acceso de búsqueda "{RawFileName}".
             Esta referencia no es "CopyLocal" porque existe al menos un elemento de origen con "Private" establecido en "false" y ningún elemento de origen con "Private" establecido en "true".
         Referencia principal "System.Runtime.InteropServices.RuntimeInformation, Version=8.0.0.0, Culture=neutral, PublicKeyToken=b03f5f7f11d50a3a".
             La ruta de acceso del archivo resuelta es "C:\Program Files\dotnet\packs\Microsoft.NETCore.App.Ref\8.0.19\ref\net8.0\System.Runtime.InteropServices.RuntimeInformation.dll".
             Se encontró una referencia en la ubicación de ruta de acceso de búsqueda "{RawFileName}".
             Esta referencia no es "CopyLocal" porque existe al menos un elemento de origen con "Private" establecido en "false" y ningún elemento de origen con "Private" establecido en "true".
         Referencia principal unificada "System.Runtime.InteropServices, Version=8.0.0.0, Culture=neutral, PublicKeyToken=b03f5f7f11d50a3a".
             Se usará esta versión en lugar de la versión original "6.0.0.0" en "C:\Users\Sergio\.nuget\packages\microsoft.windowsappsdk.ai\1.8.47\lib\net6.0-windows10.0.17763.0\Microsoft.Graphics.Imaging.Projection.dll" porque AutoUnify es 'true'.
             Se usará esta versión en lugar de la versión original "6.0.0.0" en "C:\Users\Sergio\.nuget\packages\microsoft.windowsappsdk.ai\1.8.47\lib\net6.0-windows10.0.17763.0\Microsoft.Windows.AI.ContentSafety.Projection.dll" porque AutoUnify es 'true'.
             Se usará esta versión en lugar de la versión original "6.0.0.0" en "C:\Users\Sergio\.nuget\packages\microsoft.windowsappsdk.ai\1.8.47\lib\net6.0-windows10.0.17763.0\Microsoft.Windows.AI.Foundation.Projection.dll" porque AutoUnify es 'true'.
             Se usará esta versión en lugar de la versión original "6.0.0.0" en "C:\Users\Sergio\.nuget\packages\microsoft.windowsappsdk.ai\1.8.47\lib\net6.0-windows10.0.17763.0\Microsoft.Windows.AI.Imaging.Projection.dll" porque AutoUnify es 'true'.
             Se usará esta versión en lugar de la versión original "6.0.0.0" en "C:\Users\Sergio\.nuget\packages\microsoft.windowsappsdk.ai\1.8.47\lib\net6.0-windows10.0.17763.0\Microsoft.Windows.AI.Projection.dll" porque AutoUnify es 'true'.
             Se usará esta versión en lugar de la versión original "6.0.0.0" en "C:\Users\Sergio\.nuget\packages\microsoft.windowsappsdk.ai\1.8.47\lib\net6.0-windows10.0.17763.0\Microsoft.Windows.AI.Text.Projection.dll" porque AutoUnify es 'true'.
             Se usará esta versión en lugar de la versión original "6.0.0.0" en "C:\Users\Sergio\.nuget\packages\microsoft.windowsappsdk.foundation\1.8.260203002\lib\net6.0-windows10.0.17763.0\Microsoft.Security.Authentication.OAuth.Projection.dll" porque AutoUnify es 'true'.
             Se usará esta versión en lugar de la versión original "6.0.0.0" en "C:\Users\Sergio\.nuget\packages\microsoft.windowsappsdk.foundation\1.8.260203002\lib\net6.0-windows10.0.17763.0\Microsoft.Windows.AppLifecycle.Projection.dll" porque AutoUnify es 'true'.
             Se usará esta versión en lugar de la versión original "6.0.0.0" en "C:\Users\Sergio\.nuget\packages\microsoft.windowsappsdk.foundation\1.8.260203002\lib\net6.0-windows10.0.17763.0\Microsoft.Windows.AppNotifications.Builder.Projection.dll" porque AutoUnify es 'true'.
             Se usará esta versión en lugar de la versión original "6.0.0.0" en "C:\Users\Sergio\.nuget\packages\microsoft.windowsappsdk.foundation\1.8.260203002\lib\net6.0-windows10.0.17763.0\Microsoft.Windows.AppNotifications.Projection.dll" porque AutoUnify es 'true'.
             Se usará esta versión en lugar de la versión original "6.0.0.0" en "C:\Users\Sergio\.nuget\packages\microsoft.windowsappsdk.foundation\1.8.260203002\lib\net6.0-windows10.0.17763.0\Microsoft.Windows.ApplicationModel.Background.Projection.dll" porque AutoUnify es 'true'.
             Se usará esta versión en lugar de la versión original "6.0.0.0" en "C:\Users\Sergio\.nuget\packages\microsoft.windowsappsdk.foundation\1.8.260203002\lib\net6.0-windows10.0.17763.0\Microsoft.Windows.ApplicationModel.DynamicDependency.Projection.dll" porque AutoUnify es 'true'.
             Se usará esta versión en lugar de la versión original "6.0.0.0" en "C:\Users\Sergio\.nuget\packages\microsoft.windowsappsdk.foundation\1.8.260203002\lib\net6.0-windows10.0.17763.0\Microsoft.Windows.ApplicationModel.Resources.Projection.dll" porque AutoUnify es 'true'.
             Se usará esta versión en lugar de la versión original "6.0.0.0" en "C:\Users\Sergio\.nuget\packages\microsoft.windowsappsdk.foundation\1.8.260203002\lib\net6.0-windows10.0.17763.0\Microsoft.Windows.ApplicationModel.WindowsAppRuntime.Projection.dll" porque AutoUnify es 'true'.
             Se usará esta versión en lugar de la versión original "6.0.0.0" en "C:\Users\Sergio\.nuget\packages\microsoft.windowsappsdk.foundation\1.8.260203002\lib\net6.0-windows10.0.17763.0\Microsoft.Windows.BadgeNotifications.Projection.dll" porque AutoUnify es 'true'.
             Se usará esta versión en lugar de la versión original "6.0.0.0" en "C:\Users\Sergio\.nuget\packages\microsoft.windowsappsdk.foundation\1.8.260203002\lib\net6.0-windows10.0.17763.0\Microsoft.Windows.Foundation.Projection.dll" porque AutoUnify es 'true'.
             Se usará esta versión en lugar de la versión original "6.0.0.0" en "C:\Users\Sergio\.nuget\packages\microsoft.windowsappsdk.foundation\1.8.260203002\lib\net6.0-windows10.0.17763.0\Microsoft.Windows.Management.Deployment.Projection.dll" porque AutoUnify es 'true'.
             Se usará esta versión en lugar de la versión original "6.0.0.0" en "C:\Users\Sergio\.nuget\packages\microsoft.windowsappsdk.foundation\1.8.260203002\lib\net6.0-windows10.0.17763.0\Microsoft.Windows.Media.Capture.Projection.dll" porque AutoUnify es 'true'.
             Se usará esta versión en lugar de la versión original "6.0.0.0" en "C:\Users\Sergio\.nuget\packages\microsoft.windowsappsdk.foundation\1.8.260203002\lib\net6.0-windows10.0.17763.0\Microsoft.Windows.PushNotifications.Projection.dll" porque AutoUnify es 'true'.
             Se usará esta versión en lugar de la versión original "6.0.0.0" en "C:\Users\Sergio\.nuget\packages\microsoft.windowsappsdk.foundation\1.8.260203002\lib\net6.0-windows10.0.17763.0\Microsoft.Windows.Security.AccessControl.Projection.dll" porque AutoUnify es 'true'.
             Se usará esta versión en lugar de la versión original "6.0.0.0" en "C:\Users\Sergio\.nuget\packages\microsoft.windowsappsdk.foundation\1.8.260203002\lib\net6.0-windows10.0.17763.0\Microsoft.Windows.Storage.Pickers.Projection.dll" porque AutoUnify es 'true'.
             Se usará esta versión en lugar de la versión original "6.0.0.0" en "C:\Users\Sergio\.nuget\packages\microsoft.windowsappsdk.foundation\1.8.260203002\lib\net6.0-windows10.0.17763.0\Microsoft.Windows.Storage.Projection.dll" porque AutoUnify es 'true'.
             Se usará esta versión en lugar de la versión original "6.0.0.0" en "C:\Users\Sergio\.nuget\packages\microsoft.windowsappsdk.foundation\1.8.260203002\lib\net6.0-windows10.0.17763.0\Microsoft.Windows.System.Power.Projection.dll" porque AutoUnify es 'true'.
             Se usará esta versión en lugar de la versión original "6.0.0.0" en "C:\Users\Sergio\.nuget\packages\microsoft.windowsappsdk.foundation\1.8.260203002\lib\net6.0-windows10.0.17763.0\Microsoft.Windows.System.Projection.dll" porque AutoUnify es 'true'.
             Se usará esta versión en lugar de la versión original "6.0.0.0" en "C:\Users\Sergio\.nuget\packages\microsoft.windowsappsdk.interactiveexperiences\1.8.260125001\lib\net6.0-windows10.0.18362.0\Microsoft.InteractiveExperiences.Projection.dll" porque AutoUnify es 'true'.
             Se usará esta versión en lugar de la versión original "6.0.0.0" en "C:\Users\Sergio\.nuget\packages\microsoft.windowsappsdk.ml\1.8.2124\lib\net8.0-windows10.0.17763.0\Microsoft.Windows.AI.MachineLearning.Projection.dll" porque AutoUnify es 'true'.
             Se usará esta versión en lugar de la versión original "6.0.0.0" en "C:\Users\Sergio\.nuget\packages\microsoft.windowsappsdk.widgets\1.8.251231004\lib\net6.0-windows10.0.17763.0\Microsoft.Windows.Widgets.Projection.dll" porque AutoUnify es 'true'.
             Se usará esta versión en lugar de la versión original "6.0.0.0" en "C:\Users\Sergio\.nuget\packages\microsoft.windowsappsdk.winui\1.8.260204000\lib\net6.0-windows10.0.17763.0\Microsoft.WinUI.dll" porque AutoUnify es 'true'.
             La ruta de acceso del archivo resuelta es "C:\Program Files\dotnet\packs\Microsoft.NETCore.App.Ref\8.0.19\ref\net8.0\System.Runtime.InteropServices.dll".
             Se encontró una referencia en la ubicación de ruta de acceso de búsqueda "{RawFileName}".
             Esta referencia no es "CopyLocal" porque existe al menos un elemento de origen con "Private" establecido en "false" y ningún elemento de origen con "Private" establecido en "true".
         Referencia principal "System.Runtime.Intrinsics, Version=8.0.0.0, Culture=neutral, PublicKeyToken=cc7b13ffcd2ddd51".
             La ruta de acceso del archivo resuelta es "C:\Program Files\dotnet\packs\Microsoft.NETCore.App.Ref\8.0.19\ref\net8.0\System.Runtime.Intrinsics.dll".
             Se encontró una referencia en la ubicación de ruta de acceso de búsqueda "{RawFileName}".
             Esta referencia no es "CopyLocal" porque existe al menos un elemento de origen con "Private" establecido en "false" y ningún elemento de origen con "Private" establecido en "true".
         Referencia principal "System.Runtime.Loader, Version=8.0.0.0, Culture=neutral, PublicKeyToken=b03f5f7f11d50a3a".
             La ruta de acceso del archivo resuelta es "C:\Program Files\dotnet\packs\Microsoft.NETCore.App.Ref\8.0.19\ref\net8.0\System.Runtime.Loader.dll".
             Se encontró una referencia en la ubicación de ruta de acceso de búsqueda "{RawFileName}".
             Esta referencia no es "CopyLocal" porque existe al menos un elemento de origen con "Private" establecido en "false" y ningún elemento de origen con "Private" establecido en "true".
         Referencia principal "System.Runtime.Numerics, Version=8.0.0.0, Culture=neutral, PublicKeyToken=b03f5f7f11d50a3a".
             La ruta de acceso del archivo resuelta es "C:\Program Files\dotnet\packs\Microsoft.NETCore.App.Ref\8.0.19\ref\net8.0\System.Runtime.Numerics.dll".
             Se encontró una referencia en la ubicación de ruta de acceso de búsqueda "{RawFileName}".
             Esta referencia no es "CopyLocal" porque existe al menos un elemento de origen con "Private" establecido en "false" y ningún elemento de origen con "Private" establecido en "true".
         Referencia principal "System.Runtime.Serialization.Formatters, Version=8.0.0.0, Culture=neutral, PublicKeyToken=b03f5f7f11d50a3a".
             La ruta de acceso del archivo resuelta es "C:\Program Files\dotnet\packs\Microsoft.NETCore.App.Ref\8.0.19\ref\net8.0\System.Runtime.Serialization.Formatters.dll".
             Se encontró una referencia en la ubicación de ruta de acceso de búsqueda "{RawFileName}".
             Esta referencia no es "CopyLocal" porque existe al menos un elemento de origen con "Private" establecido en "false" y ningún elemento de origen con "Private" establecido en "true".
         Referencia principal "System.Runtime.Serialization.Json, Version=8.0.0.0, Culture=neutral, PublicKeyToken=b03f5f7f11d50a3a".
             La ruta de acceso del archivo resuelta es "C:\Program Files\dotnet\packs\Microsoft.NETCore.App.Ref\8.0.19\ref\net8.0\System.Runtime.Serialization.Json.dll".
             Se encontró una referencia en la ubicación de ruta de acceso de búsqueda "{RawFileName}".
             Esta referencia no es "CopyLocal" porque existe al menos un elemento de origen con "Private" establecido en "false" y ningún elemento de origen con "Private" establecido en "true".
         Referencia principal "System.Runtime.Serialization.Primitives, Version=8.0.0.0, Culture=neutral, PublicKeyToken=b03f5f7f11d50a3a".
             La ruta de acceso del archivo resuelta es "C:\Program Files\dotnet\packs\Microsoft.NETCore.App.Ref\8.0.19\ref\net8.0\System.Runtime.Serialization.Primitives.dll".
             Se encontró una referencia en la ubicación de ruta de acceso de búsqueda "{RawFileName}".
             Esta referencia no es "CopyLocal" porque existe al menos un elemento de origen con "Private" establecido en "false" y ningún elemento de origen con "Private" establecido en "true".
         Referencia principal "System.Runtime.Serialization.Xml, Version=8.0.0.0, Culture=neutral, PublicKeyToken=b03f5f7f11d50a3a".
             La ruta de acceso del archivo resuelta es "C:\Program Files\dotnet\packs\Microsoft.NETCore.App.Ref\8.0.19\ref\net8.0\System.Runtime.Serialization.Xml.dll".
             Se encontró una referencia en la ubicación de ruta de acceso de búsqueda "{RawFileName}".
             Esta referencia no es "CopyLocal" porque existe al menos un elemento de origen con "Private" establecido en "false" y ningún elemento de origen con "Private" establecido en "true".
         Referencia principal "System.Runtime.Serialization, Version=4.0.0.0, Culture=neutral, PublicKeyToken=b77a5c561934e089".
             La ruta de acceso del archivo resuelta es "C:\Program Files\dotnet\packs\Microsoft.NETCore.App.Ref\8.0.19\ref\net8.0\System.Runtime.Serialization.dll".
             Se encontró una referencia en la ubicación de ruta de acceso de búsqueda "{RawFileName}".
             Esta referencia no es "CopyLocal" porque existe al menos un elemento de origen con "Private" establecido en "false" y ningún elemento de origen con "Private" establecido en "true".
         Referencia principal unificada "System.Runtime, Version=8.0.0.0, Culture=neutral, PublicKeyToken=b03f5f7f11d50a3a".
             Se usará esta versión en lugar de la versión original "6.0.0.0" en "C:\Users\Sergio\.nuget\packages\microsoft.windowsappsdk.ai\1.8.47\lib\net6.0-windows10.0.17763.0\Microsoft.Graphics.Imaging.Projection.dll" porque AutoUnify es 'true'.
             Se usará esta versión en lugar de la versión original "6.0.0.0" en "C:\Users\Sergio\.nuget\packages\microsoft.windowsappsdk.ai\1.8.47\lib\net6.0-windows10.0.17763.0\Microsoft.Windows.AI.ContentSafety.Projection.dll" porque AutoUnify es 'true'.
             Se usará esta versión en lugar de la versión original "6.0.0.0" en "C:\Users\Sergio\.nuget\packages\microsoft.windowsappsdk.ai\1.8.47\lib\net6.0-windows10.0.17763.0\Microsoft.Windows.AI.Foundation.Projection.dll" porque AutoUnify es 'true'.
             Se usará esta versión en lugar de la versión original "6.0.0.0" en "C:\Users\Sergio\.nuget\packages\microsoft.windowsappsdk.ai\1.8.47\lib\net6.0-windows10.0.17763.0\Microsoft.Windows.AI.Imaging.Projection.dll" porque AutoUnify es 'true'.
             Se usará esta versión en lugar de la versión original "6.0.0.0" en "C:\Users\Sergio\.nuget\packages\microsoft.windowsappsdk.ai\1.8.47\lib\net6.0-windows10.0.17763.0\Microsoft.Windows.AI.Projection.dll" porque AutoUnify es 'true'.
             Se usará esta versión en lugar de la versión original "6.0.0.0" en "C:\Users\Sergio\.nuget\packages\microsoft.windowsappsdk.ai\1.8.47\lib\net6.0-windows10.0.17763.0\Microsoft.Windows.AI.Text.Projection.dll" porque AutoUnify es 'true'.
             Se usará esta versión en lugar de la versión original "6.0.0.0" en "C:\Users\Sergio\.nuget\packages\microsoft.windowsappsdk.foundation\1.8.260203002\lib\net6.0-windows10.0.17763.0\Microsoft.Security.Authentication.OAuth.Projection.dll" porque AutoUnify es 'true'.
             Se usará esta versión en lugar de la versión original "6.0.0.0" en "C:\Users\Sergio\.nuget\packages\microsoft.windowsappsdk.foundation\1.8.260203002\lib\net6.0-windows10.0.17763.0\Microsoft.Windows.AppLifecycle.Projection.dll" porque AutoUnify es 'true'.
             Se usará esta versión en lugar de la versión original "6.0.0.0" en "C:\Users\Sergio\.nuget\packages\microsoft.windowsappsdk.foundation\1.8.260203002\lib\net6.0-windows10.0.17763.0\Microsoft.Windows.AppNotifications.Builder.Projection.dll" porque AutoUnify es 'true'.
             Se usará esta versión en lugar de la versión original "6.0.0.0" en "C:\Users\Sergio\.nuget\packages\microsoft.windowsappsdk.foundation\1.8.260203002\lib\net6.0-windows10.0.17763.0\Microsoft.Windows.AppNotifications.Projection.dll" porque AutoUnify es 'true'.
             Se usará esta versión en lugar de la versión original "6.0.0.0" en "C:\Users\Sergio\.nuget\packages\microsoft.windowsappsdk.foundation\1.8.260203002\lib\net6.0-windows10.0.17763.0\Microsoft.Windows.ApplicationModel.Background.Projection.dll" porque AutoUnify es 'true'.
             Se usará esta versión en lugar de la versión original "6.0.0.0" en "C:\Users\Sergio\.nuget\packages\microsoft.windowsappsdk.foundation\1.8.260203002\lib\net6.0-windows10.0.17763.0\Microsoft.Windows.ApplicationModel.DynamicDependency.Projection.dll" porque AutoUnify es 'true'.
             Se usará esta versión en lugar de la versión original "6.0.0.0" en "C:\Users\Sergio\.nuget\packages\microsoft.windowsappsdk.foundation\1.8.260203002\lib\net6.0-windows10.0.17763.0\Microsoft.Windows.ApplicationModel.Resources.Projection.dll" porque AutoUnify es 'true'.
             Se usará esta versión en lugar de la versión original "6.0.0.0" en "C:\Users\Sergio\.nuget\packages\microsoft.windowsappsdk.foundation\1.8.260203002\lib\net6.0-windows10.0.17763.0\Microsoft.Windows.ApplicationModel.WindowsAppRuntime.Projection.dll" porque AutoUnify es 'true'.
             Se usará esta versión en lugar de la versión original "6.0.0.0" en "C:\Users\Sergio\.nuget\packages\microsoft.windowsappsdk.foundation\1.8.260203002\lib\net6.0-windows10.0.17763.0\Microsoft.Windows.BadgeNotifications.Projection.dll" porque AutoUnify es 'true'.
             Se usará esta versión en lugar de la versión original "6.0.0.0" en "C:\Users\Sergio\.nuget\packages\microsoft.windowsappsdk.foundation\1.8.260203002\lib\net6.0-windows10.0.17763.0\Microsoft.Windows.Foundation.Projection.dll" porque AutoUnify es 'true'.
             Se usará esta versión en lugar de la versión original "6.0.0.0" en "C:\Users\Sergio\.nuget\packages\microsoft.windowsappsdk.foundation\1.8.260203002\lib\net6.0-windows10.0.17763.0\Microsoft.Windows.Management.Deployment.Projection.dll" porque AutoUnify es 'true'.
             Se usará esta versión en lugar de la versión original "6.0.0.0" en "C:\Users\Sergio\.nuget\packages\microsoft.windowsappsdk.foundation\1.8.260203002\lib\net6.0-windows10.0.17763.0\Microsoft.Windows.Media.Capture.Projection.dll" porque AutoUnify es 'true'.
             Se usará esta versión en lugar de la versión original "6.0.0.0" en "C:\Users\Sergio\.nuget\packages\microsoft.windowsappsdk.foundation\1.8.260203002\lib\net6.0-windows10.0.17763.0\Microsoft.Windows.PushNotifications.Projection.dll" porque AutoUnify es 'true'.
             Se usará esta versión en lugar de la versión original "6.0.0.0" en "C:\Users\Sergio\.nuget\packages\microsoft.windowsappsdk.foundation\1.8.260203002\lib\net6.0-windows10.0.17763.0\Microsoft.Windows.Security.AccessControl.Projection.dll" porque AutoUnify es 'true'.
             Se usará esta versión en lugar de la versión original "6.0.0.0" en "C:\Users\Sergio\.nuget\packages\microsoft.windowsappsdk.foundation\1.8.260203002\lib\net6.0-windows10.0.17763.0\Microsoft.Windows.Storage.Pickers.Projection.dll" porque AutoUnify es 'true'.
             Se usará esta versión en lugar de la versión original "6.0.0.0" en "C:\Users\Sergio\.nuget\packages\microsoft.windowsappsdk.foundation\1.8.260203002\lib\net6.0-windows10.0.17763.0\Microsoft.Windows.Storage.Projection.dll" porque AutoUnify es 'true'.
             Se usará esta versión en lugar de la versión original "6.0.0.0" en "C:\Users\Sergio\.nuget\packages\microsoft.windowsappsdk.foundation\1.8.260203002\lib\net6.0-windows10.0.17763.0\Microsoft.Windows.System.Power.Projection.dll" porque AutoUnify es 'true'.
             Se usará esta versión en lugar de la versión original "6.0.0.0" en "C:\Users\Sergio\.nuget\packages\microsoft.windowsappsdk.foundation\1.8.260203002\lib\net6.0-windows10.0.17763.0\Microsoft.Windows.System.Projection.dll" porque AutoUnify es 'true'.
             Se usará esta versión en lugar de la versión original "6.0.0.0" en "C:\Users\Sergio\.nuget\packages\microsoft.windowsappsdk.foundation\1.8.260203002\lib\net6.0-windows10.0.17763.0\Microsoft.WindowsAppRuntime.Bootstrap.Net.dll" porque AutoUnify es 'true'.
             Se usará esta versión en lugar de la versión original "6.0.0.0" en "C:\Users\Sergio\.nuget\packages\microsoft.windowsappsdk.interactiveexperiences\1.8.260125001\lib\net6.0-windows10.0.18362.0\Microsoft.InteractiveExperiences.Projection.dll" porque AutoUnify es 'true'.
             Se usará esta versión en lugar de la versión original "6.0.0.0" en "C:\Users\Sergio\.nuget\packages\microsoft.windowsappsdk.ml\1.8.2124\lib\net8.0-windows10.0.17763.0\Microsoft.Windows.AI.MachineLearning.Projection.dll" porque AutoUnify es 'true'.
             Se usará esta versión en lugar de la versión original "6.0.0.0" en "C:\Users\Sergio\.nuget\packages\microsoft.windowsappsdk.widgets\1.8.251231004\lib\net6.0-windows10.0.17763.0\Microsoft.Windows.Widgets.Projection.dll" porque AutoUnify es 'true'.
             Se usará esta versión en lugar de la versión original "6.0.0.0" en "C:\Users\Sergio\.nuget\packages\microsoft.windowsappsdk.winui\1.8.260204000\lib\net6.0-windows10.0.17763.0\Microsoft.WinUI.dll" porque AutoUnify es 'true'.
             La ruta de acceso del archivo resuelta es "C:\Program Files\dotnet\packs\Microsoft.NETCore.App.Ref\8.0.19\ref\net8.0\System.Runtime.dll".
             Se encontró una referencia en la ubicación de ruta de acceso de búsqueda "{RawFileName}".
             Esta referencia no es "CopyLocal" porque existe al menos un elemento de origen con "Private" establecido en "false" y ningún elemento de origen con "Private" establecido en "true".
         Referencia principal "System.Security.AccessControl, Version=8.0.0.0, Culture=neutral, PublicKeyToken=b03f5f7f11d50a3a".
             La ruta de acceso del archivo resuelta es "C:\Program Files\dotnet\packs\Microsoft.NETCore.App.Ref\8.0.19\ref\net8.0\System.Security.AccessControl.dll".
             Se encontró una referencia en la ubicación de ruta de acceso de búsqueda "{RawFileName}".
             Esta referencia no es "CopyLocal" porque existe al menos un elemento de origen con "Private" establecido en "false" y ningún elemento de origen con "Private" establecido en "true".
         Referencia principal "System.Security.Claims, Version=8.0.0.0, Culture=neutral, PublicKeyToken=b03f5f7f11d50a3a".
             La ruta de acceso del archivo resuelta es "C:\Program Files\dotnet\packs\Microsoft.NETCore.App.Ref\8.0.19\ref\net8.0\System.Security.Claims.dll".
             Se encontró una referencia en la ubicación de ruta de acceso de búsqueda "{RawFileName}".
             Esta referencia no es "CopyLocal" porque existe al menos un elemento de origen con "Private" establecido en "false" y ningún elemento de origen con "Private" establecido en "true".
         Referencia principal "System.Security.Cryptography.Algorithms, Version=8.0.0.0, Culture=neutral, PublicKeyToken=b03f5f7f11d50a3a".
             La ruta de acceso del archivo resuelta es "C:\Program Files\dotnet\packs\Microsoft.NETCore.App.Ref\8.0.19\ref\net8.0\System.Security.Cryptography.Algorithms.dll".
             Se encontró una referencia en la ubicación de ruta de acceso de búsqueda "{RawFileName}".
             Esta referencia no es "CopyLocal" porque existe al menos un elemento de origen con "Private" establecido en "false" y ningún elemento de origen con "Private" establecido en "true".
         Referencia principal "System.Security.Cryptography.Cng, Version=8.0.0.0, Culture=neutral, PublicKeyToken=b03f5f7f11d50a3a".
             La ruta de acceso del archivo resuelta es "C:\Program Files\dotnet\packs\Microsoft.NETCore.App.Ref\8.0.19\ref\net8.0\System.Security.Cryptography.Cng.dll".
             Se encontró una referencia en la ubicación de ruta de acceso de búsqueda "{RawFileName}".
             Esta referencia no es "CopyLocal" porque existe al menos un elemento de origen con "Private" establecido en "false" y ningún elemento de origen con "Private" establecido en "true".
         Referencia principal "System.Security.Cryptography.Csp, Version=8.0.0.0, Culture=neutral, PublicKeyToken=b03f5f7f11d50a3a".
             La ruta de acceso del archivo resuelta es "C:\Program Files\dotnet\packs\Microsoft.NETCore.App.Ref\8.0.19\ref\net8.0\System.Security.Cryptography.Csp.dll".
             Se encontró una referencia en la ubicación de ruta de acceso de búsqueda "{RawFileName}".
             Esta referencia no es "CopyLocal" porque existe al menos un elemento de origen con "Private" establecido en "false" y ningún elemento de origen con "Private" establecido en "true".
         Referencia principal "System.Security.Cryptography.Encoding, Version=8.0.0.0, Culture=neutral, PublicKeyToken=b03f5f7f11d50a3a".
             La ruta de acceso del archivo resuelta es "C:\Program Files\dotnet\packs\Microsoft.NETCore.App.Ref\8.0.19\ref\net8.0\System.Security.Cryptography.Encoding.dll".
             Se encontró una referencia en la ubicación de ruta de acceso de búsqueda "{RawFileName}".
             Esta referencia no es "CopyLocal" porque existe al menos un elemento de origen con "Private" establecido en "false" y ningún elemento de origen con "Private" establecido en "true".
         Referencia principal "System.Security.Cryptography.OpenSsl, Version=8.0.0.0, Culture=neutral, PublicKeyToken=b03f5f7f11d50a3a".
             La ruta de acceso del archivo resuelta es "C:\Program Files\dotnet\packs\Microsoft.NETCore.App.Ref\8.0.19\ref\net8.0\System.Security.Cryptography.OpenSsl.dll".
             Se encontró una referencia en la ubicación de ruta de acceso de búsqueda "{RawFileName}".
             Esta referencia no es "CopyLocal" porque existe al menos un elemento de origen con "Private" establecido en "false" y ningún elemento de origen con "Private" establecido en "true".
         Referencia principal "System.Security.Cryptography.Primitives, Version=8.0.0.0, Culture=neutral, PublicKeyToken=b03f5f7f11d50a3a".
             La ruta de acceso del archivo resuelta es "C:\Program Files\dotnet\packs\Microsoft.NETCore.App.Ref\8.0.19\ref\net8.0\System.Security.Cryptography.Primitives.dll".
             Se encontró una referencia en la ubicación de ruta de acceso de búsqueda "{RawFileName}".
             Esta referencia no es "CopyLocal" porque existe al menos un elemento de origen con "Private" establecido en "false" y ningún elemento de origen con "Private" establecido en "true".
         Referencia principal "System.Security.Cryptography.X509Certificates, Version=8.0.0.0, Culture=neutral, PublicKeyToken=b03f5f7f11d50a3a".
             La ruta de acceso del archivo resuelta es "C:\Program Files\dotnet\packs\Microsoft.NETCore.App.Ref\8.0.19\ref\net8.0\System.Security.Cryptography.X509Certificates.dll".
             Se encontró una referencia en la ubicación de ruta de acceso de búsqueda "{RawFileName}".
             Esta referencia no es "CopyLocal" porque existe al menos un elemento de origen con "Private" establecido en "false" y ningún elemento de origen con "Private" establecido en "true".
         Referencia principal "System.Security.Cryptography, Version=8.0.0.0, Culture=neutral, PublicKeyToken=b03f5f7f11d50a3a".
             La ruta de acceso del archivo resuelta es "C:\Program Files\dotnet\packs\Microsoft.NETCore.App.Ref\8.0.19\ref\net8.0\System.Security.Cryptography.dll".
             Se encontró una referencia en la ubicación de ruta de acceso de búsqueda "{RawFileName}".
             Esta referencia no es "CopyLocal" porque existe al menos un elemento de origen con "Private" establecido en "false" y ningún elemento de origen con "Private" establecido en "true".
         Referencia principal "System.Security.Principal.Windows, Version=8.0.0.0, Culture=neutral, PublicKeyToken=b03f5f7f11d50a3a".
             La ruta de acceso del archivo resuelta es "C:\Program Files\dotnet\packs\Microsoft.NETCore.App.Ref\8.0.19\ref\net8.0\System.Security.Principal.Windows.dll".
             Se encontró una referencia en la ubicación de ruta de acceso de búsqueda "{RawFileName}".
             Esta referencia no es "CopyLocal" porque existe al menos un elemento de origen con "Private" establecido en "false" y ningún elemento de origen con "Private" establecido en "true".
         Referencia principal "System.Security.Principal, Version=8.0.0.0, Culture=neutral, PublicKeyToken=b03f5f7f11d50a3a".
             La ruta de acceso del archivo resuelta es "C:\Program Files\dotnet\packs\Microsoft.NETCore.App.Ref\8.0.19\ref\net8.0\System.Security.Principal.dll".
             Se encontró una referencia en la ubicación de ruta de acceso de búsqueda "{RawFileName}".
             Esta referencia no es "CopyLocal" porque existe al menos un elemento de origen con "Private" establecido en "false" y ningún elemento de origen con "Private" establecido en "true".
         Referencia principal "System.Security.SecureString, Version=8.0.0.0, Culture=neutral, PublicKeyToken=b03f5f7f11d50a3a".
             La ruta de acceso del archivo resuelta es "C:\Program Files\dotnet\packs\Microsoft.NETCore.App.Ref\8.0.19\ref\net8.0\System.Security.SecureString.dll".
             Se encontró una referencia en la ubicación de ruta de acceso de búsqueda "{RawFileName}".
             Esta referencia no es "CopyLocal" porque existe al menos un elemento de origen con "Private" establecido en "false" y ningún elemento de origen con "Private" establecido en "true".
         Referencia principal "System.Security, Version=4.0.0.0, Culture=neutral, PublicKeyToken=b03f5f7f11d50a3a".
             La ruta de acceso del archivo resuelta es "C:\Program Files\dotnet\packs\Microsoft.NETCore.App.Ref\8.0.19\ref\net8.0\System.Security.dll".
             Se encontró una referencia en la ubicación de ruta de acceso de búsqueda "{RawFileName}".
             Esta referencia no es "CopyLocal" porque existe al menos un elemento de origen con "Private" establecido en "false" y ningún elemento de origen con "Private" establecido en "true".
         Referencia principal "System.ServiceModel.Web, Version=4.0.0.0, Culture=neutral, PublicKeyToken=31bf3856ad364e35".
             La ruta de acceso del archivo resuelta es "C:\Program Files\dotnet\packs\Microsoft.NETCore.App.Ref\8.0.19\ref\net8.0\System.ServiceModel.Web.dll".
             Se encontró una referencia en la ubicación de ruta de acceso de búsqueda "{RawFileName}".
             Esta referencia no es "CopyLocal" porque existe al menos un elemento de origen con "Private" establecido en "false" y ningún elemento de origen con "Private" establecido en "true".
         Referencia principal "System.ServiceProcess, Version=4.0.0.0, Culture=neutral, PublicKeyToken=b03f5f7f11d50a3a".
             La ruta de acceso del archivo resuelta es "C:\Program Files\dotnet\packs\Microsoft.NETCore.App.Ref\8.0.19\ref\net8.0\System.ServiceProcess.dll".
             Se encontró una referencia en la ubicación de ruta de acceso de búsqueda "{RawFileName}".
             Esta referencia no es "CopyLocal" porque existe al menos un elemento de origen con "Private" establecido en "false" y ningún elemento de origen con "Private" establecido en "true".
         Referencia principal "System.Text.Encoding.CodePages, Version=8.0.0.0, Culture=neutral, PublicKeyToken=b03f5f7f11d50a3a".
             La ruta de acceso del archivo resuelta es "C:\Program Files\dotnet\packs\Microsoft.NETCore.App.Ref\8.0.19\ref\net8.0\System.Text.Encoding.CodePages.dll".
             Se encontró una referencia en la ubicación de ruta de acceso de búsqueda "{RawFileName}".
             Esta referencia no es "CopyLocal" porque existe al menos un elemento de origen con "Private" establecido en "false" y ningún elemento de origen con "Private" establecido en "true".
         Referencia principal "System.Text.Encoding.Extensions, Version=8.0.0.0, Culture=neutral, PublicKeyToken=b03f5f7f11d50a3a".
             La ruta de acceso del archivo resuelta es "C:\Program Files\dotnet\packs\Microsoft.NETCore.App.Ref\8.0.19\ref\net8.0\System.Text.Encoding.Extensions.dll".
             Se encontró una referencia en la ubicación de ruta de acceso de búsqueda "{RawFileName}".
             Esta referencia no es "CopyLocal" porque existe al menos un elemento de origen con "Private" establecido en "false" y ningún elemento de origen con "Private" establecido en "true".
         Referencia principal "System.Text.Encoding, Version=8.0.0.0, Culture=neutral, PublicKeyToken=b03f5f7f11d50a3a".
             La ruta de acceso del archivo resuelta es "C:\Program Files\dotnet\packs\Microsoft.NETCore.App.Ref\8.0.19\ref\net8.0\System.Text.Encoding.dll".
             Se encontró una referencia en la ubicación de ruta de acceso de búsqueda "{RawFileName}".
             Esta referencia no es "CopyLocal" porque existe al menos un elemento de origen con "Private" establecido en "false" y ningún elemento de origen con "Private" establecido en "true".
         Referencia principal "System.Text.RegularExpressions, Version=8.0.0.0, Culture=neutral, PublicKeyToken=b03f5f7f11d50a3a".
             La ruta de acceso del archivo resuelta es "C:\Program Files\dotnet\packs\Microsoft.NETCore.App.Ref\8.0.19\ref\net8.0\System.Text.RegularExpressions.dll".
             Se encontró una referencia en la ubicación de ruta de acceso de búsqueda "{RawFileName}".
             Esta referencia no es "CopyLocal" porque existe al menos un elemento de origen con "Private" establecido en "false" y ningún elemento de origen con "Private" establecido en "true".
         Referencia principal "System.Threading.Channels, Version=8.0.0.0, Culture=neutral, PublicKeyToken=cc7b13ffcd2ddd51".
             La ruta de acceso del archivo resuelta es "C:\Program Files\dotnet\packs\Microsoft.NETCore.App.Ref\8.0.19\ref\net8.0\System.Threading.Channels.dll".
             Se encontró una referencia en la ubicación de ruta de acceso de búsqueda "{RawFileName}".
             Esta referencia no es "CopyLocal" porque existe al menos un elemento de origen con "Private" establecido en "false" y ningún elemento de origen con "Private" establecido en "true".
         Referencia principal "System.Threading.Overlapped, Version=8.0.0.0, Culture=neutral, PublicKeyToken=b03f5f7f11d50a3a".
             La ruta de acceso del archivo resuelta es "C:\Program Files\dotnet\packs\Microsoft.NETCore.App.Ref\8.0.19\ref\net8.0\System.Threading.Overlapped.dll".
             Se encontró una referencia en la ubicación de ruta de acceso de búsqueda "{RawFileName}".
             Esta referencia no es "CopyLocal" porque existe al menos un elemento de origen con "Private" establecido en "false" y ningún elemento de origen con "Private" establecido en "true".
         Referencia principal "System.Threading.Tasks.Dataflow, Version=8.0.0.0, Culture=neutral, PublicKeyToken=b03f5f7f11d50a3a".
             La ruta de acceso del archivo resuelta es "C:\Program Files\dotnet\packs\Microsoft.NETCore.App.Ref\8.0.19\ref\net8.0\System.Threading.Tasks.Dataflow.dll".
             Se encontró una referencia en la ubicación de ruta de acceso de búsqueda "{RawFileName}".
             Esta referencia no es "CopyLocal" porque existe al menos un elemento de origen con "Private" establecido en "false" y ningún elemento de origen con "Private" establecido en "true".
         Referencia principal "System.Threading.Tasks.Extensions, Version=8.0.0.0, Culture=neutral, PublicKeyToken=cc7b13ffcd2ddd51".
             La ruta de acceso del archivo resuelta es "C:\Program Files\dotnet\packs\Microsoft.NETCore.App.Ref\8.0.19\ref\net8.0\System.Threading.Tasks.Extensions.dll".
             Se encontró una referencia en la ubicación de ruta de acceso de búsqueda "{RawFileName}".
             Esta referencia no es "CopyLocal" porque existe al menos un elemento de origen con "Private" establecido en "false" y ningún elemento de origen con "Private" establecido en "true".
         Referencia principal "System.Threading.Tasks.Parallel, Version=8.0.0.0, Culture=neutral, PublicKeyToken=b03f5f7f11d50a3a".
             La ruta de acceso del archivo resuelta es "C:\Program Files\dotnet\packs\Microsoft.NETCore.App.Ref\8.0.19\ref\net8.0\System.Threading.Tasks.Parallel.dll".
             Se encontró una referencia en la ubicación de ruta de acceso de búsqueda "{RawFileName}".
             Esta referencia no es "CopyLocal" porque existe al menos un elemento de origen con "Private" establecido en "false" y ningún elemento de origen con "Private" establecido en "true".
         Referencia principal "System.Threading.Tasks, Version=8.0.0.0, Culture=neutral, PublicKeyToken=b03f5f7f11d50a3a".
             La ruta de acceso del archivo resuelta es "C:\Program Files\dotnet\packs\Microsoft.NETCore.App.Ref\8.0.19\ref\net8.0\System.Threading.Tasks.dll".
             Se encontró una referencia en la ubicación de ruta de acceso de búsqueda "{RawFileName}".
             Esta referencia no es "CopyLocal" porque existe al menos un elemento de origen con "Private" establecido en "false" y ningún elemento de origen con "Private" establecido en "true".
         Referencia principal "System.Threading.Thread, Version=8.0.0.0, Culture=neutral, PublicKeyToken=b03f5f7f11d50a3a".
             La ruta de acceso del archivo resuelta es "C:\Program Files\dotnet\packs\Microsoft.NETCore.App.Ref\8.0.19\ref\net8.0\System.Threading.Thread.dll".
             Se encontró una referencia en la ubicación de ruta de acceso de búsqueda "{RawFileName}".
             Esta referencia no es "CopyLocal" porque existe al menos un elemento de origen con "Private" establecido en "false" y ningún elemento de origen con "Private" establecido en "true".
         Referencia principal "System.Threading.ThreadPool, Version=8.0.0.0, Culture=neutral, PublicKeyToken=b03f5f7f11d50a3a".
             La ruta de acceso del archivo resuelta es "C:\Program Files\dotnet\packs\Microsoft.NETCore.App.Ref\8.0.19\ref\net8.0\System.Threading.ThreadPool.dll".
             Se encontró una referencia en la ubicación de ruta de acceso de búsqueda "{RawFileName}".
             Esta referencia no es "CopyLocal" porque existe al menos un elemento de origen con "Private" establecido en "false" y ningún elemento de origen con "Private" establecido en "true".
         Referencia principal "System.Threading.Timer, Version=8.0.0.0, Culture=neutral, PublicKeyToken=b03f5f7f11d50a3a".
             La ruta de acceso del archivo resuelta es "C:\Program Files\dotnet\packs\Microsoft.NETCore.App.Ref\8.0.19\ref\net8.0\System.Threading.Timer.dll".
             Se encontró una referencia en la ubicación de ruta de acceso de búsqueda "{RawFileName}".
             Esta referencia no es "CopyLocal" porque existe al menos un elemento de origen con "Private" establecido en "false" y ningún elemento de origen con "Private" establecido en "true".
         Referencia principal unificada "System.Threading, Version=8.0.0.0, Culture=neutral, PublicKeyToken=b03f5f7f11d50a3a".
             Se usará esta versión en lugar de la versión original "6.0.0.0" en "C:\Users\Sergio\.nuget\packages\microsoft.windowsappsdk.ai\1.8.47\lib\net6.0-windows10.0.17763.0\Microsoft.Graphics.Imaging.Projection.dll" porque AutoUnify es 'true'.
             Se usará esta versión en lugar de la versión original "6.0.0.0" en "C:\Users\Sergio\.nuget\packages\microsoft.windowsappsdk.ai\1.8.47\lib\net6.0-windows10.0.17763.0\Microsoft.Windows.AI.ContentSafety.Projection.dll" porque AutoUnify es 'true'.
             Se usará esta versión en lugar de la versión original "6.0.0.0" en "C:\Users\Sergio\.nuget\packages\microsoft.windowsappsdk.ai\1.8.47\lib\net6.0-windows10.0.17763.0\Microsoft.Windows.AI.Foundation.Projection.dll" porque AutoUnify es 'true'.
             Se usará esta versión en lugar de la versión original "6.0.0.0" en "C:\Users\Sergio\.nuget\packages\microsoft.windowsappsdk.ai\1.8.47\lib\net6.0-windows10.0.17763.0\Microsoft.Windows.AI.Imaging.Projection.dll" porque AutoUnify es 'true'.
             Se usará esta versión en lugar de la versión original "6.0.0.0" en "C:\Users\Sergio\.nuget\packages\microsoft.windowsappsdk.ai\1.8.47\lib\net6.0-windows10.0.17763.0\Microsoft.Windows.AI.Projection.dll" porque AutoUnify es 'true'.
             Se usará esta versión en lugar de la versión original "6.0.0.0" en "C:\Users\Sergio\.nuget\packages\microsoft.windowsappsdk.ai\1.8.47\lib\net6.0-windows10.0.17763.0\Microsoft.Windows.AI.Text.Projection.dll" porque AutoUnify es 'true'.
             Se usará esta versión en lugar de la versión original "6.0.0.0" en "C:\Users\Sergio\.nuget\packages\microsoft.windowsappsdk.foundation\1.8.260203002\lib\net6.0-windows10.0.17763.0\Microsoft.Security.Authentication.OAuth.Projection.dll" porque AutoUnify es 'true'.
             Se usará esta versión en lugar de la versión original "6.0.0.0" en "C:\Users\Sergio\.nuget\packages\microsoft.windowsappsdk.foundation\1.8.260203002\lib\net6.0-windows10.0.17763.0\Microsoft.Windows.AppLifecycle.Projection.dll" porque AutoUnify es 'true'.
             Se usará esta versión en lugar de la versión original "6.0.0.0" en "C:\Users\Sergio\.nuget\packages\microsoft.windowsappsdk.foundation\1.8.260203002\lib\net6.0-windows10.0.17763.0\Microsoft.Windows.AppNotifications.Builder.Projection.dll" porque AutoUnify es 'true'.
             Se usará esta versión en lugar de la versión original "6.0.0.0" en "C:\Users\Sergio\.nuget\packages\microsoft.windowsappsdk.foundation\1.8.260203002\lib\net6.0-windows10.0.17763.0\Microsoft.Windows.AppNotifications.Projection.dll" porque AutoUnify es 'true'.
             Se usará esta versión en lugar de la versión original "6.0.0.0" en "C:\Users\Sergio\.nuget\packages\microsoft.windowsappsdk.foundation\1.8.260203002\lib\net6.0-windows10.0.17763.0\Microsoft.Windows.ApplicationModel.Background.Projection.dll" porque AutoUnify es 'true'.
             Se usará esta versión en lugar de la versión original "6.0.0.0" en "C:\Users\Sergio\.nuget\packages\microsoft.windowsappsdk.foundation\1.8.260203002\lib\net6.0-windows10.0.17763.0\Microsoft.Windows.ApplicationModel.DynamicDependency.Projection.dll" porque AutoUnify es 'true'.
             Se usará esta versión en lugar de la versión original "6.0.0.0" en "C:\Users\Sergio\.nuget\packages\microsoft.windowsappsdk.foundation\1.8.260203002\lib\net6.0-windows10.0.17763.0\Microsoft.Windows.ApplicationModel.Resources.Projection.dll" porque AutoUnify es 'true'.
             Se usará esta versión en lugar de la versión original "6.0.0.0" en "C:\Users\Sergio\.nuget\packages\microsoft.windowsappsdk.foundation\1.8.260203002\lib\net6.0-windows10.0.17763.0\Microsoft.Windows.ApplicationModel.WindowsAppRuntime.Projection.dll" porque AutoUnify es 'true'.
             Se usará esta versión en lugar de la versión original "6.0.0.0" en "C:\Users\Sergio\.nuget\packages\microsoft.windowsappsdk.foundation\1.8.260203002\lib\net6.0-windows10.0.17763.0\Microsoft.Windows.BadgeNotifications.Projection.dll" porque AutoUnify es 'true'.
             Se usará esta versión en lugar de la versión original "6.0.0.0" en "C:\Users\Sergio\.nuget\packages\microsoft.windowsappsdk.foundation\1.8.260203002\lib\net6.0-windows10.0.17763.0\Microsoft.Windows.Management.Deployment.Projection.dll" porque AutoUnify es 'true'.
             Se usará esta versión en lugar de la versión original "6.0.0.0" en "C:\Users\Sergio\.nuget\packages\microsoft.windowsappsdk.foundation\1.8.260203002\lib\net6.0-windows10.0.17763.0\Microsoft.Windows.Media.Capture.Projection.dll" porque AutoUnify es 'true'.
             Se usará esta versión en lugar de la versión original "6.0.0.0" en "C:\Users\Sergio\.nuget\packages\microsoft.windowsappsdk.foundation\1.8.260203002\lib\net6.0-windows10.0.17763.0\Microsoft.Windows.PushNotifications.Projection.dll" porque AutoUnify es 'true'.
             Se usará esta versión en lugar de la versión original "6.0.0.0" en "C:\Users\Sergio\.nuget\packages\microsoft.windowsappsdk.foundation\1.8.260203002\lib\net6.0-windows10.0.17763.0\Microsoft.Windows.Storage.Pickers.Projection.dll" porque AutoUnify es 'true'.
             Se usará esta versión en lugar de la versión original "6.0.0.0" en "C:\Users\Sergio\.nuget\packages\microsoft.windowsappsdk.foundation\1.8.260203002\lib\net6.0-windows10.0.17763.0\Microsoft.Windows.Storage.Projection.dll" porque AutoUnify es 'true'.
             Se usará esta versión en lugar de la versión original "6.0.0.0" en "C:\Users\Sergio\.nuget\packages\microsoft.windowsappsdk.foundation\1.8.260203002\lib\net6.0-windows10.0.17763.0\Microsoft.Windows.System.Power.Projection.dll" porque AutoUnify es 'true'.
             Se usará esta versión en lugar de la versión original "6.0.0.0" en "C:\Users\Sergio\.nuget\packages\microsoft.windowsappsdk.foundation\1.8.260203002\lib\net6.0-windows10.0.17763.0\Microsoft.Windows.System.Projection.dll" porque AutoUnify es 'true'.
             Se usará esta versión en lugar de la versión original "6.0.0.0" en "C:\Users\Sergio\.nuget\packages\microsoft.windowsappsdk.interactiveexperiences\1.8.260125001\lib\net6.0-windows10.0.18362.0\Microsoft.InteractiveExperiences.Projection.dll" porque AutoUnify es 'true'.
             Se usará esta versión en lugar de la versión original "6.0.0.0" en "C:\Users\Sergio\.nuget\packages\microsoft.windowsappsdk.ml\1.8.2124\lib\net8.0-windows10.0.17763.0\Microsoft.Windows.AI.MachineLearning.Projection.dll" porque AutoUnify es 'true'.
             Se usará esta versión en lugar de la versión original "6.0.0.0" en "C:\Users\Sergio\.nuget\packages\microsoft.windowsappsdk.widgets\1.8.251231004\lib\net6.0-windows10.0.17763.0\Microsoft.Windows.Widgets.Projection.dll" porque AutoUnify es 'true'.
             Se usará esta versión en lugar de la versión original "6.0.0.0" en "C:\Users\Sergio\.nuget\packages\microsoft.windowsappsdk.winui\1.8.260204000\lib\net6.0-windows10.0.17763.0\Microsoft.WinUI.dll" porque AutoUnify es 'true'.
             La ruta de acceso del archivo resuelta es "C:\Program Files\dotnet\packs\Microsoft.NETCore.App.Ref\8.0.19\ref\net8.0\System.Threading.dll".
             Se encontró una referencia en la ubicación de ruta de acceso de búsqueda "{RawFileName}".
             Esta referencia no es "CopyLocal" porque existe al menos un elemento de origen con "Private" establecido en "false" y ningún elemento de origen con "Private" establecido en "true".
         Referencia principal "System.Transactions.Local, Version=8.0.0.0, Culture=neutral, PublicKeyToken=cc7b13ffcd2ddd51".
             La ruta de acceso del archivo resuelta es "C:\Program Files\dotnet\packs\Microsoft.NETCore.App.Ref\8.0.19\ref\net8.0\System.Transactions.Local.dll".
             Se encontró una referencia en la ubicación de ruta de acceso de búsqueda "{RawFileName}".
             Esta referencia no es "CopyLocal" porque existe al menos un elemento de origen con "Private" establecido en "false" y ningún elemento de origen con "Private" establecido en "true".
         Referencia principal "System.Transactions, Version=4.0.0.0, Culture=neutral, PublicKeyToken=b77a5c561934e089".
             La ruta de acceso del archivo resuelta es "C:\Program Files\dotnet\packs\Microsoft.NETCore.App.Ref\8.0.19\ref\net8.0\System.Transactions.dll".
             Se encontró una referencia en la ubicación de ruta de acceso de búsqueda "{RawFileName}".
             Esta referencia no es "CopyLocal" porque existe al menos un elemento de origen con "Private" establecido en "false" y ningún elemento de origen con "Private" establecido en "true".
         Referencia principal "System.ValueTuple, Version=8.0.0.0, Culture=neutral, PublicKeyToken=cc7b13ffcd2ddd51".
             La ruta de acceso del archivo resuelta es "C:\Program Files\dotnet\packs\Microsoft.NETCore.App.Ref\8.0.19\ref\net8.0\System.ValueTuple.dll".
             Se encontró una referencia en la ubicación de ruta de acceso de búsqueda "{RawFileName}".
             Esta referencia no es "CopyLocal" porque existe al menos un elemento de origen con "Private" establecido en "false" y ningún elemento de origen con "Private" establecido en "true".
         Referencia principal "System.Web.HttpUtility, Version=8.0.0.0, Culture=neutral, PublicKeyToken=cc7b13ffcd2ddd51".
             La ruta de acceso del archivo resuelta es "C:\Program Files\dotnet\packs\Microsoft.NETCore.App.Ref\8.0.19\ref\net8.0\System.Web.HttpUtility.dll".
             Se encontró una referencia en la ubicación de ruta de acceso de búsqueda "{RawFileName}".
             Esta referencia no es "CopyLocal" porque existe al menos un elemento de origen con "Private" establecido en "false" y ningún elemento de origen con "Private" establecido en "true".
         Referencia principal "System.Web, Version=4.0.0.0, Culture=neutral, PublicKeyToken=b03f5f7f11d50a3a".
             La ruta de acceso del archivo resuelta es "C:\Program Files\dotnet\packs\Microsoft.NETCore.App.Ref\8.0.19\ref\net8.0\System.Web.dll".
             Se encontró una referencia en la ubicación de ruta de acceso de búsqueda "{RawFileName}".
             Esta referencia no es "CopyLocal" porque existe al menos un elemento de origen con "Private" establecido en "false" y ningún elemento de origen con "Private" establecido en "true".
         Referencia principal "System.Windows, Version=4.0.0.0, Culture=neutral, PublicKeyToken=b03f5f7f11d50a3a".
             La ruta de acceso del archivo resuelta es "C:\Program Files\dotnet\packs\Microsoft.NETCore.App.Ref\8.0.19\ref\net8.0\System.Windows.dll".
             Se encontró una referencia en la ubicación de ruta de acceso de búsqueda "{RawFileName}".
             Esta referencia no es "CopyLocal" porque existe al menos un elemento de origen con "Private" establecido en "false" y ningún elemento de origen con "Private" establecido en "true".
         Referencia principal "System.Xml.Linq, Version=4.0.0.0, Culture=neutral, PublicKeyToken=b77a5c561934e089".
             La ruta de acceso del archivo resuelta es "C:\Program Files\dotnet\packs\Microsoft.NETCore.App.Ref\8.0.19\ref\net8.0\System.Xml.Linq.dll".
             Se encontró una referencia en la ubicación de ruta de acceso de búsqueda "{RawFileName}".
             Esta referencia no es "CopyLocal" porque existe al menos un elemento de origen con "Private" establecido en "false" y ningún elemento de origen con "Private" establecido en "true".
         Referencia principal "System.Xml.ReaderWriter, Version=8.0.0.0, Culture=neutral, PublicKeyToken=b03f5f7f11d50a3a".
             La ruta de acceso del archivo resuelta es "C:\Program Files\dotnet\packs\Microsoft.NETCore.App.Ref\8.0.19\ref\net8.0\System.Xml.ReaderWriter.dll".
             Se encontró una referencia en la ubicación de ruta de acceso de búsqueda "{RawFileName}".
             Esta referencia no es "CopyLocal" porque existe al menos un elemento de origen con "Private" establecido en "false" y ningún elemento de origen con "Private" establecido en "true".
         Referencia principal "System.Xml.Serialization, Version=4.0.0.0, Culture=neutral, PublicKeyToken=b77a5c561934e089".
             La ruta de acceso del archivo resuelta es "C:\Program Files\dotnet\packs\Microsoft.NETCore.App.Ref\8.0.19\ref\net8.0\System.Xml.Serialization.dll".
             Se encontró una referencia en la ubicación de ruta de acceso de búsqueda "{RawFileName}".
             Esta referencia no es "CopyLocal" porque existe al menos un elemento de origen con "Private" establecido en "false" y ningún elemento de origen con "Private" establecido en "true".
         Referencia principal "System.Xml.XDocument, Version=8.0.0.0, Culture=neutral, PublicKeyToken=b03f5f7f11d50a3a".
             La ruta de acceso del archivo resuelta es "C:\Program Files\dotnet\packs\Microsoft.NETCore.App.Ref\8.0.19\ref\net8.0\System.Xml.XDocument.dll".
             Se encontró una referencia en la ubicación de ruta de acceso de búsqueda "{RawFileName}".
             Esta referencia no es "CopyLocal" porque existe al menos un elemento de origen con "Private" establecido en "false" y ningún elemento de origen con "Private" establecido en "true".
         Referencia principal "System.Xml.XPath.XDocument, Version=8.0.0.0, Culture=neutral, PublicKeyToken=b03f5f7f11d50a3a".
             La ruta de acceso del archivo resuelta es "C:\Program Files\dotnet\packs\Microsoft.NETCore.App.Ref\8.0.19\ref\net8.0\System.Xml.XPath.XDocument.dll".
             Se encontró una referencia en la ubicación de ruta de acceso de búsqueda "{RawFileName}".
             Esta referencia no es "CopyLocal" porque existe al menos un elemento de origen con "Private" establecido en "false" y ningún elemento de origen con "Private" establecido en "true".
         Referencia principal "System.Xml.XPath, Version=8.0.0.0, Culture=neutral, PublicKeyToken=b03f5f7f11d50a3a".
             La ruta de acceso del archivo resuelta es "C:\Program Files\dotnet\packs\Microsoft.NETCore.App.Ref\8.0.19\ref\net8.0\System.Xml.XPath.dll".
             Se encontró una referencia en la ubicación de ruta de acceso de búsqueda "{RawFileName}".
             Esta referencia no es "CopyLocal" porque existe al menos un elemento de origen con "Private" establecido en "false" y ningún elemento de origen con "Private" establecido en "true".
         Referencia principal "System.Xml.XmlDocument, Version=8.0.0.0, Culture=neutral, PublicKeyToken=b03f5f7f11d50a3a".
             La ruta de acceso del archivo resuelta es "C:\Program Files\dotnet\packs\Microsoft.NETCore.App.Ref\8.0.19\ref\net8.0\System.Xml.XmlDocument.dll".
             Se encontró una referencia en la ubicación de ruta de acceso de búsqueda "{RawFileName}".
             Esta referencia no es "CopyLocal" porque existe al menos un elemento de origen con "Private" establecido en "false" y ningún elemento de origen con "Private" establecido en "true".
         Referencia principal "System.Xml.XmlSerializer, Version=8.0.0.0, Culture=neutral, PublicKeyToken=b03f5f7f11d50a3a".
             La ruta de acceso del archivo resuelta es "C:\Program Files\dotnet\packs\Microsoft.NETCore.App.Ref\8.0.19\ref\net8.0\System.Xml.XmlSerializer.dll".
             Se encontró una referencia en la ubicación de ruta de acceso de búsqueda "{RawFileName}".
             Esta referencia no es "CopyLocal" porque existe al menos un elemento de origen con "Private" establecido en "false" y ningún elemento de origen con "Private" establecido en "true".
         Referencia principal "System.Xml, Version=4.0.0.0, Culture=neutral, PublicKeyToken=b77a5c561934e089".
             La ruta de acceso del archivo resuelta es "C:\Program Files\dotnet\packs\Microsoft.NETCore.App.Ref\8.0.19\ref\net8.0\System.Xml.dll".
             Se encontró una referencia en la ubicación de ruta de acceso de búsqueda "{RawFileName}".
             Esta referencia no es "CopyLocal" porque existe al menos un elemento de origen con "Private" establecido en "false" y ningún elemento de origen con "Private" establecido en "true".
         Referencia principal "System, Version=4.0.0.0, Culture=neutral, PublicKeyToken=b77a5c561934e089".
             La ruta de acceso del archivo resuelta es "C:\Program Files\dotnet\packs\Microsoft.NETCore.App.Ref\8.0.19\ref\net8.0\System.dll".
             Se encontró una referencia en la ubicación de ruta de acceso de búsqueda "{RawFileName}".
             Esta referencia no es "CopyLocal" porque existe al menos un elemento de origen con "Private" establecido en "false" y ningún elemento de origen con "Private" establecido en "true".
         Referencia principal "WindowsBase, Version=4.0.0.0, Culture=neutral, PublicKeyToken=31bf3856ad364e35".
             La ruta de acceso del archivo resuelta es "C:\Program Files\dotnet\packs\Microsoft.NETCore.App.Ref\8.0.19\ref\net8.0\WindowsBase.dll".
             Se encontró una referencia en la ubicación de ruta de acceso de búsqueda "{RawFileName}".
             Esta referencia no es "CopyLocal" porque existe al menos un elemento de origen con "Private" establecido en "false" y ningún elemento de origen con "Private" establecido en "true".
         Referencia principal "mscorlib, Version=4.0.0.0, Culture=neutral, PublicKeyToken=b77a5c561934e089".
             La ruta de acceso del archivo resuelta es "C:\Program Files\dotnet\packs\Microsoft.NETCore.App.Ref\8.0.19\ref\net8.0\mscorlib.dll".
             Se encontró una referencia en la ubicación de ruta de acceso de búsqueda "{RawFileName}".
             Esta referencia no es "CopyLocal" porque existe al menos un elemento de origen con "Private" establecido en "false" y ningún elemento de origen con "Private" establecido en "true".
         Referencia principal "netstandard, Version=2.1.0.0, Culture=neutral, PublicKeyToken=cc7b13ffcd2ddd51".
             La ruta de acceso del archivo resuelta es "C:\Program Files\dotnet\packs\Microsoft.NETCore.App.Ref\8.0.19\ref\net8.0\netstandard.dll".
             Se encontró una referencia en la ubicación de ruta de acceso de búsqueda "{RawFileName}".
             Esta referencia no es "CopyLocal" porque existe al menos un elemento de origen con "Private" establecido en "false" y ningún elemento de origen con "Private" establecido en "true".
         Referencia principal unificada "Microsoft.Windows.SDK.NET, Version=10.0.19041.38, Culture=neutral, PublicKeyToken=31bf3856ad364e35".
             Se usará esta versión en lugar de la versión original "10.0.17763.38" en "C:\Users\Sergio\.nuget\packages\microsoft.web.webview2\1.0.3800.47\lib_manual\net8.0-windows10.0.17763.0\Microsoft.Web.WebView2.Core.Projection.dll" porque AutoUnify es 'true'.
             Se usará esta versión en lugar de la versión original "10.0.17763.38" en "C:\Users\Sergio\.nuget\packages\microsoft.windowsappsdk.ai\1.8.47\lib\net6.0-windows10.0.17763.0\Microsoft.Graphics.Imaging.Projection.dll" porque AutoUnify es 'true'.
             Se usará esta versión en lugar de la versión original "10.0.17763.38" en "C:\Users\Sergio\.nuget\packages\microsoft.windowsappsdk.ai\1.8.47\lib\net6.0-windows10.0.17763.0\Microsoft.Windows.AI.ContentSafety.Projection.dll" porque AutoUnify es 'true'.
             Se usará esta versión en lugar de la versión original "10.0.17763.38" en "C:\Users\Sergio\.nuget\packages\microsoft.windowsappsdk.ai\1.8.47\lib\net6.0-windows10.0.17763.0\Microsoft.Windows.AI.Foundation.Projection.dll" porque AutoUnify es 'true'.
             Se usará esta versión en lugar de la versión original "10.0.17763.38" en "C:\Users\Sergio\.nuget\packages\microsoft.windowsappsdk.ai\1.8.47\lib\net6.0-windows10.0.17763.0\Microsoft.Windows.AI.Imaging.Projection.dll" porque AutoUnify es 'true'.
             Se usará esta versión en lugar de la versión original "10.0.17763.38" en "C:\Users\Sergio\.nuget\packages\microsoft.windowsappsdk.ai\1.8.47\lib\net6.0-windows10.0.17763.0\Microsoft.Windows.AI.Projection.dll" porque AutoUnify es 'true'.
             Se usará esta versión en lugar de la versión original "10.0.17763.38" en "C:\Users\Sergio\.nuget\packages\microsoft.windowsappsdk.ai\1.8.47\lib\net6.0-windows10.0.17763.0\Microsoft.Windows.AI.Text.Projection.dll" porque AutoUnify es 'true'.
             Se usará esta versión en lugar de la versión original "10.0.17763.38" en "C:\Users\Sergio\.nuget\packages\microsoft.windowsappsdk.foundation\1.8.260203002\lib\net6.0-windows10.0.17763.0\Microsoft.Security.Authentication.OAuth.Projection.dll" porque AutoUnify es 'true'.
             Se usará esta versión en lugar de la versión original "10.0.17763.38" en "C:\Users\Sergio\.nuget\packages\microsoft.windowsappsdk.foundation\1.8.260203002\lib\net6.0-windows10.0.17763.0\Microsoft.Windows.AppLifecycle.Projection.dll" porque AutoUnify es 'true'.
             Se usará esta versión en lugar de la versión original "10.0.17763.38" en "C:\Users\Sergio\.nuget\packages\microsoft.windowsappsdk.foundation\1.8.260203002\lib\net6.0-windows10.0.17763.0\Microsoft.Windows.AppNotifications.Builder.Projection.dll" porque AutoUnify es 'true'.
             Se usará esta versión en lugar de la versión original "10.0.17763.38" en "C:\Users\Sergio\.nuget\packages\microsoft.windowsappsdk.foundation\1.8.260203002\lib\net6.0-windows10.0.17763.0\Microsoft.Windows.AppNotifications.Projection.dll" porque AutoUnify es 'true'.
             Se usará esta versión en lugar de la versión original "10.0.17763.38" en "C:\Users\Sergio\.nuget\packages\microsoft.windowsappsdk.foundation\1.8.260203002\lib\net6.0-windows10.0.17763.0\Microsoft.Windows.ApplicationModel.Background.Projection.dll" porque AutoUnify es 'true'.
             Se usará esta versión en lugar de la versión original "10.0.17763.38" en "C:\Users\Sergio\.nuget\packages\microsoft.windowsappsdk.foundation\1.8.260203002\lib\net6.0-windows10.0.17763.0\Microsoft.Windows.ApplicationModel.DynamicDependency.Projection.dll" porque AutoUnify es 'true'.
             Se usará esta versión en lugar de la versión original "10.0.17763.38" en "C:\Users\Sergio\.nuget\packages\microsoft.windowsappsdk.foundation\1.8.260203002\lib\net6.0-windows10.0.17763.0\Microsoft.Windows.ApplicationModel.Resources.Projection.dll" porque AutoUnify es 'true'.
             Se usará esta versión en lugar de la versión original "10.0.17763.38" en "C:\Users\Sergio\.nuget\packages\microsoft.windowsappsdk.foundation\1.8.260203002\lib\net6.0-windows10.0.17763.0\Microsoft.Windows.ApplicationModel.WindowsAppRuntime.Projection.dll" porque AutoUnify es 'true'.
             Se usará esta versión en lugar de la versión original "10.0.17763.38" en "C:\Users\Sergio\.nuget\packages\microsoft.windowsappsdk.foundation\1.8.260203002\lib\net6.0-windows10.0.17763.0\Microsoft.Windows.BadgeNotifications.Projection.dll" porque AutoUnify es 'true'.
             Se usará esta versión en lugar de la versión original "10.0.17763.38" en "C:\Users\Sergio\.nuget\packages\microsoft.windowsappsdk.foundation\1.8.260203002\lib\net6.0-windows10.0.17763.0\Microsoft.Windows.Foundation.Projection.dll" porque AutoUnify es 'true'.
             Se usará esta versión en lugar de la versión original "10.0.17763.38" en "C:\Users\Sergio\.nuget\packages\microsoft.windowsappsdk.foundation\1.8.260203002\lib\net6.0-windows10.0.17763.0\Microsoft.Windows.Management.Deployment.Projection.dll" porque AutoUnify es 'true'.
             Se usará esta versión en lugar de la versión original "10.0.17763.38" en "C:\Users\Sergio\.nuget\packages\microsoft.windowsappsdk.foundation\1.8.260203002\lib\net6.0-windows10.0.17763.0\Microsoft.Windows.Media.Capture.Projection.dll" porque AutoUnify es 'true'.
             Se usará esta versión en lugar de la versión original "10.0.17763.38" en "C:\Users\Sergio\.nuget\packages\microsoft.windowsappsdk.foundation\1.8.260203002\lib\net6.0-windows10.0.17763.0\Microsoft.Windows.PushNotifications.Projection.dll" porque AutoUnify es 'true'.
             Se usará esta versión en lugar de la versión original "10.0.17763.38" en "C:\Users\Sergio\.nuget\packages\microsoft.windowsappsdk.foundation\1.8.260203002\lib\net6.0-windows10.0.17763.0\Microsoft.Windows.Security.AccessControl.Projection.dll" porque AutoUnify es 'true'.
             Se usará esta versión en lugar de la versión original "10.0.17763.38" en "C:\Users\Sergio\.nuget\packages\microsoft.windowsappsdk.foundation\1.8.260203002\lib\net6.0-windows10.0.17763.0\Microsoft.Windows.Storage.Pickers.Projection.dll" porque AutoUnify es 'true'.
             Se usará esta versión en lugar de la versión original "10.0.17763.38" en "C:\Users\Sergio\.nuget\packages\microsoft.windowsappsdk.foundation\1.8.260203002\lib\net6.0-windows10.0.17763.0\Microsoft.Windows.Storage.Projection.dll" porque AutoUnify es 'true'.
             Se usará esta versión en lugar de la versión original "10.0.17763.38" en "C:\Users\Sergio\.nuget\packages\microsoft.windowsappsdk.foundation\1.8.260203002\lib\net6.0-windows10.0.17763.0\Microsoft.Windows.System.Power.Projection.dll" porque AutoUnify es 'true'.
             Se usará esta versión en lugar de la versión original "10.0.17763.38" en "C:\Users\Sergio\.nuget\packages\microsoft.windowsappsdk.foundation\1.8.260203002\lib\net6.0-windows10.0.17763.0\Microsoft.Windows.System.Projection.dll" porque AutoUnify es 'true'.
             Se usará esta versión en lugar de la versión original "10.0.18362.38" en "C:\Users\Sergio\.nuget\packages\microsoft.windowsappsdk.interactiveexperiences\1.8.260125001\lib\net6.0-windows10.0.18362.0\Microsoft.InteractiveExperiences.Projection.dll" porque AutoUnify es 'true'.
             Se usará esta versión en lugar de la versión original "10.0.17763.38" en "C:\Users\Sergio\.nuget\packages\microsoft.windowsappsdk.ml\1.8.2124\lib\net8.0-windows10.0.17763.0\Microsoft.Windows.AI.MachineLearning.Projection.dll" porque AutoUnify es 'true'.
             Se usará esta versión en lugar de la versión original "10.0.17763.38" en "C:\Users\Sergio\.nuget\packages\microsoft.windowsappsdk.widgets\1.8.251231004\lib\net6.0-windows10.0.17763.0\Microsoft.Windows.Widgets.Projection.dll" porque AutoUnify es 'true'.
             Se usará esta versión en lugar de la versión original "10.0.17763.38" en "C:\Users\Sergio\.nuget\packages\microsoft.windowsappsdk.winui\1.8.260204000\lib\net6.0-windows10.0.17763.0\Microsoft.WinUI.dll" porque AutoUnify es 'true'.
             La ruta de acceso del archivo resuelta es "C:\Users\Sergio\.nuget\packages\microsoft.windows.sdk.net.ref\10.0.19041.38\lib\net6.0\Microsoft.Windows.SDK.NET.dll".
             Se encontró una referencia en la ubicación de ruta de acceso de búsqueda "{RawFileName}".
             Esta referencia no es "CopyLocal" porque existe al menos un elemento de origen con "Private" establecido en "false" y ningún elemento de origen con "Private" establecido en "true".
         Referencia principal "WinRT.Runtime, Version=2.1.0.0, Culture=neutral, PublicKeyToken=99ea127f02d97709".
             La ruta de acceso del archivo resuelta es "C:\Users\Sergio\.nuget\packages\microsoft.windows.sdk.net.ref\10.0.19041.38\lib\net6.0\WinRT.Runtime.dll".
             Se encontró una referencia en la ubicación de ruta de acceso de búsqueda "{RawFileName}".
             Esta referencia no es "CopyLocal" porque existe al menos un elemento de origen con "Private" establecido en "false" y ningún elemento de origen con "Private" establecido en "true".
         Dependencia "System.Reflection.Metadata, Version=10.0.0.0, Culture=neutral, PublicKeyToken=b03f5f7f11d50a3a".
             No se pudo resolver esta referencia. No se encuentra el ensamblado "System.Reflection.Metadata, Version=10.0.0.0, Culture=neutral, PublicKeyToken=b03f5f7f11d50a3a". Compruebe si el ensamblado existe en el disco. Si el código necesita esta referencia, podrían producirse errores de compilación.
             Requerido por "C:\Users\Sergio\.nuget\packages\system.drawing.common\10.0.3\lib\net8.0\System.Private.Windows.Core.dll".
             Requerido por "C:\Users\Sergio\.nuget\packages\system.drawing.common\10.0.3\lib\net8.0\System.Drawing.Common.dll".
             Requerido por "C:\Users\Sergio\.nuget\packages\system.drawing.common\10.0.3\lib\net8.0\System.Private.Windows.GdiPlus.dll".
         Dependencia "System.Collections.Immutable, Version=10.0.0.0, Culture=neutral, PublicKeyToken=b03f5f7f11d50a3a".
             No se pudo resolver esta referencia. No se encuentra el ensamblado "System.Collections.Immutable, Version=10.0.0.0, Culture=neutral, PublicKeyToken=b03f5f7f11d50a3a". Compruebe si el ensamblado existe en el disco. Si el código necesita esta referencia, podrían producirse errores de compilación.
             Requerido por "C:\Users\Sergio\.nuget\packages\system.drawing.common\10.0.3\lib\net8.0\System.Private.Windows.Core.dll".
             Requerido por "C:\Users\Sergio\.nuget\packages\system.drawing.common\10.0.3\lib\net8.0\System.Drawing.Common.dll".
             Requerido por "C:\Users\Sergio\.nuget\packages\system.drawing.common\10.0.3\lib\net8.0\System.Private.Windows.GdiPlus.dll".
         Dependencia "System.Formats.Nrbf, Version=10.0.0.0, Culture=neutral, PublicKeyToken=cc7b13ffcd2ddd51".
             No se pudo resolver esta referencia. No se encuentra el ensamblado "System.Formats.Nrbf, Version=10.0.0.0, Culture=neutral, PublicKeyToken=cc7b13ffcd2ddd51". Compruebe si el ensamblado existe en el disco. Si el código necesita esta referencia, podrían producirse errores de compilación.
                 Para SearchPath "C:\Users\Sergio\.nuget\packages\system.drawing.common\10.0.3\lib\net8.0" (agregado por el ensamblado de referencia "C:\Users\Sergio\.nuget\packages\system.drawing.common\10.0.3\lib\net8.0\System.Private.Windows.Core.dll").
                 Se consideró "C:\Users\Sergio\.nuget\packages\system.drawing.common\10.0.3\lib\net8.0\System.Formats.Nrbf.winmd", pero no existía.
                 Se consideró "C:\Users\Sergio\.nuget\packages\system.drawing.common\10.0.3\lib\net8.0\System.Formats.Nrbf.dll", pero no existía.
                 Se consideró "C:\Users\Sergio\.nuget\packages\system.drawing.common\10.0.3\lib\net8.0\System.Formats.Nrbf.exe", pero no existía.
             Requerido por "C:\Users\Sergio\.nuget\packages\system.drawing.common\10.0.3\lib\net8.0\System.Private.Windows.Core.dll".
             Requerido por "C:\Users\Sergio\.nuget\packages\system.drawing.common\10.0.3\lib\net8.0\System.Drawing.Common.dll".
             Requerido por "C:\Users\Sergio\.nuget\packages\system.drawing.common\10.0.3\lib\net8.0\System.Private.Windows.GdiPlus.dll".
   2:6>C:\Program Files\dotnet\sdk\8.0.413\Microsoft.Common.CurrentVersion.targets(2412,5): warning MSB3277: Se han encontrado conflictos entre distintas versiones de "System.Reflection.Metadata" que no se han podido resolver. [C:\Users\Sergio\Desktop\Proyectos\BetterWinTab\BetterWinTab.csproj]
C:\Program Files\dotnet\sdk\8.0.413\Microsoft.Common.CurrentVersion.targets(2412,5): warning MSB3277: Existía un conflicto entre "System.Reflection.Metadata, Version=8.0.0.0, Culture=neutral, PublicKeyToken=b03f5f7f11d50a3a" y "System.Reflection.Metadata, Version=10.0.0.0, Culture=neutral, PublicKeyToken=b03f5f7f11d50a3a". [C:\Users\Sergio\Desktop\Proyectos\BetterWinTab\BetterWinTab.csproj]
C:\Program Files\dotnet\sdk\8.0.413\Microsoft.Common.CurrentVersion.targets(2412,5): warning MSB3277:     Se eligió "System.Reflection.Metadata, Version=8.0.0.0, Culture=neutral, PublicKeyToken=b03f5f7f11d50a3a" porque era principal y "System.Reflection.Metadata, Version=10.0.0.0, Culture=neutral, PublicKeyToken=b03f5f7f11d50a3a" no lo era. [C:\Users\Sergio\Desktop\Proyectos\BetterWinTab\BetterWinTab.csproj]
C:\Program Files\dotnet\sdk\8.0.413\Microsoft.Common.CurrentVersion.targets(2412,5): warning MSB3277:     Referencias que dependen de "System.Reflection.Metadata, Version=8.0.0.0, Culture=neutral, PublicKeyToken=b03f5f7f11d50a3a" [C:\Program Files\dotnet\packs\Microsoft.NETCore.App.Ref\8.0.19\ref\net8.0\System.Reflection.Metadata.dll]. [C:\Users\Sergio\Desktop\Proyectos\BetterWinTab\BetterWinTab.csproj]
C:\Program Files\dotnet\sdk\8.0.413\Microsoft.Common.CurrentVersion.targets(2412,5): warning MSB3277:         C:\Program Files\dotnet\packs\Microsoft.NETCore.App.Ref\8.0.19\ref\net8.0\System.Reflection.Metadata.dll [C:\Users\Sergio\Desktop\Proyectos\BetterWinTab\BetterWinTab.csproj]
C:\Program Files\dotnet\sdk\8.0.413\Microsoft.Common.CurrentVersion.targets(2412,5): warning MSB3277:           Atributos Include de elementos de archivo del proyecto que provocaron la referencia "C:\Program Files\dotnet\packs\Microsoft.NETCore.App.Ref\8.0.19\ref\net8.0\System.Reflection.Metadata.dll". [C:\Users\Sergio\Desktop\Proyectos\BetterWinTab\BetterWinTab.csproj]
C:\Program Files\dotnet\sdk\8.0.413\Microsoft.Common.CurrentVersion.targets(2412,5): warning MSB3277:             C:\Program Files\dotnet\packs\Microsoft.NETCore.App.Ref\8.0.19\ref/net8.0/System.Reflection.Metadata.dll [C:\Users\Sergio\Desktop\Proyectos\BetterWinTab\BetterWinTab.csproj]
C:\Program Files\dotnet\sdk\8.0.413\Microsoft.Common.CurrentVersion.targets(2412,5): warning MSB3277:     Referencias que dependen o se han unificado para "System.Reflection.Metadata, Version=10.0.0.0, Culture=neutral, PublicKeyToken=b03f5f7f11d50a3a" []. [C:\Users\Sergio\Desktop\Proyectos\BetterWinTab\BetterWinTab.csproj]
C:\Program Files\dotnet\sdk\8.0.413\Microsoft.Common.CurrentVersion.targets(2412,5): warning MSB3277:         C:\Users\Sergio\.nuget\packages\system.drawing.common\10.0.3\lib\net8.0\System.Private.Windows.Core.dll [C:\Users\Sergio\Desktop\Proyectos\BetterWinTab\BetterWinTab.csproj]
C:\Program Files\dotnet\sdk\8.0.413\Microsoft.Common.CurrentVersion.targets(2412,5): warning MSB3277:           Atributos Include de elementos de archivo del proyecto que provocaron la referencia "C:\Users\Sergio\.nuget\packages\system.drawing.common\10.0.3\lib\net8.0\System.Private.Windows.Core.dll". [C:\Users\Sergio\Desktop\Proyectos\BetterWinTab\BetterWinTab.csproj]
C:\Program Files\dotnet\sdk\8.0.413\Microsoft.Common.CurrentVersion.targets(2412,5): warning MSB3277:             C:\Users\Sergio\.nuget\packages\system.drawing.common\10.0.3\lib\net8.0\System.Private.Windows.Core.dll [C:\Users\Sergio\Desktop\Proyectos\BetterWinTab\BetterWinTab.csproj]
C:\Program Files\dotnet\sdk\8.0.413\Microsoft.Common.CurrentVersion.targets(2412,5): warning MSB3277:             C:\Users\Sergio\.nuget\packages\system.drawing.common\10.0.3\lib\net8.0\System.Drawing.Common.dll [C:\Users\Sergio\Desktop\Proyectos\BetterWinTab\BetterWinTab.csproj]
C:\Program Files\dotnet\sdk\8.0.413\Microsoft.Common.CurrentVersion.targets(2412,5): warning MSB3277:             C:\Users\Sergio\.nuget\packages\system.drawing.common\10.0.3\lib\net8.0\System.Private.Windows.GdiPlus.dll [C:\Users\Sergio\Desktop\Proyectos\BetterWinTab\BetterWinTab.csproj]
   2:6>C:\Program Files\dotnet\sdk\8.0.413\Microsoft.Common.CurrentVersion.targets(2412,5): warning MSB3277: Se han encontrado conflictos entre distintas versiones de "System.Collections.Immutable" que no se han podido resolver. [C:\Users\Sergio\Desktop\Proyectos\BetterWinTab\BetterWinTab.csproj]
C:\Program Files\dotnet\sdk\8.0.413\Microsoft.Common.CurrentVersion.targets(2412,5): warning MSB3277: Existía un conflicto entre "System.Collections.Immutable, Version=8.0.0.0, Culture=neutral, PublicKeyToken=b03f5f7f11d50a3a" y "System.Collections.Immutable, Version=10.0.0.0, Culture=neutral, PublicKeyToken=b03f5f7f11d50a3a". [C:\Users\Sergio\Desktop\Proyectos\BetterWinTab\BetterWinTab.csproj]
C:\Program Files\dotnet\sdk\8.0.413\Microsoft.Common.CurrentVersion.targets(2412,5): warning MSB3277:     Se eligió "System.Collections.Immutable, Version=8.0.0.0, Culture=neutral, PublicKeyToken=b03f5f7f11d50a3a" porque era principal y "System.Collections.Immutable, Version=10.0.0.0, Culture=neutral, PublicKeyToken=b03f5f7f11d50a3a" no lo era. [C:\Users\Sergio\Desktop\Proyectos\BetterWinTab\BetterWinTab.csproj]
C:\Program Files\dotnet\sdk\8.0.413\Microsoft.Common.CurrentVersion.targets(2412,5): warning MSB3277:     Referencias que dependen de "System.Collections.Immutable, Version=8.0.0.0, Culture=neutral, PublicKeyToken=b03f5f7f11d50a3a" [C:\Program Files\dotnet\packs\Microsoft.NETCore.App.Ref\8.0.19\ref\net8.0\System.Collections.Immutable.dll]. [C:\Users\Sergio\Desktop\Proyectos\BetterWinTab\BetterWinTab.csproj]
C:\Program Files\dotnet\sdk\8.0.413\Microsoft.Common.CurrentVersion.targets(2412,5): warning MSB3277:         C:\Program Files\dotnet\packs\Microsoft.NETCore.App.Ref\8.0.19\ref\net8.0\System.Collections.Immutable.dll [C:\Users\Sergio\Desktop\Proyectos\BetterWinTab\BetterWinTab.csproj]
C:\Program Files\dotnet\sdk\8.0.413\Microsoft.Common.CurrentVersion.targets(2412,5): warning MSB3277:           Atributos Include de elementos de archivo del proyecto que provocaron la referencia "C:\Program Files\dotnet\packs\Microsoft.NETCore.App.Ref\8.0.19\ref\net8.0\System.Collections.Immutable.dll". [C:\Users\Sergio\Desktop\Proyectos\BetterWinTab\BetterWinTab.csproj]
C:\Program Files\dotnet\sdk\8.0.413\Microsoft.Common.CurrentVersion.targets(2412,5): warning MSB3277:             C:\Program Files\dotnet\packs\Microsoft.NETCore.App.Ref\8.0.19\ref/net8.0/System.Collections.Immutable.dll [C:\Users\Sergio\Desktop\Proyectos\BetterWinTab\BetterWinTab.csproj]
C:\Program Files\dotnet\sdk\8.0.413\Microsoft.Common.CurrentVersion.targets(2412,5): warning MSB3277:     Referencias que dependen o se han unificado para "System.Collections.Immutable, Version=10.0.0.0, Culture=neutral, PublicKeyToken=b03f5f7f11d50a3a" []. [C:\Users\Sergio\Desktop\Proyectos\BetterWinTab\BetterWinTab.csproj]
C:\Program Files\dotnet\sdk\8.0.413\Microsoft.Common.CurrentVersion.targets(2412,5): warning MSB3277:         C:\Users\Sergio\.nuget\packages\system.drawing.common\10.0.3\lib\net8.0\System.Private.Windows.Core.dll [C:\Users\Sergio\Desktop\Proyectos\BetterWinTab\BetterWinTab.csproj]
C:\Program Files\dotnet\sdk\8.0.413\Microsoft.Common.CurrentVersion.targets(2412,5): warning MSB3277:           Atributos Include de elementos de archivo del proyecto que provocaron la referencia "C:\Users\Sergio\.nuget\packages\system.drawing.common\10.0.3\lib\net8.0\System.Private.Windows.Core.dll". [C:\Users\Sergio\Desktop\Proyectos\BetterWinTab\BetterWinTab.csproj]
C:\Program Files\dotnet\sdk\8.0.413\Microsoft.Common.CurrentVersion.targets(2412,5): warning MSB3277:             C:\Users\Sergio\.nuget\packages\system.drawing.common\10.0.3\lib\net8.0\System.Private.Windows.Core.dll [C:\Users\Sergio\Desktop\Proyectos\BetterWinTab\BetterWinTab.csproj]
C:\Program Files\dotnet\sdk\8.0.413\Microsoft.Common.CurrentVersion.targets(2412,5): warning MSB3277:             C:\Users\Sergio\.nuget\packages\system.drawing.common\10.0.3\lib\net8.0\System.Drawing.Common.dll [C:\Users\Sergio\Desktop\Proyectos\BetterWinTab\BetterWinTab.csproj]
C:\Program Files\dotnet\sdk\8.0.413\Microsoft.Common.CurrentVersion.targets(2412,5): warning MSB3277:             C:\Users\Sergio\.nuget\packages\system.drawing.common\10.0.3\lib\net8.0\System.Private.Windows.GdiPlus.dll [C:\Users\Sergio\Desktop\Proyectos\BetterWinTab\BetterWinTab.csproj]
       Ejecución de la tarea "ResolveAssemblyReference" terminada.
   2:6>Compilación terminada del destino "ResolveAssemblyReferences" en el proyecto "BetterWinTab.csproj".
   2:6>Destino "_ErrorOnUnresolvedWindowsSDKAssemblyConflict" en el archivo "C:\Program Files\dotnet\sdk\8.0.413\Sdks\Microsoft.NET.Sdk\targets\Microsoft.NET.Windows.targets" del proyecto "C:\Users\Sergio\Desktop\Proyectos\BetterWinTab\BetterWinTab.csproj" (el destino "ResolveReferences" depende de él):
       Se omitió la tarea "NETSdkError" debido a una condición falsa (False); (@(_WindowsSDKUnresolvedRef) != '') se evaluó como ( != '').
   2:6>Compilación terminada del destino "_ErrorOnUnresolvedWindowsSDKAssemblyConflict" en el proyecto "BetterWinTab.csproj".
       Se omitió el destino "GenerateBindingRedirects" debido a una condición falsa (False); ('$(AutoGenerateBindingRedirects)' == 'true' and '$(GenerateBindingRedirectsOutputType)' == 'true' and '@(SuggestedBindingRedirects)' != '' and '$(DesignTimeBuild)' != 'true' and '$(BuildingProject)' == 'true') se evaluó como ('' == 'true' and 'true' == 'true' and 'Microsoft.Web.WebView2.Core.Projection, Culture=neutral, PublicKeyToken=2a8ab48044d2601e;System.Text.Json, Culture=neutral, PublicKeyToken=cc7b13ffcd2ddd51;System.Collections.Concurrent, Culture=neutral, PublicKeyToken=b03f5f7f11d50a3a;...' != '' and '' != 'true' and 'true' == 'true').
       Se omitió el destino "GenerateSupportedRuntime" debido a una condición falsa (False); ('$(GenerateSupportedRuntime)' != 'false' and '$(TargetFrameworkIdentifier)' == '.NETFramework' and '$(HasRuntimeOutput)' == 'true') se evaluó como ('' != 'false' and '.NETCoreApp' == '.NETFramework' and 'true' == 'true').
       Se omitió el destino "GenerateBindingRedirectsUpdateAppConfig" debido a una condición falsa (False); ('$(AutoGenerateBindingRedirects)' == 'true' and '$(GenerateBindingRedirectsOutputType)' == 'true') se evaluó como ('' == 'true' and 'true' == 'true').
       Se omitió el destino "ResolveComReferences" debido a una condición falsa (False); ('@(COMReference)'!='' or '@(COMFileReference)'!='') se evaluó como (''!='' or ''!='').
   2:6>Destino "AfterResolveReferences" en el archivo "C:\Program Files\dotnet\sdk\8.0.413\Microsoft.Common.CurrentVersion.targets" del proyecto "C:\Users\Sergio\Desktop\Proyectos\BetterWinTab\BetterWinTab.csproj" (el destino "ResolveReferences" depende de él):
   2:6>Compilación terminada del destino "AfterResolveReferences" en el proyecto "BetterWinTab.csproj".
       Se omitió el destino "ResolveAssemblyReferences". Compilado previamente de forma correcta.
   2:6>Destino "WindowsAppSDKVerifyCsWinRtVersions" en el archivo "C:\Users\Sergio\.nuget\packages\microsoft.windowsappsdk.base\1.8.251216001\buildTransitive\Microsoft.WindowsAppSDK.Base.targets" del proyecto "C:\Users\Sergio\Desktop\Proyectos\BetterWinTab\BetterWinTab.csproj" (el destino "ResolveReferences" depende de él):
       Se omitió la tarea "Error" debido a una condición falsa (False); ('$(_TargetFrameworkCompatible)'!='True') se evaluó como ('True'!='True').
       Se omitió la tarea "Error" debido a una condición falsa (False); ('$(_WindowsSdkPackageRequired)'=='') se evaluó como ('10.0.19041.38'=='').
       Se omitió la tarea "Error" debido a una condición falsa (False); ('@(_WindowsSdkCompatible)'=='') se evaluó como ('10.0.19041.38'=='').
       Se omitió la tarea "Warning" debido a una condición falsa (False); ('$(CsWinRTAotOptimizerEnabled)' == '' and '$(PublishAot)'=='true') se evaluó como ('true' == '' and ''=='true').
       Se omitió la tarea "Warning" debido a una condición falsa (False); ('$(CsWinRTAotOptimizerEnabled)' != '' and '$(CsWinRTAotOptimizerEnabled)' != 'true' and '$(PublishAot)'=='true') se evaluó como ('true' != '' and 'true' != 'true' and ''=='true').
   2:6>Compilación terminada del destino "WindowsAppSDKVerifyCsWinRtVersions" en el proyecto "BetterWinTab.csproj".
       Se omitió el destino "ImplicitlyExpandTargetFramework" debido a una condición falsa (False); ('$(ImplicitlyExpandTargetFramework)' == 'true') se evaluó como ('' == 'true').
       Se omitió el destino "ImplicitlyExpandTargetPlatform" debido a una condición falsa (False); ('$(ImplicitlyExpandTargetPlatform)' == 'true') se evaluó como ('' == 'true').
       Se omitió el destino "ResolveAssemblyReferences". Compilado previamente de forma correcta.
   2:6>Destino "MvvmToolkitVerifyWindowsSdkPackageVersion" en el archivo "C:\Users\Sergio\.nuget\packages\communitytoolkit.mvvm\8.4.0\buildTransitive\CommunityToolkit.Mvvm.WindowsSdk.targets" del proyecto "C:\Users\Sergio\Desktop\Proyectos\BetterWinTab\BetterWinTab.csproj" (el destino "ResolveReferences" depende de él):
       Se omitió la tarea "Error" debido a una condición falsa (False); ('@(_MvvmToolkitCompatibleWindowsSdkPackages)' == '') se evaluó como ('10.0.19041.38' == '').
   2:6>Compilación terminada del destino "MvvmToolkitVerifyWindowsSdkPackageVersion" en el proyecto "BetterWinTab.csproj".
   2:6>Destino "ResolveReferences" en el archivo "C:\Program Files\dotnet\sdk\8.0.413\Microsoft.Common.CurrentVersion.targets" del proyecto "C:\Users\Sergio\Desktop\Proyectos\BetterWinTab\BetterWinTab.csproj" (el destino "_BlockWinMDsOnUnsupportedTFMs" depende de él):
   2:6>Compilación terminada del destino "ResolveReferences" en el proyecto "BetterWinTab.csproj".
   2:6>Destino "_BlockWinMDsOnUnsupportedTFMs" en el archivo "C:\Program Files\dotnet\sdk\8.0.413\Sdks\Microsoft.NET.Sdk\targets\Microsoft.NET.Sdk.targets" del proyecto "C:\Users\Sergio\Desktop\Proyectos\BetterWinTab\BetterWinTab.csproj" (el destino "CoreBuild" depende de él):
       Usando la tarea "CheckForUnsupportedWinMDReferences" del ensamblado "C:\Program Files\dotnet\sdk\8.0.413\Sdks\Microsoft.NET.Sdk\targets\..\tools\net8.0\Microsoft.NET.Build.Tasks.dll".
       Tarea "CheckForUnsupportedWinMDReferences"
       Ejecución de la tarea "CheckForUnsupportedWinMDReferences" terminada.
       Se omitió la tarea "NETSdkError" debido a una condición falsa (False); ('$(OutputType)' == 'winmdobj') se evaluó como ('WinExe' == 'winmdobj').
   2:6>Compilación terminada del destino "_BlockWinMDsOnUnsupportedTFMs" en el proyecto "BetterWinTab.csproj".
       Se omitió el destino "ResolveReferences". Compilado previamente de forma correcta.
       Se omitió el destino "ResolvePackageDependenciesForBuild". Compilado previamente de forma correcta.
       Se omitió el destino "_HandlePackageFileConflicts". Compilado previamente de forma correcta.
       Se omitió el destino "ResolveKeySource" debido a una condición falsa (False); ($(SignManifests) == 'true' or $(SignAssembly) == 'true') se evaluó como ( == 'true' or false == 'true').
   2:6>Destino "GenerateTargetPlatformDefineConstants" en el archivo "C:\Program Files\dotnet\sdk\8.0.413\Sdks\Microsoft.NET.Sdk\targets\Microsoft.NET.Sdk.BeforeCommon.targets" del proyecto "C:\Users\Sergio\Desktop\Proyectos\BetterWinTab\BetterWinTab.csproj" (el destino "AddImplicitDefineConstants" depende de él):
   2:6>Compilación terminada del destino "GenerateTargetPlatformDefineConstants" en el proyecto "BetterWinTab.csproj".
   2:6>Destino "GenerateNETCompatibleDefineConstants" en el archivo "C:\Program Files\dotnet\sdk\8.0.413\Sdks\Microsoft.NET.Sdk\targets\Microsoft.NET.Sdk.BeforeCommon.targets" del proyecto "C:\Users\Sergio\Desktop\Proyectos\BetterWinTab\BetterWinTab.csproj" (el destino "AddImplicitDefineConstants" depende de él):
   2:6>Compilación terminada del destino "GenerateNETCompatibleDefineConstants" en el proyecto "BetterWinTab.csproj".
   2:6>Destino "GeneratePlatformCompatibleDefineConstants" en el archivo "C:\Program Files\dotnet\sdk\8.0.413\Sdks\Microsoft.NET.Sdk\targets\Microsoft.NET.Sdk.BeforeCommon.targets" del proyecto "C:\Users\Sergio\Desktop\Proyectos\BetterWinTab\BetterWinTab.csproj" (el destino "AddImplicitDefineConstants" depende de él):
   2:6>Compilación terminada del destino "GeneratePlatformCompatibleDefineConstants" en el proyecto "BetterWinTab.csproj".
       Se omitió el destino "_DisableDiagnosticTracing" debido a una condición falsa (False); ('$(DisableDiagnosticTracing)' == 'true') se evaluó como ('' == 'true').
   2:6>Destino "AddImplicitDefineConstants" en el archivo "C:\Program Files\dotnet\sdk\8.0.413\Sdks\Microsoft.NET.Sdk\targets\Microsoft.NET.Sdk.BeforeCommon.targets" del proyecto "C:\Users\Sergio\Desktop\Proyectos\BetterWinTab\BetterWinTab.csproj" (el destino "PrepareResources" depende de él):
   2:6>Compilación terminada del destino "AddImplicitDefineConstants" en el proyecto "BetterWinTab.csproj".
   2:6>Destino "GetVCInstallPath" en el archivo "C:\Users\Sergio\.nuget\packages\microsoft.windowsappsdk.winui\1.8.260204000\buildTransitive\Microsoft.UI.Xaml.Markup.Compiler.interop.targets" del proyecto "C:\Users\Sergio\Desktop\Proyectos\BetterWinTab\BetterWinTab.csproj" (el destino "MarkupCompilePass1" depende de él):
       Se omitió la tarea "GetLatestMSVCVersion" debido a una condición falsa (False); ('$(VCToolsInstallDir)' == '' and '$(VsInstallRoot)' != '') se evaluó como ('' == '' and '' != '').
   2:6>Compilación terminada del destino "GetVCInstallPath" en el proyecto "BetterWinTab.csproj".
       Se omitió el destino "GetXamlCppIncludeDirectories" debido a una condición falsa (False); ('$(ManagedAssembly)'=='false' and '$(XamlCppIncludeDirectories)' == '') se evaluó como (''=='false' and '' == '').
       Se omitió el destino "_ValidatePresenceOfAppxManifestItems" debido a una condición falsa (False); ('@(AppxManifest)@(CustomAppxManifest)'!='') se evaluó como (''!='').
   2:6>Destino "CalculateAppxGenerateProjectPriEnabled" en el archivo "C:\Users\Sergio\.nuget\packages\microsoft.windows.sdk.buildtools.msix\1.7.20250829.1\build\Microsoft.Windows.SDK.BuildTools.MSIX.Pri.targets" del proyecto "C:\Users\Sergio\Desktop\Proyectos\BetterWinTab\BetterWinTab.csproj" (el destino "GetPriIndexName" depende de él):
   2:6>Compilación terminada del destino "CalculateAppxGenerateProjectPriEnabled" en el proyecto "BetterWinTab.csproj".
   2:6>Destino "GetPriIndexName" en el archivo "C:\Users\Sergio\.nuget\packages\microsoft.windowsappsdk.winui\1.8.260204000\buildTransitive\Microsoft.UI.Xaml.Markup.Compiler.interop.targets" del proyecto "C:\Users\Sergio\Desktop\Proyectos\BetterWinTab\BetterWinTab.csproj" (el destino "MarkupCompilePass1" depende de él):
   2:6>Compilación terminada del destino "GetPriIndexName" en el proyecto "BetterWinTab.csproj".
   2:6>Destino "_UpdatePriIndex" en el archivo "C:\Users\Sergio\.nuget\packages\microsoft.windows.sdk.buildtools.msix\1.7.20250829.1\build\Microsoft.Windows.SDK.BuildTools.MSIX.Common.props" del proyecto "C:\Users\Sergio\Desktop\Proyectos\BetterWinTab\BetterWinTab.csproj" (el destino "MarkupCompilePass1" depende de él):
   2:6>Compilación terminada del destino "_UpdatePriIndex" en el proyecto "BetterWinTab.csproj".
   2:6>Destino "GetPrecompiledHeaderFile" en el archivo "C:\Users\Sergio\.nuget\packages\microsoft.windowsappsdk.winui\1.8.260204000\buildTransitive\Microsoft.UI.Xaml.Markup.Compiler.interop.targets" del proyecto "C:\Users\Sergio\Desktop\Proyectos\BetterWinTab\BetterWinTab.csproj" (el destino "MarkupCompilePass1" depende de él):
   2:6>Compilación terminada del destino "GetPrecompiledHeaderFile" en el proyecto "BetterWinTab.csproj".
   2:6>Destino "MarkupCompilePass1" en el archivo "C:\Users\Sergio\.nuget\packages\microsoft.windowsappsdk.winui\1.8.260204000\buildTransitive\Microsoft.UI.Xaml.Markup.Compiler.interop.targets" del proyecto "C:\Users\Sergio\Desktop\Proyectos\BetterWinTab\BetterWinTab.csproj" (el destino "PrepareResources" depende de él):
       Se omitió la tarea "Error" debido a una condición falsa (False); ( '$(MSBuildRuntimeType)' != 'Core' And '$(UseXamlCompilerExecutable)' == 'true') se evaluó como ( 'Core' != 'Core' And 'true' == 'true').
       Tarea "MakeDir"
       Ejecución de la tarea "MakeDir" terminada.
       Se omitió la tarea "CompileXaml" debido a una condición falsa (False); ('$(UseXamlCompilerExecutable)' != 'true') se evaluó como ('true' != 'true').
       Ensamblado cargado durante TaskRun: Microsoft.UI.Xaml.Markup.Compiler.IO, Version=3.0.0.2602, Culture=neutral, PublicKeyToken=de31ebe4ad15742b(ubicación: C:\Users\Sergio\.nuget\packages\microsoft.windowsappsdk.winui\1.8.260204000\tools\net6.0\Microsoft.UI.Xaml.Markup.Compiler.IO.dll, MVID: fe57a96f-6581-4ae7-a551-fdfef15acb61, AssemblyLoadContext: MSBuild plugin C:\Users\Sergio\.nuget\packages\microsoft.windowsappsdk.winui\1.8.260204000\tools\net6.0\Microsoft.UI.Xaml.Markup.Compiler.IO.dll)
       Ensamblado cargado durante TaskRun: Microsoft.UI.Xaml.Markup.Compiler.MSBuildInterop, Version=3.0.0.2602, Culture=neutral, PublicKeyToken=de31ebe4ad15742b(ubicación: C:\Users\Sergio\.nuget\packages\microsoft.windowsappsdk.winui\1.8.260204000\tools\net6.0\Microsoft.UI.Xaml.Markup.Compiler.MSBuildInterop.dll, MVID: 7e5ecee1-b719-4813-8ec7-fe2119b9fadd, AssemblyLoadContext: MSBuild plugin C:\Users\Sergio\.nuget\packages\microsoft.windowsappsdk.winui\1.8.260204000\tools\net6.0\Microsoft.UI.Xaml.Markup.Compiler.IO.dll)
       Usando la tarea "InputSerializer" del ensamblado "C:\Users\Sergio\.nuget\packages\microsoft.windowsappsdk.winui\1.8.260204000\buildTransitive\..\tools\net6.0\Microsoft.UI.Xaml.Markup.Compiler.IO.dll".
       Tarea "InputSerializer"
         Ensamblado cargado durante TaskRun (Microsoft.UI.Xaml.Markup.Compiler.IO.InputSerializer): System.Text.Json, Version=6.0.0.0, Culture=neutral, PublicKeyToken=cc7b13ffcd2ddd51(ubicación: C:\Users\Sergio\.nuget\packages\microsoft.windowsappsdk.winui\1.8.260204000\tools\net6.0\System.Text.Json.dll, MVID: 18286260-1922-4a47-ab1c-75627396fd30, AssemblyLoadContext: MSBuild plugin C:\Users\Sergio\.nuget\packages\microsoft.windowsappsdk.winui\1.8.260204000\tools\net6.0\Microsoft.UI.Xaml.Markup.Compiler.IO.dll)
         Ensamblado cargado durante TaskRun (Microsoft.UI.Xaml.Markup.Compiler.IO.InputSerializer): Microsoft.Bcl.AsyncInterfaces, Version=6.0.0.0, Culture=neutral, PublicKeyToken=cc7b13ffcd2ddd51(ubicación: C:\Users\Sergio\.nuget\packages\microsoft.windowsappsdk.winui\1.8.260204000\tools\net6.0\Microsoft.Bcl.AsyncInterfaces.dll, MVID: b2422c07-7a9d-4584-af3f-f1d7011f6a5a, AssemblyLoadContext: MSBuild plugin C:\Users\Sergio\.nuget\packages\microsoft.windowsappsdk.winui\1.8.260204000\tools\net6.0\Microsoft.UI.Xaml.Markup.Compiler.IO.dll)
         Ensamblado cargado durante TaskRun (Microsoft.UI.Xaml.Markup.Compiler.IO.InputSerializer): System.Text.Encodings.Web, Version=6.0.0.0, Culture=neutral, PublicKeyToken=cc7b13ffcd2ddd51(ubicación: C:\Users\Sergio\.nuget\packages\microsoft.windowsappsdk.winui\1.8.260204000\tools\net6.0\System.Text.Encodings.Web.dll, MVID: c7521d8a-f0e7-4fc7-b157-923bd9b7a91e, AssemblyLoadContext: MSBuild plugin C:\Users\Sergio\.nuget\packages\microsoft.windowsappsdk.winui\1.8.260204000\tools\net6.0\Microsoft.UI.Xaml.Markup.Compiler.IO.dll)
         Ensamblado cargado durante TaskRun (Microsoft.UI.Xaml.Markup.Compiler.IO.InputSerializer): mscorlib, Version=4.0.0.0, Culture=neutral, PublicKeyToken=b77a5c561934e089(ubicación: C:\Program Files\dotnet\shared\Microsoft.NETCore.App\8.0.19\mscorlib.dll, MVID: 4510a2a4-f586-41fd-84d4-6fb248af0c33, AssemblyLoadContext: Default)
         Ensamblado cargado durante TaskRun (Microsoft.UI.Xaml.Markup.Compiler.IO.InputSerializer): System.Core, Version=4.0.0.0, Culture=neutral, PublicKeyToken=b77a5c561934e089(ubicación: C:\Program Files\dotnet\shared\Microsoft.NETCore.App\8.0.19\System.Core.dll, MVID: 3b22b17b-e5a2-4d2f-bcb9-845af7100037, AssemblyLoadContext: Default)
         Ensamblado cargado durante TaskRun (Microsoft.UI.Xaml.Markup.Compiler.IO.InputSerializer): System.Threading.Tasks.Extensions, Version=8.0.0.0, Culture=neutral, PublicKeyToken=cc7b13ffcd2ddd51(ubicación: C:\Program Files\dotnet\shared\Microsoft.NETCore.App\8.0.19\System.Threading.Tasks.Extensions.dll, MVID: 70f91622-d40f-4b4f-8096-461c8ad07f1a, AssemblyLoadContext: Default)
         Ensamblado cargado durante TaskRun (Microsoft.UI.Xaml.Markup.Compiler.IO.InputSerializer): System.Buffers, Version=8.0.0.0, Culture=neutral, PublicKeyToken=cc7b13ffcd2ddd51(ubicación: C:\Program Files\dotnet\shared\Microsoft.NETCore.App\8.0.19\System.Buffers.dll, MVID: bd47d8ce-7caf-4e94-8a26-6848c39e1f57, AssemblyLoadContext: Default)
       Ejecución de la tarea "InputSerializer" terminada.
       Usando la tarea "Exec" del ensamblado "Microsoft.Build.Tasks.Core, Version=15.1.0.0, Culture=neutral, PublicKeyToken=b03f5f7f11d50a3a".
       Tarea "Exec"
         "C:\Users\Sergio\.nuget\packages\microsoft.windowsappsdk.winui\1.8.260204000\buildTransitive\..\tools\net6.0\..\net472\XamlCompiler.exe" "obj\x64\Debug\net8.0-windows10.0.19041.0\win-x64\\input.json" "obj\x64\Debug\net8.0-windows10.0.19041.0\win-x64\\output.json"
       Ejecución de la tarea "Exec" terminada.
       Usando la tarea "OutputDeserializer" del ensamblado "C:\Users\Sergio\.nuget\packages\microsoft.windowsappsdk.winui\1.8.260204000\buildTransitive\..\tools\net6.0\Microsoft.UI.Xaml.Markup.Compiler.IO.dll".
       Tarea "OutputDeserializer"
         Ensamblado cargado durante TaskRun (Microsoft.UI.Xaml.Markup.Compiler.IO.OutputDeserializer): System.Numerics.Vectors, Version=8.0.0.0, Culture=neutral, PublicKeyToken=b03f5f7f11d50a3a(ubicación: C:\Program Files\dotnet\shared\Microsoft.NETCore.App\8.0.19\System.Numerics.Vectors.dll, MVID: 4fc8ec09-ef0f-4277-adf7-4e57f73b04c7, AssemblyLoadContext: Default)
         Ensamblado cargado durante TaskRun (Microsoft.UI.Xaml.Markup.Compiler.IO.OutputDeserializer): System.Runtime.CompilerServices.Unsafe, Version=6.0.0.0, Culture=neutral, PublicKeyToken=b03f5f7f11d50a3a(ubicación: C:\Users\Sergio\.nuget\packages\microsoft.windowsappsdk.winui\1.8.260204000\tools\net6.0\System.Runtime.CompilerServices.Unsafe.dll, MVID: bc84029b-1123-4266-bc37-9616e5f03999, AssemblyLoadContext: MSBuild plugin C:\Users\Sergio\.nuget\packages\microsoft.windowsappsdk.winui\1.8.260204000\tools\net6.0\Microsoft.UI.Xaml.Markup.Compiler.IO.dll)
         Xaml Compiler Marker: 1:01:34: 873 perfXC_StartPass1, BetterWinTab
         Xaml Compiler Marker: 1:01:34: 892 perfXC_FingerprintCheck, Using managed HashForWinMD
       Ejecución de la tarea "OutputDeserializer" terminada.
       Tarea "Message"
         (Out) GeneratedCodeFiles: 'C:\Users\Sergio\Desktop\Proyectos\BetterWinTab\obj\x64\Debug\net8.0-windows10.0.19041.0\win-x64\App.g.i.cs;C:\Users\Sergio\Desktop\Proyectos\BetterWinTab\obj\x64\Debug\net8.0-windows10.0.19041.0\win-x64\App.g.cs;C:\Users\Sergio\Desktop\Proyectos\BetterWinTab\obj\x64\Debug\net8.0-windows10.0.19041.0\win-x64\Views\MainPage.g.i.cs;C:\Users\Sergio\Desktop\Proyectos\BetterWinTab\obj\x64\Debug\net8.0-windows10.0.19041.0\win-x64\Views\MainPage.g.cs;C:\Users\Sergio\Desktop\Proyectos\BetterWinTab\obj\x64\Debug\net8.0-windows10.0.19041.0\win-x64\XamlTypeInfo.g.cs'
       Ejecución de la tarea "Message" terminada.
       Tarea "Message"
         (Out) GeneratedXamlFiles: 'C:\Users\Sergio\Desktop\Proyectos\BetterWinTab\obj\x64\Debug\net8.0-windows10.0.19041.0\win-x64\App.xaml;C:\Users\Sergio\Desktop\Proyectos\BetterWinTab\obj\x64\Debug\net8.0-windows10.0.19041.0\win-x64\Views\MainPage.xaml'
       Ejecución de la tarea "Message" terminada.
       Tarea "Message"
         (Out) GeneratedXbfFiles: 'C:\Users\Sergio\Desktop\Proyectos\BetterWinTab\obj\x64\Debug\net8.0-windows10.0.19041.0\win-x64\App.xbf;C:\Users\Sergio\Desktop\Proyectos\BetterWinTab\obj\x64\Debug\net8.0-windows10.0.19041.0\win-x64\Views\MainPage.xbf'
       Ejecución de la tarea "Message" terminada.
       Se omitió la tarea "Message" debido a una condición falsa (False); ('$(ManagedAssembly)'=='false' and '%(ClCompile.CompilerIteration)'!='XamlGenerated') se evaluó como (''=='false' and ''!='XamlGenerated').
       Tarea "Message"
         (Out) Compile: 'App.xaml.cs;Converters\BoolToVisibilityConverter.cs;Converters\HexColorToBrushConverter.cs;Converters\HexColorToColorConverter.cs;Converters\StringToVisibilityConverter.cs;Imports.cs;Interop\NativeMethods.cs;Models\AppSettings.cs;Models\LaunchItem.cs;Models\ThemePreset.cs;Models\WindowFolder.cs;Models\WindowInfo.cs;Services\FolderService.cs;Services\FuzzyMatcher.cs;Services\HotkeyService.cs;Services\LaunchService.cs;Services\SettingsService.cs;Services\ThumbnailService.cs;Services\VirtualDesktopService.cs;Services\WindowEnumerationService.cs;ViewModels\BaseViewModel.cs;ViewModels\FolderItemViewModel.cs;ViewModels\LaunchItemViewModel.cs;ViewModels\MainViewModel.cs;ViewModels\WindowItemViewModel.cs;Views\MainPage.xaml.cs;C:\Users\Sergio\.nuget\packages\microsoft.windowsappsdk.foundation\1.8.260203002\buildTransitive\..\include\MddBootstrapAutoInitializer.cs;C:\Users\Sergio\.nuget\packages\microsoft.windowsappsdk.runtime\1.8.260209005\buildTransitive\..\include\WindowsAppSDK-VersionInfo.cs;obj\x64\Debug\net8.0-windows10.0.19041.0\win-x64\BetterWinTab.GlobalUsings.g.cs;C:\Users\Sergio\Desktop\Proyectos\BetterWinTab\obj\x64\Debug\net8.0-windows10.0.19041.0\win-x64\App.g.i.cs;C:\Users\Sergio\Desktop\Proyectos\BetterWinTab\obj\x64\Debug\net8.0-windows10.0.19041.0\win-x64\App.g.cs;C:\Users\Sergio\Desktop\Proyectos\BetterWinTab\obj\x64\Debug\net8.0-windows10.0.19041.0\win-x64\Views\MainPage.g.i.cs;C:\Users\Sergio\Desktop\Proyectos\BetterWinTab\obj\x64\Debug\net8.0-windows10.0.19041.0\win-x64\Views\MainPage.g.cs;C:\Users\Sergio\Desktop\Proyectos\BetterWinTab\obj\x64\Debug\net8.0-windows10.0.19041.0\win-x64\XamlTypeInfo.g.cs'
       Ejecución de la tarea "Message" terminada.
   2:6>Compilación terminada del destino "MarkupCompilePass1" en el proyecto "BetterWinTab.csproj".
       Se omitió el destino "_ComputeNonExistentFileProperty" debido a una condición falsa (False); (('$(BuildingInsideVisualStudio)' == 'true') and ('$(BuildingOutOfProcess)' != 'true') and (('$(BuildingProject)' == 'false') or ('$(UseHostCompilerIfAvailable)' == 'true'))) se evaluó como (('' == 'true') and ('' != 'true') and (('true' == 'false') or ('true' == 'true'))).
       Se omitió el destino "ResolveCodeAnalysisRuleSet" debido a una condición falsa (False); ('$(CodeAnalysisRuleSet)' != '') se evaluó como ('' != '').
       Se omitió el destino "PrepareForBuild". Compilado previamente de forma correcta.
   2:6>Destino "GenerateMSBuildEditorConfigFileShouldRun" en el archivo "C:\Program Files\dotnet\sdk\8.0.413\Roslyn\Microsoft.Managed.Core.targets" del proyecto "C:\Users\Sergio\Desktop\Proyectos\BetterWinTab\BetterWinTab.csproj" (el destino "GenerateMSBuildEditorConfigFile" depende de él):
   2:6>Compilación terminada del destino "GenerateMSBuildEditorConfigFileShouldRun" en el proyecto "BetterWinTab.csproj".
   2:6>Destino "GenerateMSBuildEditorConfigFileCore" en el archivo "C:\Program Files\dotnet\sdk\8.0.413\Roslyn\Microsoft.Managed.Core.targets" del proyecto "C:\Users\Sergio\Desktop\Proyectos\BetterWinTab\BetterWinTab.csproj" (el destino "GenerateMSBuildEditorConfigFile" depende de él):
       Compilando completamente el destino "GenerateMSBuildEditorConfigFileCore".
       No se especificaron archivos de entrada.
       Usando la tarea "GenerateMSBuildEditorConfig" del ensamblado "C:\Program Files\dotnet\sdk\8.0.413\Roslyn\Microsoft.Build.Tasks.CodeAnalysis.dll".
       Tarea "GenerateMSBuildEditorConfig"
       Ejecución de la tarea "GenerateMSBuildEditorConfig" terminada.
   2:6>Compilación terminada del destino "GenerateMSBuildEditorConfigFileCore" en el proyecto "BetterWinTab.csproj".
   2:6>Destino "GenerateMSBuildEditorConfigFile" en el archivo "C:\Program Files\dotnet\sdk\8.0.413\Roslyn\Microsoft.Managed.Core.targets" del proyecto "C:\Users\Sergio\Desktop\Proyectos\BetterWinTab\BetterWinTab.csproj" (el destino "XamlPreCompile" depende de él):
   2:6>Compilación terminada del destino "GenerateMSBuildEditorConfigFile" en el proyecto "BetterWinTab.csproj".
   2:6>Destino "XamlPreCompile" en el archivo "C:\Program Files\dotnet\sdk\8.0.413\Microsoft.CSharp.CurrentVersion.targets" del proyecto "C:\Users\Sergio\Desktop\Proyectos\BetterWinTab\BetterWinTab.csproj" (el destino "PrepareResources" depende de él):
       Compilando completamente el destino "XamlPreCompile".
       El archivo de entrada "C:\Users\Sergio\Desktop\Proyectos\BetterWinTab\obj\x64\Debug\net8.0-windows10.0.19041.0\win-x64\Views\MainPage.g.cs" es más reciente que el archivo de salida "obj\x64\Debug\net8.0-windows10.0.19041.0\win-x64\intermediatexaml\BetterWinTab.dll".
       Usando la tarea "Csc" del ensamblado "C:\Program Files\dotnet\sdk\8.0.413\Roslyn\Microsoft.Build.Tasks.CodeAnalysis.dll".
       Tarea "Csc"
         C:\Program Files\dotnet\dotnet.exe exec "C:\Program Files\dotnet\sdk\8.0.413\Roslyn\bincore\csc.dll" /noconfig /unsafe+ /checked- /nowarn:1701,1702,CA1416,1701,1702 /fullpaths /nostdlib+ /platform:x64 /errorreport:prompt /warn:8 /define:TRACE;MICROSOFT_WINDOWSAPPSDK_BOOTSTRAP_AUTO_INITIALIZE;MICROSOFT_WINDOWSAPPSDK_AUTOINITIALIZE_BOOTSTRAP;DEBUG;NET;NET8_0;NETCOREAPP;WINDOWS;WINDOWS10_0_19041_0;NET5_0_OR_GREATER;NET6_0_OR_GREATER;NET7_0_OR_GREATER;NET8_0_OR_GREATER;NETCOREAPP1_0_OR_GREATER;NETCOREAPP1_1_OR_GREATER;NETCOREAPP2_0_OR_GREATER;NETCOREAPP2_1_OR_GREATER;NETCOREAPP2_2_OR_GREATER;NETCOREAPP3_0_OR_GREATER;NETCOREAPP3_1_OR_GREATER;WINDOWS10_0_19041_0_OR_GREATER;WINDOWS10_0_18362_0_OR_GREATER;WINDOWS10_0_17763_0_OR_GREATER;WINDOWS8_0_OR_GREATER;WINDOWS7_0_OR_GREATER /highentropyva+ /nullable:enable /reference:C:\Users\Sergio\.nuget\packages\communitytoolkit.mvvm\8.4.0\lib\net8.0-windows10.0.17763\CommunityToolkit.Mvvm.dll /reference:"C:\Program Files\dotnet\packs\Microsoft.NETCore.App.Ref\8.0.19\ref\net8.0\Microsoft.CSharp.dll" /reference:C:\Users\Sergio\.nuget\packages\microsoft.windowsappsdk.ai\1.8.47\lib\net6.0-windows10.0.17763.0\Microsoft.Graphics.Imaging.Projection.dll /reference:C:\Users\Sergio\.nuget\packages\microsoft.windowsappsdk.interactiveexperiences\1.8.260125001\lib\net6.0-windows10.0.18362.0\Microsoft.InteractiveExperiences.Projection.dll /reference:C:\Users\Sergio\.nuget\packages\microsoft.windowsappsdk.ml\1.8.2124\lib\net8.0-windows10.0.17763.0\Microsoft.ML.OnnxRuntime.dll /reference:C:\Users\Sergio\.nuget\packages\microsoft.windowsappsdk.foundation\1.8.260203002\lib\net6.0-windows10.0.17763.0\Microsoft.Security.Authentication.OAuth.Projection.dll /reference:"C:\Program Files\dotnet\packs\Microsoft.NETCore.App.Ref\8.0.19\ref\net8.0\Microsoft.VisualBasic.Core.dll" /reference:"C:\Program Files\dotnet\packs\Microsoft.NETCore.App.Ref\8.0.19\ref\net8.0\Microsoft.VisualBasic.dll" /reference:C:\Users\Sergio\.nuget\packages\microsoft.web.webview2\1.0.3800.47\lib_manual\net8.0-windows10.0.17763.0\Microsoft.Web.WebView2.Core.Projection.dll /reference:"C:\Program Files\dotnet\packs\Microsoft.NETCore.App.Ref\8.0.19\ref\net8.0\Microsoft.Win32.Primitives.dll" /reference:"C:\Program Files\dotnet\packs\Microsoft.NETCore.App.Ref\8.0.19\ref\net8.0\Microsoft.Win32.Registry.dll" /reference:C:\Users\Sergio\.nuget\packages\microsoft.win32.systemevents\10.0.3\lib\net8.0\Microsoft.Win32.SystemEvents.dll /reference:C:\Users\Sergio\.nuget\packages\microsoft.windowsappsdk.ai\1.8.47\lib\net6.0-windows10.0.17763.0\Microsoft.Windows.AI.ContentSafety.Projection.dll /reference:C:\Users\Sergio\.nuget\packages\microsoft.windowsappsdk.ai\1.8.47\lib\net6.0-windows10.0.17763.0\Microsoft.Windows.AI.Foundation.Projection.dll /reference:C:\Users\Sergio\.nuget\packages\microsoft.windowsappsdk.ai\1.8.47\lib\net6.0-windows10.0.17763.0\Microsoft.Windows.AI.Imaging.Projection.dll /reference:C:\Users\Sergio\.nuget\packages\microsoft.windowsappsdk.ml\1.8.2124\lib\net8.0-windows10.0.17763.0\Microsoft.Windows.AI.MachineLearning.Projection.dll /reference:C:\Users\Sergio\.nuget\packages\microsoft.windowsappsdk.ai\1.8.47\lib\net6.0-windows10.0.17763.0\Microsoft.Windows.AI.Projection.dll /reference:C:\Users\Sergio\.nuget\packages\microsoft.windowsappsdk.ai\1.8.47\lib\net6.0-windows10.0.17763.0\Microsoft.Windows.AI.Text.Projection.dll /reference:C:\Users\Sergio\.nuget\packages\microsoft.windowsappsdk.foundation\1.8.260203002\lib\net6.0-windows10.0.17763.0\Microsoft.Windows.ApplicationModel.Background.Projection.dll /reference:C:\Users\Sergio\.nuget\packages\microsoft.windowsappsdk.foundation\1.8.260203002\lib\net6.0-windows10.0.17763.0\Microsoft.Windows.ApplicationModel.DynamicDependency.Projection.dll /reference:C:\Users\Sergio\.nuget\packages\microsoft.windowsappsdk.foundation\1.8.260203002\lib\net6.0-windows10.0.17763.0\Microsoft.Windows.ApplicationModel.Resources.Projection.dll /reference:C:\Users\Sergio\.nuget\packages\microsoft.windowsappsdk.foundation\1.8.260203002\lib\net6.0-windows10.0.17763.0\Microsoft.Windows.ApplicationModel.WindowsAppRuntime.Projection.dll /reference:C:\Users\Sergio\.nuget\packages\microsoft.windowsappsdk.foundation\1.8.260203002\lib\net6.0-windows10.0.17763.0\Microsoft.Windows.AppLifecycle.Projection.dll /reference:C:\Users\Sergio\.nuget\packages\microsoft.windowsappsdk.foundation\1.8.260203002\lib\net6.0-windows10.0.17763.0\Microsoft.Windows.AppNotifications.Builder.Projection.dll /reference:C:\Users\Sergio\.nuget\packages\microsoft.windowsappsdk.foundation\1.8.260203002\lib\net6.0-windows10.0.17763.0\Microsoft.Windows.AppNotifications.Projection.dll /reference:C:\Users\Sergio\.nuget\packages\microsoft.windowsappsdk.foundation\1.8.260203002\lib\net6.0-windows10.0.17763.0\Microsoft.Windows.BadgeNotifications.Projection.dll /reference:C:\Users\Sergio\.nuget\packages\microsoft.windowsappsdk.foundation\1.8.260203002\lib\net6.0-windows10.0.17763.0\Microsoft.Windows.Foundation.Projection.dll /reference:C:\Users\Sergio\.nuget\packages\microsoft.windowsappsdk.foundation\1.8.260203002\lib\net6.0-windows10.0.17763.0\Microsoft.Windows.Management.Deployment.Projection.dll /reference:C:\Users\Sergio\.nuget\packages\microsoft.windowsappsdk.foundation\1.8.260203002\lib\net6.0-windows10.0.17763.0\Microsoft.Windows.Media.Capture.Projection.dll /reference:C:\Users\Sergio\.nuget\packages\microsoft.windowsappsdk.foundation\1.8.260203002\lib\net6.0-windows10.0.17763.0\Microsoft.Windows.PushNotifications.Projection.dll /reference:C:\Users\Sergio\.nuget\packages\microsoft.windows.sdk.net.ref\10.0.19041.38\lib\net6.0\Microsoft.Windows.SDK.NET.dll /reference:C:\Users\Sergio\.nuget\packages\microsoft.windowsappsdk.foundation\1.8.260203002\lib\net6.0-windows10.0.17763.0\Microsoft.Windows.Security.AccessControl.Projection.dll /reference:C:\Users\Sergio\.nuget\packages\microsoft.windowsappsdk.foundation\1.8.260203002\lib\net6.0-windows10.0.17763.0\Microsoft.Windows.Storage.Pickers.Projection.dll /reference:C:\Users\Sergio\.nuget\packages\microsoft.windowsappsdk.foundation\1.8.260203002\lib\net6.0-windows10.0.17763.0\Microsoft.Windows.Storage.Projection.dll /reference:C:\Users\Sergio\.nuget\packages\microsoft.windowsappsdk.foundation\1.8.260203002\lib\net6.0-windows10.0.17763.0\Microsoft.Windows.System.Power.Projection.dll /reference:C:\Users\Sergio\.nuget\packages\microsoft.windowsappsdk.foundation\1.8.260203002\lib\net6.0-windows10.0.17763.0\Microsoft.Windows.System.Projection.dll /reference:C:\Users\Sergio\.nuget\packages\microsoft.windowsappsdk.widgets\1.8.251231004\lib\net6.0-windows10.0.17763.0\Microsoft.Windows.Widgets.Projection.dll /reference:C:\Users\Sergio\.nuget\packages\microsoft.windowsappsdk.foundation\1.8.260203002\lib\net6.0-windows10.0.17763.0\Microsoft.WindowsAppRuntime.Bootstrap.Net.dll /reference:C:\Users\Sergio\.nuget\packages\microsoft.windowsappsdk.winui\1.8.260204000\lib\net6.0-windows10.0.17763.0\Microsoft.WinUI.dll /reference:"C:\Program Files\dotnet\packs\Microsoft.NETCore.App.Ref\8.0.19\ref\net8.0\mscorlib.dll" /reference:"C:\Program Files\dotnet\packs\Microsoft.NETCore.App.Ref\8.0.19\ref\net8.0\netstandard.dll" /reference:"C:\Program Files\dotnet\packs\Microsoft.NETCore.App.Ref\8.0.19\ref\net8.0\System.AppContext.dll" /reference:"C:\Program Files\dotnet\packs\Microsoft.NETCore.App.Ref\8.0.19\ref\net8.0\System.Buffers.dll" /reference:"C:\Program Files\dotnet\packs\Microsoft.NETCore.App.Ref\8.0.19\ref\net8.0\System.Collections.Concurrent.dll" /reference:"C:\Program Files\dotnet\packs\Microsoft.NETCore.App.Ref\8.0.19\ref\net8.0\System.Collections.dll" /reference:"C:\Program Files\dotnet\packs\Microsoft.NETCore.App.Ref\8.0.19\ref\net8.0\System.Collections.Immutable.dll" /reference:"C:\Program Files\dotnet\packs\Microsoft.NETCore.App.Ref\8.0.19\ref\net8.0\System.Collections.NonGeneric.dll" /reference:"C:\Program Files\dotnet\packs\Microsoft.NETCore.App.Ref\8.0.19\ref\net8.0\System.Collections.Specialized.dll" /reference:"C:\Program Files\dotnet\packs\Microsoft.NETCore.App.Ref\8.0.19\ref\net8.0\System.ComponentModel.Annotations.dll" /reference:"C:\Program Files\dotnet\packs\Microsoft.NETCore.App.Ref\8.0.19\ref\net8.0\System.ComponentModel.DataAnnotations.dll" /reference:"C:\Program Files\dotnet\packs\Microsoft.NETCore.App.Ref\8.0.19\ref\net8.0\System.ComponentModel.dll" /reference:"C:\Program Files\dotnet\packs\Microsoft.NETCore.App.Ref\8.0.19\ref\net8.0\System.ComponentModel.EventBasedAsync.dll" /reference:"C:\Program Files\dotnet\packs\Microsoft.NETCore.App.Ref\8.0.19\ref\net8.0\System.ComponentModel.Primitives.dll" /reference:"C:\Program Files\dotnet\packs\Microsoft.NETCore.App.Ref\8.0.19\ref\net8.0\System.ComponentModel.TypeConverter.dll" /reference:"C:\Program Files\dotnet\packs\Microsoft.NETCore.App.Ref\8.0.19\ref\net8.0\System.Configuration.dll" /reference:"C:\Program Files\dotnet\packs\Microsoft.NETCore.App.Ref\8.0.19\ref\net8.0\System.Console.dll" /reference:"C:\Program Files\dotnet\packs\Microsoft.NETCore.App.Ref\8.0.19\ref\net8.0\System.Core.dll" /reference:"C:\Program Files\dotnet\packs\Microsoft.NETCore.App.Ref\8.0.19\ref\net8.0\System.Data.Common.dll" /reference:"C:\Program Files\dotnet\packs\Microsoft.NETCore.App.Ref\8.0.19\ref\net8.0\System.Data.DataSetExtensions.dll" /reference:"C:\Program Files\dotnet\packs\Microsoft.NETCore.App.Ref\8.0.19\ref\net8.0\System.Data.dll" /reference:"C:\Program Files\dotnet\packs\Microsoft.NETCore.App.Ref\8.0.19\ref\net8.0\System.Diagnostics.Contracts.dll" /reference:"C:\Program Files\dotnet\packs\Microsoft.NETCore.App.Ref\8.0.19\ref\net8.0\System.Diagnostics.Debug.dll" /reference:"C:\Program Files\dotnet\packs\Microsoft.NETCore.App.Ref\8.0.19\ref\net8.0\System.Diagnostics.DiagnosticSource.dll" /reference:"C:\Program Files\dotnet\packs\Microsoft.NETCore.App.Ref\8.0.19\ref\net8.0\System.Diagnostics.FileVersionInfo.dll" /reference:"C:\Program Files\dotnet\packs\Microsoft.NETCore.App.Ref\8.0.19\ref\net8.0\System.Diagnostics.Process.dll" /reference:"C:\Program Files\dotnet\packs\Microsoft.NETCore.App.Ref\8.0.19\ref\net8.0\System.Diagnostics.StackTrace.dll" /reference:"C:\Program Files\dotnet\packs\Microsoft.NETCore.App.Ref\8.0.19\ref\net8.0\System.Diagnostics.TextWriterTraceListener.dll" /reference:"C:\Program Files\dotnet\packs\Microsoft.NETCore.App.Ref\8.0.19\ref\net8.0\System.Diagnostics.Tools.dll" /reference:"C:\Program Files\dotnet\packs\Microsoft.NETCore.App.Ref\8.0.19\ref\net8.0\System.Diagnostics.TraceSource.dll" /reference:"C:\Program Files\dotnet\packs\Microsoft.NETCore.App.Ref\8.0.19\ref\net8.0\System.Diagnostics.Tracing.dll" /reference:"C:\Program Files\dotnet\packs\Microsoft.NETCore.App.Ref\8.0.19\ref\net8.0\System.dll" /reference:C:\Users\Sergio\.nuget\packages\system.drawing.common\10.0.3\lib\net8.0\System.Drawing.Common.dll /reference:"C:\Program Files\dotnet\packs\Microsoft.NETCore.App.Ref\8.0.19\ref\net8.0\System.Drawing.dll" /reference:"C:\Program Files\dotnet\packs\Microsoft.NETCore.App.Ref\8.0.19\ref\net8.0\System.Drawing.Primitives.dll" /reference:"C:\Program Files\dotnet\packs\Microsoft.NETCore.App.Ref\8.0.19\ref\net8.0\System.Dynamic.Runtime.dll" /reference:"C:\Program Files\dotnet\packs\Microsoft.NETCore.App.Ref\8.0.19\ref\net8.0\System.Formats.Asn1.dll" /reference:"C:\Program Files\dotnet\packs\Microsoft.NETCore.App.Ref\8.0.19\ref\net8.0\System.Formats.Tar.dll" /reference:"C:\Program Files\dotnet\packs\Microsoft.NETCore.App.Ref\8.0.19\ref\net8.0\System.Globalization.Calendars.dll" /reference:"C:\Program Files\dotnet\packs\Microsoft.NETCore.App.Ref\8.0.19\ref\net8.0\System.Globalization.dll" /reference:"C:\Program Files\dotnet\packs\Microsoft.NETCore.App.Ref\8.0.19\ref\net8.0\System.Globalization.Extensions.dll" /reference:"C:\Program Files\dotnet\packs\Microsoft.NETCore.App.Ref\8.0.19\ref\net8.0\System.IO.Compression.Brotli.dll" /reference:"C:\Program Files\dotnet\packs\Microsoft.NETCore.App.Ref\8.0.19\ref\net8.0\System.IO.Compression.dll" /reference:"C:\Program Files\dotnet\packs\Microsoft.NETCore.App.Ref\8.0.19\ref\net8.0\System.IO.Compression.FileSystem.dll" /reference:"C:\Program Files\dotnet\packs\Microsoft.NETCore.App.Ref\8.0.19\ref\net8.0\System.IO.Compression.ZipFile.dll" /reference:"C:\Program Files\dotnet\packs\Microsoft.NETCore.App.Ref\8.0.19\ref\net8.0\System.IO.dll" /reference:"C:\Program Files\dotnet\packs\Microsoft.NETCore.App.Ref\8.0.19\ref\net8.0\System.IO.FileSystem.AccessControl.dll" /reference:"C:\Program Files\dotnet\packs\Microsoft.NETCore.App.Ref\8.0.19\ref\net8.0\System.IO.FileSystem.dll" /reference:"C:\Program Files\dotnet\packs\Microsoft.NETCore.App.Ref\8.0.19\ref\net8.0\System.IO.FileSystem.DriveInfo.dll" /reference:"C:\Program Files\dotnet\packs\Microsoft.NETCore.App.Ref\8.0.19\ref\net8.0\System.IO.FileSystem.Primitives.dll" /reference:"C:\Program Files\dotnet\packs\Microsoft.NETCore.App.Ref\8.0.19\ref\net8.0\System.IO.FileSystem.Watcher.dll" /reference:"C:\Program Files\dotnet\packs\Microsoft.NETCore.App.Ref\8.0.19\ref\net8.0\System.IO.IsolatedStorage.dll" /reference:"C:\Program Files\dotnet\packs\Microsoft.NETCore.App.Ref\8.0.19\ref\net8.0\System.IO.MemoryMappedFiles.dll" /reference:C:\Users\Sergio\.nuget\packages\system.io.pipelines\9.0.13\lib\net8.0\System.IO.Pipelines.dll /reference:"C:\Program Files\dotnet\packs\Microsoft.NETCore.App.Ref\8.0.19\ref\net8.0\System.IO.Pipes.AccessControl.dll" /reference:"C:\Program Files\dotnet\packs\Microsoft.NETCore.App.Ref\8.0.19\ref\net8.0\System.IO.Pipes.dll" /reference:"C:\Program Files\dotnet\packs\Microsoft.NETCore.App.Ref\8.0.19\ref\net8.0\System.IO.UnmanagedMemoryStream.dll" /reference:"C:\Program Files\dotnet\packs\Microsoft.NETCore.App.Ref\8.0.19\ref\net8.0\System.Linq.dll" /reference:"C:\Program Files\dotnet\packs\Microsoft.NETCore.App.Ref\8.0.19\ref\net8.0\System.Linq.Expressions.dll" /reference:"C:\Program Files\dotnet\packs\Microsoft.NETCore.App.Ref\8.0.19\ref\net8.0\System.Linq.Parallel.dll" /reference:"C:\Program Files\dotnet\packs\Microsoft.NETCore.App.Ref\8.0.19\ref\net8.0\System.Linq.Queryable.dll" /reference:"C:\Program Files\dotnet\packs\Microsoft.NETCore.App.Ref\8.0.19\ref\net8.0\System.Memory.dll" /reference:"C:\Program Files\dotnet\packs\Microsoft.NETCore.App.Ref\8.0.19\ref\net8.0\System.Net.dll" /reference:"C:\Program Files\dotnet\packs\Microsoft.NETCore.App.Ref\8.0.19\ref\net8.0\System.Net.Http.dll" /reference:"C:\Program Files\dotnet\packs\Microsoft.NETCore.App.Ref\8.0.19\ref\net8.0\System.Net.Http.Json.dll" /reference:"C:\Program Files\dotnet\packs\Microsoft.NETCore.App.Ref\8.0.19\ref\net8.0\System.Net.HttpListener.dll" /reference:"C:\Program Files\dotnet\packs\Microsoft.NETCore.App.Ref\8.0.19\ref\net8.0\System.Net.Mail.dll" /reference:"C:\Program Files\dotnet\packs\Microsoft.NETCore.App.Ref\8.0.19\ref\net8.0\System.Net.NameResolution.dll" /reference:"C:\Program Files\dotnet\packs\Microsoft.NETCore.App.Ref\8.0.19\ref\net8.0\System.Net.NetworkInformation.dll" /reference:"C:\Program Files\dotnet\packs\Microsoft.NETCore.App.Ref\8.0.19\ref\net8.0\System.Net.Ping.dll" /reference:"C:\Program Files\dotnet\packs\Microsoft.NETCore.App.Ref\8.0.19\ref\net8.0\System.Net.Primitives.dll" /reference:"C:\Program Files\dotnet\packs\Microsoft.NETCore.App.Ref\8.0.19\ref\net8.0\System.Net.Quic.dll" /reference:"C:\Program Files\dotnet\packs\Microsoft.NETCore.App.Ref\8.0.19\ref\net8.0\System.Net.Requests.dll" /reference:"C:\Program Files\dotnet\packs\Microsoft.NETCore.App.Ref\8.0.19\ref\net8.0\System.Net.Security.dll" /reference:"C:\Program Files\dotnet\packs\Microsoft.NETCore.App.Ref\8.0.19\ref\net8.0\System.Net.ServicePoint.dll" /reference:"C:\Program Files\dotnet\packs\Microsoft.NETCore.App.Ref\8.0.19\ref\net8.0\System.Net.Sockets.dll" /reference:"C:\Program Files\dotnet\packs\Microsoft.NETCore.App.Ref\8.0.19\ref\net8.0\System.Net.WebClient.dll" /reference:"C:\Program Files\dotnet\packs\Microsoft.NETCore.App.Ref\8.0.19\ref\net8.0\System.Net.WebHeaderCollection.dll" /reference:"C:\Program Files\dotnet\packs\Microsoft.NETCore.App.Ref\8.0.19\ref\net8.0\System.Net.WebProxy.dll" /reference:"C:\Program Files\dotnet\packs\Microsoft.NETCore.App.Ref\8.0.19\ref\net8.0\System.Net.WebSockets.Client.dll" /reference:"C:\Program Files\dotnet\packs\Microsoft.NETCore.App.Ref\8.0.19\ref\net8.0\System.Net.WebSockets.dll" /reference:"C:\Program Files\dotnet\packs\Microsoft.NETCore.App.Ref\8.0.19\ref\net8.0\System.Numerics.dll" /reference:C:\Users\Sergio\.nuget\packages\system.numerics.tensors\9.0.0\lib\net8.0\System.Numerics.Tensors.dll /reference:"C:\Program Files\dotnet\packs\Microsoft.NETCore.App.Ref\8.0.19\ref\net8.0\System.Numerics.Vectors.dll" /reference:"C:\Program Files\dotnet\packs\Microsoft.NETCore.App.Ref\8.0.19\ref\net8.0\System.ObjectModel.dll" /reference:C:\Users\Sergio\.nuget\packages\system.drawing.common\10.0.3\lib\net8.0\System.Private.Windows.Core.dll /reference:C:\Users\Sergio\.nuget\packages\system.drawing.common\10.0.3\lib\net8.0\System.Private.Windows.GdiPlus.dll /reference:"C:\Program Files\dotnet\packs\Microsoft.NETCore.App.Ref\8.0.19\ref\net8.0\System.Reflection.DispatchProxy.dll" /reference:"C:\Program Files\dotnet\packs\Microsoft.NETCore.App.Ref\8.0.19\ref\net8.0\System.Reflection.dll" /reference:"C:\Program Files\dotnet\packs\Microsoft.NETCore.App.Ref\8.0.19\ref\net8.0\System.Reflection.Emit.dll" /reference:"C:\Program Files\dotnet\packs\Microsoft.NETCore.App.Ref\8.0.19\ref\net8.0\System.Reflection.Emit.ILGeneration.dll" /reference:"C:\Program Files\dotnet\packs\Microsoft.NETCore.App.Ref\8.0.19\ref\net8.0\System.Reflection.Emit.Lightweight.dll" /reference:"C:\Program Files\dotnet\packs\Microsoft.NETCore.App.Ref\8.0.19\ref\net8.0\System.Reflection.Extensions.dll" /reference:"C:\Program Files\dotnet\packs\Microsoft.NETCore.App.Ref\8.0.19\ref\net8.0\System.Reflection.Metadata.dll" /reference:"C:\Program Files\dotnet\packs\Microsoft.NETCore.App.Ref\8.0.19\ref\net8.0\System.Reflection.Primitives.dll" /reference:"C:\Program Files\dotnet\packs\Microsoft.NETCore.App.Ref\8.0.19\ref\net8.0\System.Reflection.TypeExtensions.dll" /reference:"C:\Program Files\dotnet\packs\Microsoft.NETCore.App.Ref\8.0.19\ref\net8.0\System.Resources.Reader.dll" /reference:"C:\Program Files\dotnet\packs\Microsoft.NETCore.App.Ref\8.0.19\ref\net8.0\System.Resources.ResourceManager.dll" /reference:"C:\Program Files\dotnet\packs\Microsoft.NETCore.App.Ref\8.0.19\ref\net8.0\System.Resources.Writer.dll" /reference:"C:\Program Files\dotnet\packs\Microsoft.NETCore.App.Ref\8.0.19\ref\net8.0\System.Runtime.CompilerServices.Unsafe.dll" /reference:"C:\Program Files\dotnet\packs\Microsoft.NETCore.App.Ref\8.0.19\ref\net8.0\System.Runtime.CompilerServices.VisualC.dll" /reference:"C:\Program Files\dotnet\packs\Microsoft.NETCore.App.Ref\8.0.19\ref\net8.0\System.Runtime.dll" /reference:"C:\Program Files\dotnet\packs\Microsoft.NETCore.App.Ref\8.0.19\ref\net8.0\System.Runtime.Extensions.dll" /reference:"C:\Program Files\dotnet\packs\Microsoft.NETCore.App.Ref\8.0.19\ref\net8.0\System.Runtime.Handles.dll" /reference:"C:\Program Files\dotnet\packs\Microsoft.NETCore.App.Ref\8.0.19\ref\net8.0\System.Runtime.InteropServices.dll" /reference:"C:\Program Files\dotnet\packs\Microsoft.NETCore.App.Ref\8.0.19\ref\net8.0\System.Runtime.InteropServices.JavaScript.dll" /reference:"C:\Program Files\dotnet\packs\Microsoft.NETCore.App.Ref\8.0.19\ref\net8.0\System.Runtime.InteropServices.RuntimeInformation.dll" /reference:"C:\Program Files\dotnet\packs\Microsoft.NETCore.App.Ref\8.0.19\ref\net8.0\System.Runtime.Intrinsics.dll" /reference:"C:\Program Files\dotnet\packs\Microsoft.NETCore.App.Ref\8.0.19\ref\net8.0\System.Runtime.Loader.dll" /reference:"C:\Program Files\dotnet\packs\Microsoft.NETCore.App.Ref\8.0.19\ref\net8.0\System.Runtime.Numerics.dll" /reference:"C:\Program Files\dotnet\packs\Microsoft.NETCore.App.Ref\8.0.19\ref\net8.0\System.Runtime.Serialization.dll" /reference:"C:\Program Files\dotnet\packs\Microsoft.NETCore.App.Ref\8.0.19\ref\net8.0\System.Runtime.Serialization.Formatters.dll" /reference:"C:\Program Files\dotnet\packs\Microsoft.NETCore.App.Ref\8.0.19\ref\net8.0\System.Runtime.Serialization.Json.dll" /reference:"C:\Program Files\dotnet\packs\Microsoft.NETCore.App.Ref\8.0.19\ref\net8.0\System.Runtime.Serialization.Primitives.dll" /reference:"C:\Program Files\dotnet\packs\Microsoft.NETCore.App.Ref\8.0.19\ref\net8.0\System.Runtime.Serialization.Xml.dll" /reference:"C:\Program Files\dotnet\packs\Microsoft.NETCore.App.Ref\8.0.19\ref\net8.0\System.Security.AccessControl.dll" /reference:"C:\Program Files\dotnet\packs\Microsoft.NETCore.App.Ref\8.0.19\ref\net8.0\System.Security.Claims.dll" /reference:"C:\Program Files\dotnet\packs\Microsoft.NETCore.App.Ref\8.0.19\ref\net8.0\System.Security.Cryptography.Algorithms.dll" /reference:"C:\Program Files\dotnet\packs\Microsoft.NETCore.App.Ref\8.0.19\ref\net8.0\System.Security.Cryptography.Cng.dll" /reference:"C:\Program Files\dotnet\packs\Microsoft.NETCore.App.Ref\8.0.19\ref\net8.0\System.Security.Cryptography.Csp.dll" /reference:"C:\Program Files\dotnet\packs\Microsoft.NETCore.App.Ref\8.0.19\ref\net8.0\System.Security.Cryptography.dll" /reference:"C:\Program Files\dotnet\packs\Microsoft.NETCore.App.Ref\8.0.19\ref\net8.0\System.Security.Cryptography.Encoding.dll" /reference:"C:\Program Files\dotnet\packs\Microsoft.NETCore.App.Ref\8.0.19\ref\net8.0\System.Security.Cryptography.OpenSsl.dll" /reference:"C:\Program Files\dotnet\packs\Microsoft.NETCore.App.Ref\8.0.19\ref\net8.0\System.Security.Cryptography.Primitives.dll" /reference:"C:\Program Files\dotnet\packs\Microsoft.NETCore.App.Ref\8.0.19\ref\net8.0\System.Security.Cryptography.X509Certificates.dll" /reference:"C:\Program Files\dotnet\packs\Microsoft.NETCore.App.Ref\8.0.19\ref\net8.0\System.Security.dll" /reference:"C:\Program Files\dotnet\packs\Microsoft.NETCore.App.Ref\8.0.19\ref\net8.0\System.Security.Principal.dll" /reference:"C:\Program Files\dotnet\packs\Microsoft.NETCore.App.Ref\8.0.19\ref\net8.0\System.Security.Principal.Windows.dll" /reference:"C:\Program Files\dotnet\packs\Microsoft.NETCore.App.Ref\8.0.19\ref\net8.0\System.Security.SecureString.dll" /reference:"C:\Program Files\dotnet\packs\Microsoft.NETCore.App.Ref\8.0.19\ref\net8.0\System.ServiceModel.Web.dll" /reference:"C:\Program Files\dotnet\packs\Microsoft.NETCore.App.Ref\8.0.19\ref\net8.0\System.ServiceProcess.dll" /reference:"C:\Program Files\dotnet\packs\Microsoft.NETCore.App.Ref\8.0.19\ref\net8.0\System.Text.Encoding.CodePages.dll" /reference:"C:\Program Files\dotnet\packs\Microsoft.NETCore.App.Ref\8.0.19\ref\net8.0\System.Text.Encoding.dll" /reference:"C:\Program Files\dotnet\packs\Microsoft.NETCore.App.Ref\8.0.19\ref\net8.0\System.Text.Encoding.Extensions.dll" /reference:C:\Users\Sergio\.nuget\packages\system.text.encodings.web\9.0.13\lib\net8.0\System.Text.Encodings.Web.dll /reference:C:\Users\Sergio\.nuget\packages\system.text.json\9.0.13\lib\net8.0\System.Text.Json.dll /reference:"C:\Program Files\dotnet\packs\Microsoft.NETCore.App.Ref\8.0.19\ref\net8.0\System.Text.RegularExpressions.dll" /reference:"C:\Program Files\dotnet\packs\Microsoft.NETCore.App.Ref\8.0.19\ref\net8.0\System.Threading.Channels.dll" /reference:"C:\Program Files\dotnet\packs\Microsoft.NETCore.App.Ref\8.0.19\ref\net8.0\System.Threading.dll" /reference:"C:\Program Files\dotnet\packs\Microsoft.NETCore.App.Ref\8.0.19\ref\net8.0\System.Threading.Overlapped.dll" /reference:"C:\Program Files\dotnet\packs\Microsoft.NETCore.App.Ref\8.0.19\ref\net8.0\System.Threading.Tasks.Dataflow.dll" /reference:"C:\Program Files\dotnet\packs\Microsoft.NETCore.App.Ref\8.0.19\ref\net8.0\System.Threading.Tasks.dll" /reference:"C:\Program Files\dotnet\packs\Microsoft.NETCore.App.Ref\8.0.19\ref\net8.0\System.Threading.Tasks.Extensions.dll" /reference:"C:\Program Files\dotnet\packs\Microsoft.NETCore.App.Ref\8.0.19\ref\net8.0\System.Threading.Tasks.Parallel.dll" /reference:"C:\Program Files\dotnet\packs\Microsoft.NETCore.App.Ref\8.0.19\ref\net8.0\System.Threading.Thread.dll" /reference:"C:\Program Files\dotnet\packs\Microsoft.NETCore.App.Ref\8.0.19\ref\net8.0\System.Threading.ThreadPool.dll" /reference:"C:\Program Files\dotnet\packs\Microsoft.NETCore.App.Ref\8.0.19\ref\net8.0\System.Threading.Timer.dll" /reference:"C:\Program Files\dotnet\packs\Microsoft.NETCore.App.Ref\8.0.19\ref\net8.0\System.Transactions.dll" /reference:"C:\Program Files\dotnet\packs\Microsoft.NETCore.App.Ref\8.0.19\ref\net8.0\System.Transactions.Local.dll" /reference:"C:\Program Files\dotnet\packs\Microsoft.NETCore.App.Ref\8.0.19\ref\net8.0\System.ValueTuple.dll" /reference:"C:\Program Files\dotnet\packs\Microsoft.NETCore.App.Ref\8.0.19\ref\net8.0\System.Web.dll" /reference:"C:\Program Files\dotnet\packs\Microsoft.NETCore.App.Ref\8.0.19\ref\net8.0\System.Web.HttpUtility.dll" /reference:"C:\Program Files\dotnet\packs\Microsoft.NETCore.App.Ref\8.0.19\ref\net8.0\System.Windows.dll" /reference:"C:\Program Files\dotnet\packs\Microsoft.NETCore.App.Ref\8.0.19\ref\net8.0\System.Xml.dll" /reference:"C:\Program Files\dotnet\packs\Microsoft.NETCore.App.Ref\8.0.19\ref\net8.0\System.Xml.Linq.dll" /reference:"C:\Program Files\dotnet\packs\Microsoft.NETCore.App.Ref\8.0.19\ref\net8.0\System.Xml.ReaderWriter.dll" /reference:"C:\Program Files\dotnet\packs\Microsoft.NETCore.App.Ref\8.0.19\ref\net8.0\System.Xml.Serialization.dll" /reference:"C:\Program Files\dotnet\packs\Microsoft.NETCore.App.Ref\8.0.19\ref\net8.0\System.Xml.XDocument.dll" /reference:"C:\Program Files\dotnet\packs\Microsoft.NETCore.App.Ref\8.0.19\ref\net8.0\System.Xml.XmlDocument.dll" /reference:"C:\Program Files\dotnet\packs\Microsoft.NETCore.App.Ref\8.0.19\ref\net8.0\System.Xml.XmlSerializer.dll" /reference:"C:\Program Files\dotnet\packs\Microsoft.NETCore.App.Ref\8.0.19\ref\net8.0\System.Xml.XPath.dll" /reference:"C:\Program Files\dotnet\packs\Microsoft.NETCore.App.Ref\8.0.19\ref\net8.0\System.Xml.XPath.XDocument.dll" /reference:"C:\Program Files\dotnet\packs\Microsoft.NETCore.App.Ref\8.0.19\ref\net8.0\WindowsBase.dll" /reference:C:\Users\Sergio\.nuget\packages\microsoft.windows.sdk.net.ref\10.0.19041.38\lib\net6.0\WinRT.Runtime.dll /debug+ /debug:portable /filealign:512 /optimize- /out:obj\x64\Debug\net8.0-windows10.0.19041.0\win-x64\intermediatexaml\BetterWinTab.dll /subsystemversion:6.00 /target:winexe /warnaserror- /utf8output /langversion:latest /skipanalyzers+ /analyzerconfig:obj\x64\Debug\net8.0-windows10.0.19041.0\win-x64\BetterWinTab.GeneratedMSBuildEditorConfig.editorconfig /analyzer:"C:\Program Files\dotnet\sdk\8.0.413\Sdks\Microsoft.NET.Sdk\targets\..\analyzers\Microsoft.CodeAnalysis.CSharp.NetAnalyzers.dll" /analyzer:"C:\Program Files\dotnet\sdk\8.0.413\Sdks\Microsoft.NET.Sdk\targets\..\analyzers\Microsoft.CodeAnalysis.NetAnalyzers.dll" /analyzer:C:\Users\Sergio\.nuget\packages\communitytoolkit.mvvm\8.4.0\analyzers\dotnet\roslyn4.3\cs\CommunityToolkit.Mvvm.CodeFixers.dll /analyzer:C:\Users\Sergio\.nuget\packages\communitytoolkit.mvvm\8.4.0\analyzers\dotnet\roslyn4.3\cs\CommunityToolkit.Mvvm.SourceGenerators.dll /analyzer:C:\Users\Sergio\.nuget\packages\system.text.json\9.0.13\analyzers\dotnet\roslyn4.4\cs\System.Text.Json.SourceGeneration.dll /analyzer:"C:\Program Files\dotnet\packs\Microsoft.NETCore.App.Ref\8.0.19\analyzers/dotnet/cs/Microsoft.Interop.ComInterfaceGenerator.dll" /analyzer:"C:\Program Files\dotnet\packs\Microsoft.NETCore.App.Ref\8.0.19\analyzers/dotnet/cs/Microsoft.Interop.JavaScript.JSImportGenerator.dll" /analyzer:"C:\Program Files\dotnet\packs\Microsoft.NETCore.App.Ref\8.0.19\analyzers/dotnet/cs/Microsoft.Interop.LibraryImportGenerator.dll" /analyzer:"C:\Program Files\dotnet\packs\Microsoft.NETCore.App.Ref\8.0.19\analyzers/dotnet/cs/Microsoft.Interop.SourceGeneration.dll" /analyzer:"C:\Program Files\dotnet\packs\Microsoft.NETCore.App.Ref\8.0.19\analyzers/dotnet/cs/System.Text.RegularExpressions.Generator.dll" /analyzer:C:\Users\Sergio\.nuget\packages\microsoft.windows.sdk.net.ref\10.0.19041.38\analyzers/dotnet/cs/WinRT.SourceGenerator.dll App.xaml.cs Converters\BoolToVisibilityConverter.cs Converters\HexColorToBrushConverter.cs Converters\HexColorToColorConverter.cs Converters\StringToVisibilityConverter.cs Imports.cs Interop\NativeMethods.cs Models\AppSettings.cs Models\LaunchItem.cs Models\ThemePreset.cs Models\WindowFolder.cs Models\WindowInfo.cs Services\FolderService.cs Services\FuzzyMatcher.cs Services\HotkeyService.cs Services\LaunchService.cs Services\SettingsService.cs Services\ThumbnailService.cs Services\VirtualDesktopService.cs Services\WindowEnumerationService.cs ViewModels\BaseViewModel.cs ViewModels\FolderItemViewModel.cs ViewModels\LaunchItemViewModel.cs ViewModels\MainViewModel.cs ViewModels\WindowItemViewModel.cs Views\MainPage.xaml.cs C:\Users\Sergio\.nuget\packages\microsoft.windowsappsdk.foundation\1.8.260203002\buildTransitive\..\include\MddBootstrapAutoInitializer.cs C:\Users\Sergio\.nuget\packages\microsoft.windowsappsdk.runtime\1.8.260209005\buildTransitive\..\include\WindowsAppSDK-VersionInfo.cs obj\x64\Debug\net8.0-windows10.0.19041.0\win-x64\BetterWinTab.GlobalUsings.g.cs C:\Users\Sergio\Desktop\Proyectos\BetterWinTab\obj\x64\Debug\net8.0-windows10.0.19041.0\win-x64\App.g.i.cs C:\Users\Sergio\Desktop\Proyectos\BetterWinTab\obj\x64\Debug\net8.0-windows10.0.19041.0\win-x64\App.g.cs C:\Users\Sergio\Desktop\Proyectos\BetterWinTab\obj\x64\Debug\net8.0-windows10.0.19041.0\win-x64\Views\MainPage.g.i.cs C:\Users\Sergio\Desktop\Proyectos\BetterWinTab\obj\x64\Debug\net8.0-windows10.0.19041.0\win-x64\Views\MainPage.g.cs C:\Users\Sergio\Desktop\Proyectos\BetterWinTab\obj\x64\Debug\net8.0-windows10.0.19041.0\win-x64\XamlTypeInfo.g.cs /warnaserror+:NU1605,SYSLIB0011
         Ensamblado cargado durante TaskRun (Microsoft.CodeAnalysis.BuildTasks.Csc): System.IO.Pipes, Version=8.0.0.0, Culture=neutral, PublicKeyToken=b03f5f7f11d50a3a(ubicación: C:\Program Files\dotnet\shared\Microsoft.NETCore.App\8.0.19\System.IO.Pipes.dll, MVID: 9923abd8-9ea4-429b-b32a-02df169bf61f, AssemblyLoadContext: Default)
         Ensamblado cargado durante TaskRun (Microsoft.CodeAnalysis.BuildTasks.Csc): System.Threading.Overlapped, Version=8.0.0.0, Culture=neutral, PublicKeyToken=b03f5f7f11d50a3a(ubicación: C:\Program Files\dotnet\shared\Microsoft.NETCore.App\8.0.19\System.Threading.Overlapped.dll, MVID: db0a4c71-8968-4ff6-84a6-e616f10af571, AssemblyLoadContext: Default)
         Ensamblado cargado durante TaskRun (Microsoft.CodeAnalysis.BuildTasks.Csc): System.Security.AccessControl, Version=8.0.0.0, Culture=neutral, PublicKeyToken=b03f5f7f11d50a3a(ubicación: C:\Program Files\dotnet\shared\Microsoft.NETCore.App\8.0.19\System.Security.AccessControl.dll, MVID: 9511af43-0706-4c9c-bc13-6ba8a707c997, AssemblyLoadContext: Default)
         Compilador de Microsoft (R) Visual C# versión 4.11.0-3.24554.2 (bc1c3011)
         Copyright (C) Microsoft Corporation. Todos los derechos reservados.
         CompilerServer: server - server processed compilation - Unnamed compilation 394d8baa-50d3-4cd4-86ad-e3b325dc73c5
       Ejecución de la tarea "Csc" terminada.
   2:6>Compilación terminada del destino "XamlPreCompile" en el proyecto "BetterWinTab.csproj".
       Se omitió el destino "GetVCInstallPath". Compilado previamente de forma correcta.
       Se omitió el destino "GetXamlCppIncludeDirectories" debido a una condición falsa (False); ('$(ManagedAssembly)'=='false' and '$(XamlCppIncludeDirectories)' == '') se evaluó como (''=='false' and '' == '').
       Se omitió el destino "GetPriIndexName". Compilado previamente de forma correcta.
       Se omitió el destino "GetPrecompiledHeaderFile". Compilado previamente de forma correcta.
   2:6>Destino "MarkupCompilePass2" en el archivo "C:\Users\Sergio\.nuget\packages\microsoft.windowsappsdk.winui\1.8.260204000\buildTransitive\Microsoft.UI.Xaml.Markup.Compiler.interop.targets" del proyecto "C:\Users\Sergio\Desktop\Proyectos\BetterWinTab\BetterWinTab.csproj" (el destino "PrepareResources" depende de él):
       Se omitió la tarea "CallTarget" debido a una condición falsa (False); ('$(IncludeSDKRedistOutputGroup)' == 'true') se evaluó como ('' == 'true').
       Se omitió la tarea "CompileXaml" debido a una condición falsa (False); ('$(UseXamlCompilerExecutable)' != 'true') se evaluó como ('true' != 'true').
       Tarea "InputSerializer"
       Ejecución de la tarea "InputSerializer" terminada.
       Tarea "Exec"
         "C:\Users\Sergio\.nuget\packages\microsoft.windowsappsdk.winui\1.8.260204000\buildTransitive\..\tools\net6.0\..\net472\XamlCompiler.exe" "obj\x64\Debug\net8.0-windows10.0.19041.0\win-x64\\input.json" "obj\x64\Debug\net8.0-windows10.0.19041.0\win-x64\\output.json"
   1:2>Ejecución de la tarea "MSBuild" terminada -- ERROR.
   1:2>Compilación terminada del destino "Build" en el proyecto "BetterWinTab.sln" -- ERROR.
   1:2>Compilación del proyecto terminada "C:\Users\Sergio\Desktop\Proyectos\BetterWinTab\BetterWinTab.sln" (destinos predeterminados) -- ERROR.
   2:6>C:\Users\Sergio\.nuget\packages\microsoft.windowsappsdk.winui\1.8.260204000\buildTransitive\Microsoft.UI.Xaml.Markup.Compiler.interop.targets(764,9): warning MSB5021: Finalizando el ejecutable de la tarea "cmd" y sus procesos secundarios porque se canceló la compilación. [C:\Users\Sergio\Desktop\Proyectos\BetterWinTab\BetterWinTab.csproj]
   2:6>Ejecución de la tarea "Exec" terminada -- ERROR.
   2:6>Compilación terminada del destino "MarkupCompilePass2" en el proyecto "BetterWinTab.csproj" -- ERROR.
   2:6>Compilación del proyecto terminada "C:\Users\Sergio\Desktop\Proyectos\BetterWinTab\BetterWinTab.csproj" (destinos predeterminados) -- ERROR.

ERROR al compilar.

       "C:\Users\Sergio\Desktop\Proyectos\BetterWinTab\BetterWinTab.sln" (destino predeterminado) (1:2) ->
       "C:\Users\Sergio\Desktop\Proyectos\BetterWinTab\BetterWinTab.csproj" (destino predeterminado) (2:6) ->
       (ResolveAssemblyReferences destino) -> 
         C:\Program Files\dotnet\sdk\8.0.413\Microsoft.Common.CurrentVersion.targets(2412,5): warning MSB3277: Se han encontrado conflictos entre distintas versiones de "System.Reflection.Metadata" que no se han podido resolver. [C:\Users\Sergio\Desktop\Proyectos\BetterWinTab\BetterWinTab.csproj]
       C:\Program Files\dotnet\sdk\8.0.413\Microsoft.Common.CurrentVersion.targets(2412,5): warning MSB3277: Existía un conflicto entre "System.Reflection.Metadata, Version=8.0.0.0, Culture=neutral, PublicKeyToken=b03f5f7f11d50a3a" y "System.Reflection.Metadata, Version=10.0.0.0, Culture=neutral, PublicKeyToken=b03f5f7f11d50a3a". [C:\Users\Sergio\Desktop\Proyectos\BetterWinTab\BetterWinTab.csproj]
       C:\Program Files\dotnet\sdk\8.0.413\Microsoft.Common.CurrentVersion.targets(2412,5): warning MSB3277:     Se eligió "System.Reflection.Metadata, Version=8.0.0.0, Culture=neutral, PublicKeyToken=b03f5f7f11d50a3a" porque era principal y "System.Reflection.Metadata, Version=10.0.0.0, Culture=neutral, PublicKeyToken=b03f5f7f11d50a3a" no lo era. [C:\Users\Sergio\Desktop\Proyectos\BetterWinTab\BetterWinTab.csproj]
       C:\Program Files\dotnet\sdk\8.0.413\Microsoft.Common.CurrentVersion.targets(2412,5): warning MSB3277:     Referencias que dependen de "System.Reflection.Metadata, Version=8.0.0.0, Culture=neutral, PublicKeyToken=b03f5f7f11d50a3a" [C:\Program Files\dotnet\packs\Microsoft.NETCore.App.Ref\8.0.19\ref\net8.0\System.Reflection.Metadata.dll]. [C:\Users\Sergio\Desktop\Proyectos\BetterWinTab\BetterWinTab.csproj]
       C:\Program Files\dotnet\sdk\8.0.413\Microsoft.Common.CurrentVersion.targets(2412,5): warning MSB3277:         C:\Program Files\dotnet\packs\Microsoft.NETCore.App.Ref\8.0.19\ref\net8.0\System.Reflection.Metadata.dll [C:\Users\Sergio\Desktop\Proyectos\BetterWinTab\BetterWinTab.csproj]
       C:\Program Files\dotnet\sdk\8.0.413\Microsoft.Common.CurrentVersion.targets(2412,5): warning MSB3277:           Atributos Include de elementos de archivo del proyecto que provocaron la referencia "C:\Program Files\dotnet\packs\Microsoft.NETCore.App.Ref\8.0.19\ref\net8.0\System.Reflection.Metadata.dll". [C:\Users\Sergio\Desktop\Proyectos\BetterWinTab\BetterWinTab.csproj]
       C:\Program Files\dotnet\sdk\8.0.413\Microsoft.Common.CurrentVersion.targets(2412,5): warning MSB3277:             C:\Program Files\dotnet\packs\Microsoft.NETCore.App.Ref\8.0.19\ref/net8.0/System.Reflection.Metadata.dll [C:\Users\Sergio\Desktop\Proyectos\BetterWinTab\BetterWinTab.csproj]
       C:\Program Files\dotnet\sdk\8.0.413\Microsoft.Common.CurrentVersion.targets(2412,5): warning MSB3277:     Referencias que dependen o se han unificado para "System.Reflection.Metadata, Version=10.0.0.0, Culture=neutral, PublicKeyToken=b03f5f7f11d50a3a" []. [C:\Users\Sergio\Desktop\Proyectos\BetterWinTab\BetterWinTab.csproj]
       C:\Program Files\dotnet\sdk\8.0.413\Microsoft.Common.CurrentVersion.targets(2412,5): warning MSB3277:         C:\Users\Sergio\.nuget\packages\system.drawing.common\10.0.3\lib\net8.0\System.Private.Windows.Core.dll [C:\Users\Sergio\Desktop\Proyectos\BetterWinTab\BetterWinTab.csproj]
       C:\Program Files\dotnet\sdk\8.0.413\Microsoft.Common.CurrentVersion.targets(2412,5): warning MSB3277:           Atributos Include de elementos de archivo del proyecto que provocaron la referencia "C:\Users\Sergio\.nuget\packages\system.drawing.common\10.0.3\lib\net8.0\System.Private.Windows.Core.dll". [C:\Users\Sergio\Desktop\Proyectos\BetterWinTab\BetterWinTab.csproj]
       C:\Program Files\dotnet\sdk\8.0.413\Microsoft.Common.CurrentVersion.targets(2412,5): warning MSB3277:             C:\Users\Sergio\.nuget\packages\system.drawing.common\10.0.3\lib\net8.0\System.Private.Windows.Core.dll [C:\Users\Sergio\Desktop\Proyectos\BetterWinTab\BetterWinTab.csproj]
       C:\Program Files\dotnet\sdk\8.0.413\Microsoft.Common.CurrentVersion.targets(2412,5): warning MSB3277:             C:\Users\Sergio\.nuget\packages\system.drawing.common\10.0.3\lib\net8.0\System.Drawing.Common.dll [C:\Users\Sergio\Desktop\Proyectos\BetterWinTab\BetterWinTab.csproj]
       C:\Program Files\dotnet\sdk\8.0.413\Microsoft.Common.CurrentVersion.targets(2412,5): warning MSB3277:             C:\Users\Sergio\.nuget\packages\system.drawing.common\10.0.3\lib\net8.0\System.Private.Windows.GdiPlus.dll [C:\Users\Sergio\Desktop\Proyectos\BetterWinTab\BetterWinTab.csproj]
         C:\Program Files\dotnet\sdk\8.0.413\Microsoft.Common.CurrentVersion.targets(2412,5): warning MSB3277: Se han encontrado conflictos entre distintas versiones de "System.Collections.Immutable" que no se han podido resolver. [C:\Users\Sergio\Desktop\Proyectos\BetterWinTab\BetterWinTab.csproj]
       C:\Program Files\dotnet\sdk\8.0.413\Microsoft.Common.CurrentVersion.targets(2412,5): warning MSB3277: Existía un conflicto entre "System.Collections.Immutable, Version=8.0.0.0, Culture=neutral, PublicKeyToken=b03f5f7f11d50a3a" y "System.Collections.Immutable, Version=10.0.0.0, Culture=neutral, PublicKeyToken=b03f5f7f11d50a3a". [C:\Users\Sergio\Desktop\Proyectos\BetterWinTab\BetterWinTab.csproj]
       C:\Program Files\dotnet\sdk\8.0.413\Microsoft.Common.CurrentVersion.targets(2412,5): warning MSB3277:     Se eligió "System.Collections.Immutable, Version=8.0.0.0, Culture=neutral, PublicKeyToken=b03f5f7f11d50a3a" porque era principal y "System.Collections.Immutable, Version=10.0.0.0, Culture=neutral, PublicKeyToken=b03f5f7f11d50a3a" no lo era. [C:\Users\Sergio\Desktop\Proyectos\BetterWinTab\BetterWinTab.csproj]
       C:\Program Files\dotnet\sdk\8.0.413\Microsoft.Common.CurrentVersion.targets(2412,5): warning MSB3277:     Referencias que dependen de "System.Collections.Immutable, Version=8.0.0.0, Culture=neutral, PublicKeyToken=b03f5f7f11d50a3a" [C:\Program Files\dotnet\packs\Microsoft.NETCore.App.Ref\8.0.19\ref\net8.0\System.Collections.Immutable.dll]. [C:\Users\Sergio\Desktop\Proyectos\BetterWinTab\BetterWinTab.csproj]
       C:\Program Files\dotnet\sdk\8.0.413\Microsoft.Common.CurrentVersion.targets(2412,5): warning MSB3277:         C:\Program Files\dotnet\packs\Microsoft.NETCore.App.Ref\8.0.19\ref\net8.0\System.Collections.Immutable.dll [C:\Users\Sergio\Desktop\Proyectos\BetterWinTab\BetterWinTab.csproj]
       C:\Program Files\dotnet\sdk\8.0.413\Microsoft.Common.CurrentVersion.targets(2412,5): warning MSB3277:           Atributos Include de elementos de archivo del proyecto que provocaron la referencia "C:\Program Files\dotnet\packs\Microsoft.NETCore.App.Ref\8.0.19\ref\net8.0\System.Collections.Immutable.dll". [C:\Users\Sergio\Desktop\Proyectos\BetterWinTab\BetterWinTab.csproj]
       C:\Program Files\dotnet\sdk\8.0.413\Microsoft.Common.CurrentVersion.targets(2412,5): warning MSB3277:             C:\Program Files\dotnet\packs\Microsoft.NETCore.App.Ref\8.0.19\ref/net8.0/System.Collections.Immutable.dll [C:\Users\Sergio\Desktop\Proyectos\BetterWinTab\BetterWinTab.csproj]
       C:\Program Files\dotnet\sdk\8.0.413\Microsoft.Common.CurrentVersion.targets(2412,5): warning MSB3277:     Referencias que dependen o se han unificado para "System.Collections.Immutable, Version=10.0.0.0, Culture=neutral, PublicKeyToken=b03f5f7f11d50a3a" []. [C:\Users\Sergio\Desktop\Proyectos\BetterWinTab\BetterWinTab.csproj]
       C:\Program Files\dotnet\sdk\8.0.413\Microsoft.Common.CurrentVersion.targets(2412,5): warning MSB3277:         C:\Users\Sergio\.nuget\packages\system.drawing.common\10.0.3\lib\net8.0\System.Private.Windows.Core.dll [C:\Users\Sergio\Desktop\Proyectos\BetterWinTab\BetterWinTab.csproj]
       C:\Program Files\dotnet\sdk\8.0.413\Microsoft.Common.CurrentVersion.targets(2412,5): warning MSB3277:           Atributos Include de elementos de archivo del proyecto que provocaron la referencia "C:\Users\Sergio\.nuget\packages\system.drawing.common\10.0.3\lib\net8.0\System.Private.Windows.Core.dll". [C:\Users\Sergio\Desktop\Proyectos\BetterWinTab\BetterWinTab.csproj]
       C:\Program Files\dotnet\sdk\8.0.413\Microsoft.Common.CurrentVersion.targets(2412,5): warning MSB3277:             C:\Users\Sergio\.nuget\packages\system.drawing.common\10.0.3\lib\net8.0\System.Private.Windows.Core.dll [C:\Users\Sergio\Desktop\Proyectos\BetterWinTab\BetterWinTab.csproj]
       C:\Program Files\dotnet\sdk\8.0.413\Microsoft.Common.CurrentVersion.targets(2412,5): warning MSB3277:             C:\Users\Sergio\.nuget\packages\system.drawing.common\10.0.3\lib\net8.0\System.Drawing.Common.dll [C:\Users\Sergio\Desktop\Proyectos\BetterWinTab\BetterWinTab.csproj]
       C:\Program Files\dotnet\sdk\8.0.413\Microsoft.Common.CurrentVersion.targets(2412,5): warning MSB3277:             C:\Users\Sergio\.nuget\packages\system.drawing.common\10.0.3\lib\net8.0\System.Private.Windows.GdiPlus.dll [C:\Users\Sergio\Desktop\Proyectos\BetterWinTab\BetterWinTab.csproj]


       "C:\Users\Sergio\Desktop\Proyectos\BetterWinTab\BetterWinTab.sln" (destino predeterminado) (1:2) ->
       "C:\Users\Sergio\Desktop\Proyectos\BetterWinTab\BetterWinTab.csproj" (destino predeterminado) (2:6) ->
       (MarkupCompilePass2 destino) -> 
         C:\Users\Sergio\.nuget\packages\microsoft.windowsappsdk.winui\1.8.260204000\buildTransitive\Microsoft.UI.Xaml.Markup.Compiler.interop.targets(764,9): warning MSB5021: Finalizando el ejecutable de la tarea "cmd" y sus procesos secundarios porque se canceló la compilación. [C:\Users\Sergio\Desktop\Proyectos\BetterWinTab\BetterWinTab.csproj]

    3 Advertencia(s)
    0 Errores

Tiempo transcurrido 00:00:12.63
